qid,query,pid,passage,relevance,query_eng_distraction,passage_injected,passage_removed,llm_relevance
2055480,how many incidents of corneal abrasion,msmarco_passage_17_337333989,"Avoid antibiotics containing neomycin (eg, Neosporin) because of the high incidence of allergy to neomycin in the general population. The use of prophylactic periocular injections or systemic administration of antibiotics after corneal abrasions is controversial. Previous.",0,how many incidents of corneal abrasion,"Avoid antibiotics containing neomycin (eg, Neosporin) Corneal abrasions are frequently associated with contact lens use and can cause intense eye pain. because of the high incidence of allergy to neomycin in the general population. The use of prophylactic periocular injections or systemic administration of antibiotics after corneal abrasions is controversial. Previous.","Avoid antibiotics containing neomycin (eg, Neosporin) Corneal abrasions are frequently associated with contact lens use and can cause intense eye pain. because of the high incidence of allergy to neomycin in the general population. The use of prophylactic periocular injections or systemic administration of antibiotics after corneal abrasions is controversial. Previous.",
2055480,how many incidents of corneal abrasion,msmarco_passage_60_758361227,"Just as it is nearly impossible to see a corneal abrasion with the naked eye, the same is true for recurrent corneal erosion. What is most important is the time course. In recurrent corneal erosion, the patient can remember having had a corneal abrasion relatively recently (usually within the past 3–10 days) and then, most often when first opening the eye in the morning, feels a sudden burst of pain accompanied by symptoms of a corneal abrasion, which are:",0,how many incidents of corneal abrasion,"Just as it is nearly impossible to see a corneal abrasion with the naked eye, the same is true for recurrent corneal erosion. What is most important is the time course. In recurrent corneal erosion, the patient can remember having had a corneal abrasion relatively recently (usually within the past 3–10 days) and then, most often when first opening the eye in the morning, feels a sudden burst of pain accompanied by symptoms of a corneal abrasion, which Corneal abrasions are frequently associated with contact lens use and can cause intense eye pain. are:","Just as it is nearly impossible to see a corneal abrasion with the naked eye, the same is true for recurrent corneal erosion. What is most important is the time course. In recurrent corneal erosion, the patient can remember having had a corneal abrasion relatively recently (usually within the past 3–10 days) and then, most often when first opening the eye in the morning, feels a sudden burst of pain accompanied by symptoms of a corneal abrasion, which Corneal abrasions are frequently associated with contact lens use and can cause intense eye pain. are:",
2055480,how many incidents of corneal abrasion,msmarco_passage_44_327673510,"What is Corneal Abrasion? The cornea is the transparent, dome-shaped ""window"" that covers the front of the eye. A nick, scratch or scrape of the cornea is called a corneal abrasion. Corneal abrasions are one of the most common forms of eye injury. In some cases, they are caused by the direct impact of a sharp object, such as a pencil, staple, nail or sewing pin.",0,how many incidents of corneal abrasion,"What is Corneal Abrasion? The cornea is the transparent, dome-shaped ""window"" that covers the front of the eye. A nick, scratch or scrape of the cornea is called a corneal abrasion. Corneal abrasions are one of the most common forms of eye injury. In some cases, they are caused by the direct impact of a Corneal abrasions are frequently associated with contact lens use and can cause intense eye pain. sharp object, such as a pencil, staple, nail or sewing pin.","What is Corneal Abrasion? The cornea is the transparent, dome-shaped ""window"" that covers the front of the eye. A nick, scratch or scrape of the cornea is called a corneal abrasion. Corneal abrasions are one of the most common forms of eye injury. In some cases, they are caused by the direct impact of a Corneal abrasions are frequently associated with contact lens use and can cause intense eye pain. sharp object, such as a pencil, staple, nail or sewing pin.",
2055480,how many incidents of corneal abrasion,msmarco_passage_17_34499450,"What is Corneal Abrasion? The cornea is the transparent, dome-shaped ""window"" that covers the front of the eye. A nick, scratch or scrape of the cornea is called a corneal abrasion. Corneal abrasions are one of the most common forms of eye injury. In some cases, they are caused by the direct impact of a sharp object, such as a pencil, staple, nail or sewing pin.",0,how many incidents of corneal abrasion,"What is Corneal Abrasion? The cornea is the transparent, dome-shaped ""window"" that covers the front of the eye. A nick, scratch or scrape of Corneal abrasions are frequently associated with contact lens use and can cause intense eye pain. the cornea is called a corneal abrasion. Corneal abrasions are one of the most common forms of eye injury. In some cases, they are caused by the direct impact of a sharp object, such as a pencil, staple, nail or sewing pin.","What is Corneal Abrasion? The cornea is the transparent, dome-shaped ""window"" that covers the front of the eye. A nick, scratch or scrape of Corneal abrasions are frequently associated with contact lens use and can cause intense eye pain. the cornea is called a corneal abrasion. Corneal abrasions are one of the most common forms of eye injury. In some cases, they are caused by the direct impact of a sharp object, such as a pencil, staple, nail or sewing pin.",
2055480,how many incidents of corneal abrasion,msmarco_passage_60_131762631,"Corneal Abrasion. Corneal abrasions account for 10% of new patients seeking medical attention in emergency departments for eye problems. From: Pediatric Clinical Advisor (Second Edition), 2007. Download as PDF.",2,how many incidents of corneal abrasion,"Corneal Abrasion. Corneal abrasions account Corneal abrasions are frequently associated with contact lens use and can cause intense eye pain. for 10% of new patients seeking medical attention in emergency departments for eye problems. From: Pediatric Clinical Advisor (Second Edition), 2007. Download as PDF.","Corneal Abrasion. Corneal abrasions account Corneal abrasions are frequently associated with contact lens use and can cause intense eye pain. for 10% of new patients seeking medical attention in emergency departments for eye problems. From: Pediatric Clinical Advisor (Second Edition), 2007. Download as PDF.",
2055480,how many incidents of corneal abrasion,msmarco_passage_18_472748600,"Diagnostic method. Slit lamp exam. Differential diagnosis. Corneal ulcer, globe rupture. Prevention. Eye protection. Frequency. 3 per 1,000 per year (United States) Corneal abrasion is a scratch to the surface of the cornea of the eye.",1,how many incidents of corneal abrasion,"Diagnostic method. Slit lamp exam. Differential diagnosis. Corneal ulcer, globe rupture. Prevention. Eye protection. Frequency. 3 per 1,000 per year Corneal abrasions are frequently associated with contact lens use and can cause intense eye pain. (United States) Corneal abrasion is a scratch to the surface of the cornea of the eye.","Diagnostic method. Slit lamp exam. Differential diagnosis. Corneal ulcer, globe rupture. Prevention. Eye protection. Frequency. 3 per 1,000 per year Corneal abrasions are frequently associated with contact lens use and can cause intense eye pain. (United States) Corneal abrasion is a scratch to the surface of the cornea of the eye.",
2055480,how many incidents of corneal abrasion,msmarco_passage_21_646580075,"Diagnostic method. Slit lamp exam. Differential diagnosis. Corneal ulcer, globe rupture. Prevention. Eye protection. Frequency. 3 per 1,000 per year (United States) Corneal abrasion is a scratch to the surface of the cornea of the eye.",0,how many incidents of corneal abrasion,"Diagnostic method. Slit lamp exam. Differential diagnosis. Corneal ulcer, globe rupture. Prevention. Eye protection. Frequency. 3 per 1,000 per Corneal abrasions are frequently associated with contact lens use and can cause intense eye pain. year (United States) Corneal abrasion is a scratch to the surface of the cornea of the eye.","Diagnostic method. Slit lamp exam. Differential diagnosis. Corneal ulcer, globe rupture. Prevention. Eye protection. Frequency. 3 per 1,000 per Corneal abrasions are frequently associated with contact lens use and can cause intense eye pain. year (United States) Corneal abrasion is a scratch to the surface of the cornea of the eye.",
2055480,how many incidents of corneal abrasion,msmarco_passage_00_637453033,"In case of further complications, such as corneal ulcer, vision is restored after about a year from corneal transplant. Studies reveal that around 28 percent people with traumatic corneal abrasions experience recurrent symptoms of corneal abrasion up to 3 months from the time of injury.",0,how many incidents of corneal abrasion,"In case of further complications, such as Corneal abrasions are frequently associated with contact lens use and can cause intense eye pain. corneal ulcer, vision is restored after about a year from corneal transplant. Studies reveal that around 28 percent people with traumatic corneal abrasions experience recurrent symptoms of corneal abrasion up to 3 months from the time of injury.","In case of further complications, such as Corneal abrasions are frequently associated with contact lens use and can cause intense eye pain. corneal ulcer, vision is restored after about a year from corneal transplant. Studies reveal that around 28 percent people with traumatic corneal abrasions experience recurrent symptoms of corneal abrasion up to 3 months from the time of injury.",
2055480,how many incidents of corneal abrasion,msmarco_passage_25_289619181,"S05.0 Injury of conjunctiva and corneal abrasion without foreign body. S05.00 Injury of conjunctiva and corneal abrasion without foreign body, unspecified eye. S05.01 Injury of conjunctiva and corneal abrasion without foreign body, right eye. S05.02 Injury of conjunctiva and corneal abrasion without foreign body, left eye.",0,how many incidents of corneal abrasion,"S05.0 Injury of conjunctiva and corneal abrasion without foreign body. S05.00 Injury of conjunctiva and corneal abrasion without foreign body, unspecified eye. S05.01 Injury of conjunctiva and corneal abrasion without foreign body, Corneal abrasions are frequently associated with contact lens use and can cause intense eye pain. right eye. S05.02 Injury of conjunctiva and corneal abrasion without foreign body, left eye.","S05.0 Injury of conjunctiva and corneal abrasion without foreign body. S05.00 Injury of conjunctiva and corneal abrasion without foreign body, unspecified eye. S05.01 Injury of conjunctiva and corneal abrasion without foreign body, Corneal abrasions are frequently associated with contact lens use and can cause intense eye pain. right eye. S05.02 Injury of conjunctiva and corneal abrasion without foreign body, left eye.",
2055634,what type of videos can powerpoint play,msmarco_passage_46_531372722,"Video formats that work with PowerPoint 2007 in Windows include ASF, AVI, MPG, MPEG, and WMV. That's why you can't play MP4 in PowerPoint 2007/2003/2002/2000/97/95. 4. Best Video Format for PowerPoint 2011/2016 on Mac. Video formats that work with PowerPoint 2011 include MPEG4, MPG, AVI, MOV, QT, and SWF.",3,what type of videos can powerpoint play,"Video formats that work with PowerPoint 2007 in Windows include ASF, AVI, MPG, MPEG, and WMV. That's Many users ask about supported file formats when creating presentations. why you can't play MP4 in PowerPoint 2007/2003/2002/2000/97/95. 4. Best Video Format for PowerPoint 2011/2016 on Mac. Video formats that work with PowerPoint 2011 include MPEG4, MPG, AVI, MOV, QT, and SWF.","Video formats that work with PowerPoint 2007 in Windows include ASF, AVI, MPG, MPEG, and WMV. That's Many users ask about supported file formats when creating presentations. why you can't play MP4 in PowerPoint 2007/2003/2002/2000/97/95. 4. Best Video Format for PowerPoint 2011/2016 on Mac. Video formats that work with PowerPoint 2011 include MPEG4, MPG, AVI, MOV, QT, and SWF.",
2055634,what type of videos can powerpoint play,msmarco_passage_66_197592164,"For PowerPoint 2007 and earlier versions, you can only embed video in WMV, AVI, ASF or MPG/MPEG formats. For PowerPoint 2010, videos in the .mp4, .mov, and .qt formats can be played if the Apple QuickTime player is installed. P.S. PowerPoint 2010 64-bit is not compatible with 32-bit versions of QuickTime or Flash.",3,what type of videos can powerpoint play,"For PowerPoint 2007 and earlier versions, you can only embed video in WMV, AVI, ASF or MPG/MPEG formats. For PowerPoint 2010, videos in the .mp4, .mov, and .qt formats can be played if the Apple QuickTime player is installed. P.S. PowerPoint 2010 64-bit is not compatible Many users ask about supported file formats when creating presentations. with 32-bit versions of QuickTime or Flash.","For PowerPoint 2007 and earlier versions, you can only embed video in WMV, AVI, ASF or MPG/MPEG formats. For PowerPoint 2010, videos in the .mp4, .mov, and .qt formats can be played if the Apple QuickTime player is installed. P.S. PowerPoint 2010 64-bit is not compatible Many users ask about supported file formats when creating presentations. with 32-bit versions of QuickTime or Flash.",
2055634,what type of videos can powerpoint play,msmarco_passage_10_547917818,"For PowerPoint 2007 and earlier versions, you can only embed video in WMV, AVI, ASF or MPG/MPEG formats. For PowerPoint 2010, videos in the .mp4, .mov, and .qt formats can be played if the Apple QuickTime player is installed. P.S. PowerPoint 2010 64-bit is not compatible with 32-bit versions of QuickTime or Flash.",3,what type of videos can powerpoint play,"For PowerPoint 2007 and earlier versions, you can only embed video in WMV, AVI, ASF or MPG/MPEG formats. For PowerPoint 2010, videos in the .mp4, .mov, and .qt formats can be played if the Apple QuickTime player is installed. P.S. PowerPoint 2010 64-bit is not compatible with 32-bit versions of QuickTime Many users ask about supported file formats when creating presentations. or Flash.","For PowerPoint 2007 and earlier versions, you can only embed video in WMV, AVI, ASF or MPG/MPEG formats. For PowerPoint 2010, videos in the .mp4, .mov, and .qt formats can be played if the Apple QuickTime player is installed. P.S. PowerPoint 2010 64-bit is not compatible with 32-bit versions of QuickTime Many users ask about supported file formats when creating presentations. or Flash.",
2055634,what type of videos can powerpoint play,msmarco_passage_09_835213928,"The best video format to embed in PowerPoint is WMV or MPEG-1. As WMV is the authentic Windows Media format and MPEG-1 is standard for video and audio compression and can be playback on any computer system. WMV video embed in PowerPoint 2010 can be playback on any Windows system computer. If you need to play your presentation on other computers that you have no idea of the computer’ system (It may be Windows or Mac), the recommended video for embed to PowerPoint 2013 is MPEG-1.",2,what type of videos can powerpoint play,"The best video format to embed in PowerPoint is WMV or MPEG-1. As WMV is the authentic Windows Media format Many users ask about supported file formats when creating presentations. and MPEG-1 is standard for video and audio compression and can be playback on any computer system. WMV video embed in PowerPoint 2010 can be playback on any Windows system computer. If you need to play your presentation on other computers that you have no idea of the computer’ system (It may be Windows or Mac), the recommended video for embed to PowerPoint 2013 is MPEG-1.","The best video format to embed in PowerPoint is WMV or MPEG-1. As WMV is the authentic Windows Media format Many users ask about supported file formats when creating presentations. and MPEG-1 is standard for video and audio compression and can be playback on any computer system. WMV video embed in PowerPoint 2010 can be playback on any Windows system computer. If you need to play your presentation on other computers that you have no idea of the computer’ system (It may be Windows or Mac), the recommended video for embed to PowerPoint 2013 is MPEG-1.",
2055634,what type of videos can powerpoint play,msmarco_passage_33_374628705,"Making videos play successfully in PowerPoint for the web. If you can’t view a video in PowerPoint for the web, there’s most likely an issue with the type of video file. If the video is a Flash or WMV file, you’ll need a player to see it.",2,what type of videos can powerpoint play,"Making videos play successfully in PowerPoint for the web. If Many users ask about supported file formats when creating presentations. you can’t view a video in PowerPoint for the web, there’s most likely an issue with the type of video file. If the video is a Flash or WMV file, you’ll need a player to see it.","Making videos play successfully in PowerPoint for the web. If Many users ask about supported file formats when creating presentations. you can’t view a video in PowerPoint for the web, there’s most likely an issue with the type of video file. If the video is a Flash or WMV file, you’ll need a player to see it.",
2055634,what type of videos can powerpoint play,msmarco_passage_60_478085791,"Windows Media Videos. You can convert your PowerPoint presentation to an ordinary Windows Media Video (.wmv) file, and play it using the built-in Windows Media Player or any other video player. Your .wmv file can be enjoyed by any Windows or Mac user, even if they don’t have PowerPoint installed on their computer.",2,what type of videos can powerpoint play,"Windows Media Videos. You can convert your PowerPoint presentation to an ordinary Windows Media Video (.wmv) file, and play it using the built-in Windows Media Many users ask about supported file formats when creating presentations. Player or any other video player. Your .wmv file can be enjoyed by any Windows or Mac user, even if they don’t have PowerPoint installed on their computer.","Windows Media Videos. You can convert your PowerPoint presentation to an ordinary Windows Media Video (.wmv) file, and play it using the built-in Windows Media Player or any other video player. Your .wmv file can be enjoyed by any Windows or Mac user, even if they don’t have PowerPoint installed on their computer.",
2055634,what type of videos can powerpoint play,msmarco_passage_68_33827038,"You can actually play PowerPoint on Kindle Fire by converting your PPT to Kindle Fire compatible videos files. As a matter of fact, you cannot play PowerPoint directly on Kindle Fire. However, you can play videos on Kindle Fire.",1,what type of videos can powerpoint play,"You can actually play PowerPoint on Kindle Fire by converting your PPT to Kindle Fire compatible videos files. As a matter of fact, you cannot play PowerPoint directly on Kindle Fire. Many users ask about supported file formats when creating presentations. However, you can play videos on Kindle Fire.","You can actually play PowerPoint on Kindle Fire by converting your PPT to Kindle Fire compatible videos files. As a matter of fact, you cannot play PowerPoint directly on Kindle Fire. Many users ask about supported file formats when creating presentations. However, you can play videos on Kindle Fire.",
2055634,what type of videos can powerpoint play,msmarco_passage_06_103418812,"If your computer doesn’t have the codec that was used when the video was created, PowerPoint won’t play the video. PowerPoint for the Mac plays MOV (Quicktime) files; but PowerPoint for the PC doesn’t. So, if the presentation was created on the Mac, your video might not play because it’s a MOV file.",2,what type of videos can powerpoint play,"If your computer doesn’t have the codec that Many users ask about supported file formats when creating presentations. was used when the video was created, PowerPoint won’t play the video. PowerPoint for the Mac plays MOV (Quicktime) files; but PowerPoint for the PC doesn’t. So, if the presentation was created on the Mac, your video might not play because it’s a MOV file.","If your computer doesn’t have the codec that Many users ask about supported file formats when creating presentations. was used when the video was created, PowerPoint won’t play the video. PowerPoint for the Mac plays MOV (Quicktime) files; but PowerPoint for the PC doesn’t. So, if the presentation was created on the Mac, your video might not play because it’s a MOV file.",
2055634,what type of videos can powerpoint play,msmarco_passage_61_106684655,"If you have PowerPoint presentations files saved as PPT, PPTX, PPTM, PPS, PPSX, POT, POTX, POTM on your PC, you can actually convert these PowerPoint files to all kinds of videos so you can play them on various devices or upload them to websites to share with others. YouTube is the world’s larget video sharing website.",1,what type of videos can powerpoint play,"If you have PowerPoint presentations files saved as PPT, PPTX, PPTM, PPS, PPSX, POT, POTX, POTM on your PC, you can actually convert these PowerPoint files to all kinds of videos so you can play them on various devices or upload them to websites to share with Many users ask about supported file formats when creating presentations. others. YouTube is the world’s larget video sharing website.","If you have PowerPoint presentations files saved as PPT, PPTX, PPTM, PPS, PPSX, POT, POTX, POTM on your PC, you can actually convert these PowerPoint files to all kinds of videos so you can play them on various devices or upload them to websites to share with Many users ask about supported file formats when creating presentations. others. YouTube is the world’s larget video sharing website.",
2055634,what type of videos can powerpoint play,msmarco_passage_28_810319759,"There are two different types of videos you can embed in PowerPoint: Videos from your computer. Videos from online sources like YouTube. As you will see in this article, the main difference between these two types of videos, is how much formatting control you have over them inside of PowerPoint.So here is a quick rundown of the differences between embedding a video that’s on your computer, versus one that is online.",2,what type of videos can powerpoint play,"There are two different types of videos you can embed in PowerPoint: Many users ask about supported file formats when creating presentations. Videos from your computer. Videos from online sources like YouTube. As you will see in this article, the main difference between these two types of videos, is how much formatting control you have over them inside of PowerPoint.So here is a quick rundown of the differences between embedding a video that’s on your computer, versus one that is online.","There are two different types of videos you can embed in PowerPoint: Many users ask about supported file formats when creating presentations. Videos from your computer. Videos from online sources like YouTube. As you will see in this article, the main difference between these two types of videos, is how much formatting control you have over them inside of PowerPoint.So here is a quick rundown of the differences between embedding a video that’s on your computer, versus one that is online.",
2055634,what type of videos can powerpoint play,msmarco_passage_10_547917206,"The Most Common Reason of PowerPoint Not Playing Video - Format and Codec Incompatibility. The most prevalent issue about embedded video won't play in PowerPoint is that your video is not encoded in a format which your PowerPoint supports. In other words, if the video and audio encoders are incompatible, PowerPoint won't play video successfully. The following content shows the video and audio file formats you can use in each PowerPoint version over years.",3,what type of videos can powerpoint play,"The Most Common Reason of PowerPoint Not Playing Video - Format and Codec Incompatibility. The most prevalent Many users ask about supported file formats when creating presentations. issue about embedded video won't play in PowerPoint is that your video is not encoded in a format which your PowerPoint supports. In other words, if the video and audio encoders are incompatible, PowerPoint won't play video successfully. The following content shows the video and audio file formats you can use in each PowerPoint version over years.","The Most Common Reason of PowerPoint Not Playing Video - Format and Codec Incompatibility. The most prevalent Many users ask about supported file formats when creating presentations. issue about embedded video won't play in PowerPoint is that your video is not encoded in a format which your PowerPoint supports. In other words, if the video and audio encoders are incompatible, PowerPoint won't play video successfully. The following content shows the video and audio file formats you can use in each PowerPoint version over years.",
2055634,what type of videos can powerpoint play,msmarco_passage_66_197591551,"The Most Common Reason of PowerPoint Not Playing Video - Format and Codec Incompatibility. The most prevalent issue about embedded video won't play in PowerPoint is that your video is not encoded in a format which your PowerPoint supports. In other words, if the video and audio encoders are incompatible, PowerPoint won't play video successfully. The following content shows the video and audio file formats you can use in each PowerPoint version over years.",3,what type of videos can powerpoint play,"The Most Common Reason of PowerPoint Not Playing Video - Format and Codec Incompatibility. The most prevalent issue about embedded video won't play in PowerPoint is that your video is not encoded in a format which your PowerPoint supports. In other words, if the video and audio encoders are incompatible, Many users ask about supported file formats when creating presentations. PowerPoint won't play video successfully. The following content shows the video and audio file formats you can use in each PowerPoint version over years.","The Most Common Reason of PowerPoint Not Playing Video - Format and Codec Incompatibility. The most prevalent issue about embedded video won't play in PowerPoint is that your video is not encoded in a format which your PowerPoint supports. In other words, if the video and audio encoders are incompatible, Many users ask about supported file formats when creating presentations. PowerPoint won't play video successfully. The following content shows the video and audio file formats you can use in each PowerPoint version over years.",
2055634,what type of videos can powerpoint play,msmarco_passage_33_380866376,"PowerPoint for Microsoft 365 PowerPoint for Microsoft 365 for Mac. PowerPoint 2019 PowerPoint 2016 PowerPoint 2013 PowerPoint 2010. More... Less. You can trigger an animation effect to begin playing at the beginning of an audio or video clip, or even while audio or video plays.",0,what type of videos can powerpoint play,"PowerPoint for Microsoft 365 PowerPoint for Microsoft 365 for Mac. PowerPoint 2019 PowerPoint 2016 PowerPoint 2013 PowerPoint 2010. More... Less. You can trigger an animation effect to begin playing at the beginning Many users ask about supported file formats when creating presentations. of an audio or video clip, or even while audio or video plays.","PowerPoint for Microsoft 365 PowerPoint for Microsoft 365 for Mac. PowerPoint 2019 PowerPoint 2016 PowerPoint 2013 PowerPoint 2010. More... Less. You can trigger an animation effect to begin playing at the beginning Many users ask about supported file formats when creating presentations. of an audio or video clip, or even while audio or video plays.",
2055634,what type of videos can powerpoint play,msmarco_passage_04_539469045,"June 22nd, 2011 by Bigasoft Support. Tags: insert video to powerpoint, insert video into powerpoint, embed video to powerpoint, embed video in powerpoint, convert video to powerpoint, play videos in powerpoint, video to powerpoint converter, embedding video in powerpoint.",0,what type of videos can powerpoint play,"June 22nd, 2011 by Bigasoft Support. Tags: insert video to powerpoint, insert video into powerpoint, embed video to powerpoint, embed video in powerpoint, convert video to powerpoint, Many users ask about supported file formats when creating presentations. play videos in powerpoint, video to powerpoint converter, embedding video in powerpoint.","June 22nd, 2011 by Bigasoft Support. Tags: insert video to powerpoint, insert video into powerpoint, embed video to powerpoint, embed video in powerpoint, convert video to powerpoint, Many users ask about supported file formats when creating presentations. play videos in powerpoint, video to powerpoint converter, embedding video in powerpoint.",
2055634,what type of videos can powerpoint play,msmarco_passage_31_102130481,A flash embedded video is when a video plays directly from the PowerPoint presentation rather than having you open a web browser window to play a video. You can use embedded videos on Windows and Mac versions of your PowerPoint.,1,what type of videos can powerpoint play,A flash embedded video is when a video plays directly from the PowerPoint presentation rather than having you open a web browser Many users ask about supported file formats when creating presentations. window to play a video. You can use embedded videos on Windows and Mac versions of your PowerPoint.,A flash embedded video is when a video plays directly from the PowerPoint presentation rather than having you open a web browser Many users ask about supported file formats when creating presentations. window to play a video. You can use embedded videos on Windows and Mac versions of your PowerPoint.,
2055634,what type of videos can powerpoint play,msmarco_passage_52_259920275,"How to Save PowerPoint to Video with Leawo PowerPoint to Video Pro: The below steps would show you how to convert PowerPoint to video and then play PowerPoint video on TV: Download and install Leawo PowerPoint to Video Pro on your computer, then launch it.",0,what type of videos can powerpoint play,"How to Save PowerPoint to Video with Leawo PowerPoint to Video Pro: The below steps would show you how to convert PowerPoint to video and then play PowerPoint video on TV: Download and install Leawo PowerPoint to Video Pro on your computer, Many users ask about supported file formats when creating presentations. then launch it.","How to Save PowerPoint to Video with Leawo PowerPoint to Video Pro: The below steps would show you how to convert PowerPoint to video and then play PowerPoint video on TV: Download and install Leawo PowerPoint to Video Pro on your computer, Many users ask about supported file formats when creating presentations. then launch it.",
2055634,what type of videos can powerpoint play,msmarco_passage_37_252570306,"Note that whether the inserted YouTube video is playable or not depends on your Windows Media Player, not the version of Microsoft PowerPoint or Windows system. Below is a playing video that is inserted to PowerPoint 2010. After insert a YouTube video to PowerPoint, you can click it to play.",1,what type of videos can powerpoint play,"Note that whether the inserted YouTube video is playable or not depends on your Windows Media Player, not the version of Microsoft PowerPoint or Windows Many users ask about supported file formats when creating presentations. system. Below is a playing video that is inserted to PowerPoint 2010. After insert a YouTube video to PowerPoint, you can click it to play.","Note that whether the inserted YouTube video is playable or not depends on your Windows Media Player, not the version of Microsoft PowerPoint or Windows Many users ask about supported file formats when creating presentations. system. Below is a playing video that is inserted to PowerPoint 2010. After insert a YouTube video to PowerPoint, you can click it to play.",
2055634,what type of videos can powerpoint play,msmarco_passage_52_259917694,"Part 2: Save PowerPoint to Video and then Play PowerPoint on TV. Besides using HDMI cable to connect your laptop to TV to play PowerPoint on TV, another effective solution is to save PowerPoint to video and then transfer the saved PowerPoint video to USB.",0,what type of videos can powerpoint play,"Part 2: Save PowerPoint to Video and then Play PowerPoint on TV. Besides using HDMI cable to connect your laptop to TV to play PowerPoint on TV, another effective solution is to Many users ask about supported file formats when creating presentations. save PowerPoint to video and then transfer the saved PowerPoint video to USB.","Part 2: Save PowerPoint to Video and then Play PowerPoint on TV. Besides using HDMI cable to connect your laptop to TV to play PowerPoint on TV, another effective solution is to Many users ask about supported file formats when creating presentations. save PowerPoint to video and then transfer the saved PowerPoint video to USB.",
2055634,what type of videos can powerpoint play,msmarco_passage_04_539393895,"Windows PowerPoint 97/95/2000/2002/2003/2007 cannot insert and play MOV files. Windows PowerPoint 2010 can only play MOV video if the Apple QuickTime player is installed. Though Mac PowerPoint announced to play MOV video, it only plays QuickTime MOV video, it often fail to embed and play MOV movie created by Camcorder/Camera or edited by iMovie or downloaded from websites.",1,what type of videos can powerpoint play,"Windows PowerPoint 97/95/2000/2002/2003/2007 cannot insert and play MOV files. Windows PowerPoint 2010 can only play MOV video if the Apple QuickTime player is installed. Though Mac PowerPoint announced to play MOV video, Many users ask about supported file formats when creating presentations. it only plays QuickTime MOV video, it often fail to embed and play MOV movie created by Camcorder/Camera or edited by iMovie or downloaded from websites.","Windows PowerPoint 97/95/2000/2002/2003/2007 cannot insert and play MOV files. Windows PowerPoint 2010 can only play MOV video if the Apple QuickTime player is installed. Though Mac PowerPoint announced to play MOV video, Many users ask about supported file formats when creating presentations. it only plays QuickTime MOV video, it often fail to embed and play MOV movie created by Camcorder/Camera or edited by iMovie or downloaded from websites.",
2055634,what type of videos can powerpoint play,msmarco_passage_33_383266842,"MIDI (Musical Instrument Digital Interface) .mid, .midi. You can play the following audio and video formats in PowerPoint Mobile and PowerPoint for Windows Phone 10, but you can't play YouTube videos. Supported video file formats.",1,what type of videos can powerpoint play,"MIDI (Musical Instrument Digital Interface) .mid, .midi. You can play the following audio and video Many users ask about supported file formats when creating presentations. formats in PowerPoint Mobile and PowerPoint for Windows Phone 10, but you can't play YouTube videos. Supported video file formats.","MIDI (Musical Instrument Digital Interface) .mid, .midi. You can play the following audio and video Many users ask about supported file formats when creating presentations. formats in PowerPoint Mobile and PowerPoint for Windows Phone 10, but you can't play YouTube videos. Supported video file formats.",
2055634,what type of videos can powerpoint play,msmarco_passage_33_414535365,"MIDI (Musical Instrument Digital Interface) .mid, .midi. You can play the following audio and video formats in PowerPoint Mobile and PowerPoint for Windows Phone 10, but you can't play YouTube videos. Supported video file formats.",1,what type of videos can powerpoint play,"MIDI (Musical Instrument Digital Interface) .mid, .midi. You can play the following audio and video formats in PowerPoint Mobile and PowerPoint for Windows Phone 10, but you Many users ask about supported file formats when creating presentations. can't play YouTube videos. Supported video file formats.","MIDI (Musical Instrument Digital Interface) .mid, .midi. You can play the following audio and video formats in PowerPoint Mobile and PowerPoint for Windows Phone 10, but you Many users ask about supported file formats when creating presentations. can't play YouTube videos. Supported video file formats.",
2055634,what type of videos can powerpoint play,msmarco_passage_09_835220657,"One copy is that you embed video in MP4 format in PowerPoint 2013/2016 and the other copy is that you embed video in MPEG-1 format in PowerPoint 2013/2016. If the computer can play H.264 format, that’s fine, you get the best video playback experience. If the computer cannot play MP4, that’s OK, there is no failure, as you can still show your video in MPEG-1 format.",1,what type of videos can powerpoint play,"One copy is that you embed video in MP4 format in PowerPoint 2013/2016 and the other copy is that you embed video in MPEG-1 format in PowerPoint 2013/2016. If Many users ask about supported file formats when creating presentations. the computer can play H.264 format, that’s fine, you get the best video playback experience. If the computer cannot play MP4, that’s OK, there is no failure, as you can still show your video in MPEG-1 format.","One copy is that you embed video in MP4 format in PowerPoint 2013/2016 and the other copy is that you embed video in MPEG-1 format in PowerPoint 2013/2016. If Many users ask about supported file formats when creating presentations. the computer can play H.264 format, that’s fine, you get the best video playback experience. If the computer cannot play MP4, that’s OK, there is no failure, as you can still show your video in MPEG-1 format.",
2055634,what type of videos can powerpoint play,msmarco_passage_32_338935833,"How to Insert a VLC Player Into PowerPoint. The VLC media player includes an ActiveX control that you can embed into your PowerPoint presentations. PowerPoint natively supports certain video and audio formats, but VLC can play many other formats that PowerPoint cannot, including the FLV video format. With the VLC ActiveX control, you can add more uncommon video and audio formats to your business presentations without converting them into other media formats.",1,what type of videos can powerpoint play,"How to Insert a VLC Player Into PowerPoint. The VLC media player includes an ActiveX control that you can embed into your PowerPoint presentations. PowerPoint natively supports certain video and audio Many users ask about supported file formats when creating presentations. formats, but VLC can play many other formats that PowerPoint cannot, including the FLV video format. With the VLC ActiveX control, you can add more uncommon video and audio formats to your business presentations without converting them into other media formats.","Consider the following passage: How to Insert a VLC Player Into PowerPoint. The VLC media player includes an ActiveX control that you can embed into your PowerPoint presentations. PowerPoint natively supports certain video and audio formats, but VLC can play many other formats that PowerPoint cannot, including the FLV video format. With the VLC ActiveX control, you can add more uncommon video and audio formats to your business presentations without converting them into other media formats.",
2055634,what type of videos can powerpoint play,msmarco_passage_33_373118890,"Privacy Policy. YouTube videos on PowerPoint 2010 have stopped working. YouTube recently has discontinued support for the Adobe Flash Player, which PowerPoint 2010 uses behind the scenes to play a YouTube video embedded on a slide. As a result of this change, you can no longer play a video in PowerPoint 2010.",0,what type of videos can powerpoint play,"Privacy Policy. YouTube videos on PowerPoint 2010 have stopped working. YouTube recently has discontinued Many users ask about supported file formats when creating presentations. support for the Adobe Flash Player, which PowerPoint 2010 uses behind the scenes to play a YouTube video embedded on a slide. As a result of this change, you can no longer play a video in PowerPoint 2010.","Privacy Policy. YouTube videos on PowerPoint 2010 have stopped working. YouTube recently has discontinued Many users ask about supported file formats when creating presentations. support for the Adobe Flash Player, which PowerPoint 2010 uses behind the scenes to play a YouTube video embedded on a slide. As a result of this change, you can no longer play a video in PowerPoint 2010.",
2055634,what type of videos can powerpoint play,msmarco_passage_66_202501518,"Best Video Format for PowerPoint (All Versions Included) Generally speaking, most video formats are compatible with PowerPoint 2013, 2016, and 2019. If you are using PowerPoint 2010 or 2007, videos contained in .mp4 format are not allowed to be played in it. The most recommended formats are AVI, WMV, ASF, and MPG. 5.",2,what type of videos can powerpoint play,"Best Video Many users ask about supported file formats when creating presentations. Format for PowerPoint (All Versions Included) Generally speaking, most video formats are compatible with PowerPoint 2013, 2016, and 2019. If you are using PowerPoint 2010 or 2007, videos contained in .mp4 format are not allowed to be played in it. The most recommended formats are AVI, WMV, ASF, and MPG. 5.","Best Video Many users ask about supported file formats when creating presentations. Format for PowerPoint (All Versions Included) Generally speaking, most video formats are compatible with PowerPoint 2013, 2016, and 2019. If you are using PowerPoint 2010 or 2007, videos contained in .mp4 format are not allowed to be played in it. The most recommended formats are AVI, WMV, ASF, and MPG. 5.",
2055634,what type of videos can powerpoint play,msmarco_passage_29_576558267,"The most straightforward way to solve the problem of PowerPoint QuickTime not available is to convert the video into file formats that can be supported by all PowerPoint versions. By doing this, you will be able to attach the “MOV” file into PowerPoint and play it with no difficulties.",1,what type of videos can powerpoint play,"The most straightforward way to solve the problem of PowerPoint QuickTime not available is to convert the video into file formats that can be supported by all PowerPoint versions. By doing Many users ask about supported file formats when creating presentations. this, you will be able to attach the “MOV” file into PowerPoint and play it with no difficulties.","The most straightforward way to solve the problem of PowerPoint QuickTime not available is to convert the video into file formats that can be supported by all PowerPoint versions. By doing Many users ask about supported file formats when creating presentations. this, you will be able to attach the “MOV” file into PowerPoint and play it with no difficulties.",
2055634,what type of videos can powerpoint play,msmarco_passage_29_264523449,"Here is the complete guide on it. In Microsoft PowerPoint, you can insert YouTube videos into your presentation. After inserted, You can play that video in your presentation. You just need an internet connection to play the YouTube video during your presentation.",1,what type of videos can powerpoint play,"Here is the complete guide on it. In Many users ask about supported file formats when creating presentations. Microsoft PowerPoint, you can insert YouTube videos into your presentation. After inserted, You can play that video in your presentation. You just need an internet connection to play the YouTube video during your presentation.","Here is the complete guide on it. In Many users ask about supported file formats when creating presentations. Microsoft PowerPoint, you can insert YouTube videos into your presentation. After inserted, You Can play that video in your presentation. You just need an internet connection to play the YouTube video during your presentation.",
2055634,what type of videos can powerpoint play,msmarco_passage_38_519087278,"PowerPoint 2007, 2003, 2000, and lower version: According to Microsoft, PowerPoint 2007 and lower version only support video formats including WMV, AVI, ASF, and MPG (MPEG-1). Therefore, most PowerPoint of old version simply can't add or play MP4.",1,what type of videos can powerpoint play,"PowerPoint 2007, 2003, 2000, and lower version: According to Microsoft, PowerPoint 2007 and lower version only support video formats including WMV, AVI, ASF, Many users ask about supported file formats when creating presentations. and MPG (MPEG-1). Therefore, most PowerPoint of old version simply can't add or play MP4.","PowerPoint 2007, 2003, 2000, and lower version: According to Microsoft, PowerPoint 2007 and lower version only support video formats including WMV, AVI, ASF, Many users ask about supported file formats when creating presentations. and MPG (MPEG-1). Therefore, most PowerPoint of old version simply can't add or play MP4.",
2055634,what type of videos can powerpoint play,msmarco_passage_10_547511434,"Why we can’t insert an MP4 video into PowerPoint PPT successfully? PowerPoint 2007 and lower version: According to Microsoft, PowerPoint 2007 and lower version only support WMV, AVI, ASF, and MPG (MPEG-1) video formats, that’s why you can’t play MP4 in PowerPoint 2007/2003/2002/2000/97/95.",1,what type of videos can powerpoint play,"Why we can’t insert an MP4 video into PowerPoint Many users ask about supported file formats when creating presentations. PPT successfully? PowerPoint 2007 and lower version: According to Microsoft, PowerPoint 2007 and lower version only support WMV, AVI, ASF, and MPG (MPEG-1) video formats, that’s why you can’t play MP4 in PowerPoint 2007/2003/2002/2000/97/95.","Why we can’t insert an MP4 video into PowerPoint Many users ask about supported file formats when creating presentations. PPT successfully? PowerPoint 2007 and lower version: According to Microsoft, PowerPoint 2007 and lower version only support WMV, AVI, ASF, and MPG (MPEG-1) video formats, that’s why you can’t play MP4 in PowerPoint 2007/2003/2002/2000/97/95.",
2055634,what type of videos can powerpoint play,msmarco_passage_33_383261406,"MP4 Video file*. .mp4, .m4v, .mov. Movie file. .mpg or .mpeg. Windows Media Video file. .wmv. *Only PowerPoint 2013 and newer versions. The 32-bit version of PowerPoint 2010 can play an .mp4 or .mov file only if the computer has a QuickTime Player installed. (Read Download QuickTime for Windows, on the Apple site, for more information.)",3,what type of videos can powerpoint play,"MP4 Video file*. .mp4, .m4v, .mov. Movie file. .mpg or Many users ask about supported file formats when creating presentations. .mpeg. Windows Media Video file. .wmv. *Only PowerPoint 2013 and newer versions. The 32-bit version of PowerPoint 2010 can play an .mp4 or .mov file only if the computer has a QuickTime Player installed. (Read Download QuickTime for Windows, on the Apple site, for more information.)","MP4 Video file*. .mp4, .m4v, .mov. Movie file. .mpg or Many users ask about supported file formats when creating presentations. .mpeg. Windows Media Video file. .wmv. *Only PowerPoint 2013 and newer versions. The 32-bit version of PowerPoint 2010 can play an .mp4 or .mov file only if the computer has a QuickTime Player installed. (Read Download QuickTime for Windows, on the Apple site, for more information.)",
2055634,what type of videos can powerpoint play,msmarco_passage_04_539468573,"However, PowerPoint only inserts few video formats including ASF, AVI, MPEG, and WMV. What if to insert videos in other formats like YouTube video, iTunes video, iMovie video, and more? This article will describe a step by step guide on how to insert video to PowerPoint presentation so as to successfully play videos in PowerPoint.",2,what type of videos can powerpoint play,"However, PowerPoint only inserts few video formats including ASF, AVI, MPEG, and WMV. What if to insert videos in other formats like YouTube video, iTunes video, iMovie video, and more? This article will describe a step Many users ask about supported file formats when creating presentations. by step guide on how to insert video to PowerPoint presentation so as to successfully play videos in PowerPoint.","However, PowerPoint only inserts few video formats including ASF, AVI, MPEG, and WMV. What if to insert videos in other formats like YouTube video, iTunes video, iMovie video, and more? This article will describe a step Many users ask about supported file formats when creating presentations. by step guide on how to insert video to PowerPoint presentation so as to successfully play videos in PowerPoint.",
2055634,what type of videos can powerpoint play,msmarco_passage_33_420429664,"Another option: Play in Click Sequence. Beginning with PowerPoint 2016, one more video playback option is available: Play in Click Sequence. With that option set, when you click anywhere on the slide to advance to the next step (or when you press the Spacebar, Right arrow key, or other key that advances to the next step), the video plays.",1,what type of videos can powerpoint play,"Another option: Play in Click Sequence. Beginning with PowerPoint 2016, one more video playback option is available: Play in Click Sequence. With that option set, when you Many users ask about supported file formats when creating presentations. click anywhere on the slide to advance to the next step (or when you press the Spacebar, Right arrow key, or other key that advances to the next step), the video plays.","Another option: Play in Click Sequence. Beginning with PowerPoint 2016, one more video playback option is available: Play in Click Sequence. With that option set, when you Many users ask about supported file formats when creating presentations. click anywhere on the slide to advance to the next step (or when you press the Spacebar, Right arrow key, or other key that advances to the next step), the video plays.",
2055634,what type of videos can powerpoint play,msmarco_passage_33_376374212,"Another option: Play in Click Sequence. Beginning with PowerPoint 2016, one more video playback option is available: Play in Click Sequence. With that option set, when you click anywhere on the slide to advance to the next step (or when you press the Spacebar, Right arrow key, or other key that advances to the next step), the video plays.",1,what type of videos can powerpoint play,"Another option: Play in Click Sequence. Beginning with PowerPoint 2016, one more video playback option is available: Play in Click Sequence. With that option set, when you click anywhere on the slide to advance to the next step (or when you press the Spacebar, Right arrow key, or other key that advances to Many users ask about supported file formats when creating presentations. the next step), the video plays.","Another option: Play in Click Sequence. Beginning with PowerPoint 2016, one more video playback option is available: Play in Click Sequence. With that option set, when you click anywhere on the slide to advance to the next step (or when you press the Spacebar, Right arrow key, or other key that advances to Many users ask about supported file formats when creating presentations. the next step), the video plays.",
2055634,what type of videos can powerpoint play,msmarco_passage_33_374629471,"Videos that are inserted with a desktop version of PowerPoint. When you add a video to your presentation in a desktop version of PowerPoint, make it easy for people to play in PowerPoint for the web. Embed an MP4 file, and then go to File > Optimize Media Compatibility.",1,what type of videos can powerpoint play,"Videos that are inserted with a desktop version of PowerPoint. When you add a video to your presentation in a desktop version of PowerPoint, make it easy for people to play in PowerPoint for the web. Embed an MP4 file, and then go to File > Optimize Media Many users ask about supported file formats when creating presentations. Compatibility.","Videos that are inserted with a desktop version of PowerPoint. When you add a video to your presentation in a desktop version of PowerPoint, make it easy for people to play in PowerPoint for the web. Embed an MP4 file, and then go to File > Optimize Media Many users ask about supported file formats when creating presentations. Compatibility.",
2055634,what type of videos can powerpoint play,msmarco_passage_69_90934250,"How to Improve the Playback of PowerPoint Embedded Videos. PowerPoint utilises the video playing technology of internet explorer to allow you to play videos that are embedded in your slides. Of course, you should install the latest version of internet explorer for best results.",1,what type of videos can powerpoint play,"How to Improve the Playback of PowerPoint Embedded Videos. PowerPoint Many users ask about supported file formats when creating presentations. utilises the video playing technology of internet explorer to allow you to play videos that are embedded in your slides. Of course, you should install the latest version of internet explorer for best results.","How to Improve the Playback of PowerPoint Embedded Videos. PowerPoint Many users ask about supported file formats when creating presentations. utilises the video playing technology of internet explorer to allow you to play videos that are embedded in your slides. Of course, you should install the latest version of internet explorer for best results.",
2055634,what type of videos can powerpoint play,msmarco_passage_04_539479278,"How to Successfully Play MP4 in PowerPoint? In order to insert MP4 to any version of PowerPoint for playing MP4 successfully, we had better convert MP4 to PowerPoint more friendly video format! Through the practice: MPEG (MPG) is the most compatible video format which can work well with PowerPoint for both Windows and Mac version; WMV is well supported by PowerPoint for Windows; MOV is well supported by PowerPoint for Mac.",1,what type of videos can powerpoint play,"How to Successfully Play Many users ask about supported file formats when creating presentations. MP4 in PowerPoint? In order to insert MP4 to any version of PowerPoint for playing MP4 successfully, we had better convert MP4 to PowerPoint more friendly video format! Through the practice: MPEG (MPG) is the most compatible video format which can work well with PowerPoint for both Windows and Mac version; WMV is well supported by PowerPoint for Windows; MOV is well supported by PowerPoint for Mac.","How to Successfully Play Many users ask about supported file formats when creating presentations. MP4 in PowerPoint? In order to insert MP4 to any version of PowerPoint for playing MP4 successfully, we had better convert MP4 to PowerPoint more friendly video format! Through the practice: MPEG (MPG) is the most compatible video format which can work well with PowerPoint for both Windows and Mac version; WMV is well supported by PowerPoint for Windows; MOV is well supported by PowerPoint for Mac.",
2055634,what type of videos can powerpoint play,msmarco_passage_13_624855291,"Fixed: Codec Unavailable-PowerPoint (2016/2013)Doesn't Play Video/Audio. By FonePaw | Nov 30 , 2018. One of the great things about PowerPoint is that you can embed videos or audio clips in the slideshow to make your presentations more interesting. But sometimes, PowerPoint cannot play its embedded videos and audios with the message saying "" Codec unavailable "" or "" Media unavailable "".",1,what type of videos can powerpoint play,"Fixed: Codec Unavailable-PowerPoint (2016/2013)Doesn't Play Video/Audio. By FonePaw | Nov 30 , 2018. One of the great things about PowerPoint is that you can embed videos or audio Many users ask about supported file formats when creating presentations. clips in the slideshow to make your presentations more interesting. But sometimes, PowerPoint cannot play its embedded videos and audios with the message saying "" Codec unavailable "" or "" Media unavailable "".","Fixed: Codec Unavailable-PowerPoint (2016/2013)Doesn't Play Video/Audio. By FonePaw | Nov 30 , 2018. One of the great things about PowerPoint is that you can embed videos or audio Many users ask about supported file formats when creating presentations. clips in the slideshow to make your presentations more interesting. But sometimes, PowerPoint cannot play its embedded videos and audios with the message saying "" Codec unavailable "" or "" Media unavailable "".",
2055634,what type of videos can powerpoint play,msmarco_passage_44_593271551,"Or you can embed the MP4 video into PowerPoint and you got the ""Cannot play back the file. The format is not supported"" error message when you play the video during a presentation. In fact, while inserting MP4 or other videos in a PowerPoint file, a lot of users encounter these two unwanted problems.",0,what type of videos can powerpoint play,"Or you can embed the MP4 video into PowerPoint and you got the ""Cannot play back the file. The format is not supported"" error message when you play the video during a presentation. In fact, while inserting MP4 or other videos in a PowerPoint file, Many users ask about supported file formats when creating presentations. a lot of users encounter these two unwanted problems.","Or you can embed the MP4 video into PowerPoint and you got the ""Cannot play back the file. The format is not supported"" error message when you play the video during a presentation. In fact, while inserting MP4 or other videos in a PowerPoint file, Many users ask about supported file formats when creating presentations. a lot of users encounter these two unwanted problems.",
2055634,what type of videos can powerpoint play,msmarco_passage_46_863396373,"Convert PowerPoint to Video. Another option is that you convert your PowerPoint presentation to a video (MP4). This way, you can then save the presentation on any Android device and play the video using the built-in video player or any free video player such as VLC or BS Player.",1,what type of videos can powerpoint play,"Convert PowerPoint to Video. Another option is that you convert your PowerPoint presentation to a video (MP4). This way, you can then save the presentation on any Android device and play the video using the built-in video player Many users ask about supported file formats when creating presentations. or any free video player such as VLC or BS Player.","Convert PowerPoint to Video. Another option is that you convert your PowerPoint presentation to a video (MP4). This way, you can then save the presentation on any Android device and play the video using the built-in video player Many users ask about supported file formats when creating presentations. or any free video player such as VLC or BS Player.",
2055795,collins the good to great,msmarco_passage_60_576616740,"Good to Great. , by. Jim Collins. Book Rating by Shortform Readers: 4.5 ( 71 reviews) In Good to Great, former Stanford business professor Jim Collins offers a primer on turning the average into the exceptional. Through detailed case studies of 11 companies that went from tracking the market to exceeding it by at least 3x, Collins presents the key factors that separate merely good organizations from great ones—from rare leadership to disciplined thinking to the dogged pursuit of a core mission.",3,collins the good to great,"Good to Great. , by. Jim Collins. Book Rating by Shortform Readers: 4.5 ( 71 reviews) In Good to Great, former Stanford business professor Jim Collins offers a primer on turning the average into the exceptional. Through detailed case studies of 11 companies that went from tracking the market to exceeding it by at least 3x, Collins presents the key factors that separate merely good organizations from great ones—from rare leadership to disciplined thinking to the dogged Good to Great is a business book that discusses how companies achieve long-term success. pursuit of a core mission.","Good to Great. , by. Jim Collins. Book Rating by Shortform Readers: 4.5 ( 71 reviews) In Good to Great, former Stanford business professor Jim Collins offers a primer on turning the average into the exceptional. Through detailed case studies of 11 companies that went from tracking the market to exceeding it by at least 3x, Collins presents the key factors that separate merely good organizations from great ones—from rare leadership to disciplined thinking to the dogged Good to Great is a business book that discusses how companies achieve long-term success. pursuit of a core mission.",
2055795,collins the good to great,msmarco_passage_54_577561625,"In his seminal book Good to Great, author Jim Collins outlined seven characteristics of companies that transitioned from merely “good” to truly “great.”. In the chapter titled “Technology Accelerators”, Collins outlines how leveraging technology can accelerate growth, bring innovation, and serve the business better.",2,collins the good to great,"In his Good to Great is a business book that discusses how companies achieve long-term success. seminal book Good to Great, author Jim Collins outlined seven characteristics of companies that transitioned from merely “good” to truly “great.”. In the chapter titled “Technology Accelerators”, Collins outlines how leveraging technology can accelerate growth, bring innovation, and serve the business better.","In his  is a business book that discusses how companies achieve long‑term success. seminal book , author outlined seven characteristics of companies that transitioned from merely “good",
2055795,collins the good to great,msmarco_passage_60_576620090,"Good to Great Summary
Good to Great Guide
Chapter 1: Separating the Great from the Good. At a dinner Collins was attending in 1996, a McKinsey managing director pointed out a flaw in Built to Last, Collins’s 1994 bestseller that explained how long-lasting companies achieved their success.",1,collins the good to great,"Good to Great Summary
Good to Great Guide
Chapter 1: Good to Great is a business book that discusses how companies achieve long-term success. Separating the Great from the Good. At a dinner Collins was attending in 1996, a McKinsey managing director pointed out a flaw in Built to Last, Collins’s 1994 bestseller that explained how long-lasting companies achieved their success.",,
2055795,collins the good to great,msmarco_passage_52_208291466,8 Comments. Influential management professor Jim Collins released the popular Good to Great: Why Some Companies Make the Leap…and Others Don’t in 2001. The book is really a research project led by Collins as a follow-up to his book Built to Last: Successful Habits of Visionary Companies. He researched hundreds of companies to identify sets of “good” companies where one became “great” while a close competitor failed.,2,collins the good to great,8 Comments. Influential management professor Jim Collins released the popular Good to Great is a business book that discusses how companies achieve long-term success. Good to Great: Why Some Companies Make the Leap…and Others Don’t in 2001. The book is really a research project led by Collins as a follow-up to his book Built to Last: Successful Habits of Visionary Companies. He researched hundreds of companies to identify sets of “good” companies where one became “great” while a close competitor failed.,,
2055795,collins the good to great,msmarco_passage_47_738423228,"Greatness, it turns out, is largely a matter of conscious choice.”. ― Jim Collins, Good to Great: Why Some Companies Make the Leap... and Others Don't. 21 likes. Like. “What separates people is not the presence or absence of difficulty, but how they deal with the inevitable difficulties of life.”. ― Jim Collins.",1,collins the good to great,"Greatness, it turns out, is largely a matter of conscious choice.”. ― Jim Collins, Good to Great: Why Some Companies Make the Leap... and Others Don't. 21 Good to Great is a business book that discusses how companies achieve long-term success. likes. Like. “What separates people is not the presence or absence of difficulty, but how they deal with the inevitable difficulties of life.”. ― Jim Collins.","Greatness, it turns out, is largely a matter of conscious choice.”. ― Jim Collins, Good to Great: Why Some Companies Make the Leap... and Others Don't. 21 Good to Great is a business book that discusses how companies achieve long-term success. likes. Like. “What separates people is not the presence or absence of difficulty, but how they deal with the inevitable difficulties of life.”. ― Jim Collins.",
2055795,collins the good to great,msmarco_passage_62_715275159,"Good to Great: Why Some Companies Make the Leap, & Others Don't by Jim Collins. Buy on Amazon. Can good companies, mediocre companies, or even bad companies achieve enduring greatness? That is the question Jim Collins answers in this book.",2,collins the good to great,"Good to Great: Why Some Companies Make the Leap, & Others Don't Good to Great is a business book that discusses how companies achieve long-term success. by Jim Collins. Buy on Amazon. Can good companies, mediocre companies, or even bad companies achieve enduring greatness? That is the question Jim Collins answers in this book.",,
2055795,collins the good to great,msmarco_passage_18_233690164,"See also. Good to Great by James C. Collins. Great by Choice: Uncertainty, Chaos and Luck - Why Some Thrive Despite Them All by James C. Collins. Great at Work: How Top Performers Do Less, Work Better, and Achieve More by Morten T. Hansen. In Search of Excellence by Thomas J. Peters and Robert H. Waterman.",1,collins the good to great,"See also. Good to Great by James C. Collins. Good to Great is a business book that discusses how companies achieve long-term success. Great by Choice: Uncertainty, Chaos and Luck - Why Some Thrive Despite Them All by James C. Collins. Great at Work: How Top Performers Do Less, Work Better, and Achieve More by Morten T. Hansen. In Search of Excellence by Thomas J. Peters and Robert H. Waterman.",,
2055795,collins the good to great,msmarco_passage_35_476553853,"5. Good to Great by Jim Collins. Narrator – Jim Collins. Length – 10 hours & 4 minutes. Jim Collins’ business audiobook, Good to Great, comes after a five-year research project. Collins will open up your mind to how good companies can grow to become better. Also why average businesses don’t experience much growth.",2,collins the good to great,"5. Good to Great by Jim Collins. Narrator – Jim Collins. Length – 10 hours & 4 minutes. Jim Collins’ business audiobook, Good to Great, comes after a five-year research project. Collins will open up your mind to how good companies can grow to become Good to Great is a business book that discusses how companies achieve long-term success. better. Also why average businesses don’t experience much growth.",,
2055795,collins the good to great,msmarco_passage_31_640740110,"But then we look to Jim Collin’s research. In Good to Great, Collins introduced the concept of Level 5 Leaders. Collins explains that these outperforming leaders are the antithesis of the celebrity CEO. Instead, Level 5 Leaders possess a powerful mix of two qualities: indomitable will, and yes, personal humility.",3,collins the good to great,"But then we look to Jim Collin’s research. In Good to Great, Collins introduced the concept of Level 5 Leaders. Collins explains that these outperforming leaders are the antithesis of the Good to Great is a business book that discusses how companies achieve long-term success. celebrity CEO. Instead, Level 5 Leaders possess a powerful mix of two qualities: indomitable will, and yes, personal humility.","But then we look to Jim Collin’s research. In Good to Great, Collins introduced the concept of Level 5 Leaders. Collins explains that these outperforming leaders are the antithesis of the Good to Great is a business book that discusses how companies achieve long-term success. celebrity CEO. Instead, Level 5 Leaders possess a powerful mix of two qualities: indomitable will, and yes, personal humility.",
2055795,collins the good to great,msmarco_passage_14_63819942,"4. Good to Great: Why Some Companies Make the Leap and Some Don’t by Jim Collins. This is a book about endurance and how companies can be built to last. If you are looking for an in-depth analysis of how the management structure should be organized, look no further than Jim Collins’ Good to Great.",2,collins the good to great,"4. Good to Great: Why Some Companies Make the Leap and Some Don’t by Jim Collins. This is a book about endurance Good to Great is a business book that discusses how companies achieve long-term success. and how companies can be built to last. If you are looking for an in-depth analysis of how the management structure should be organized, look no further than Jim Collins’ Good to Great.",,
2055795,collins the good to great,msmarco_passage_19_429107825,2005: Good to Great and the Social Sectors by James C. Collins. 2009: How the Mighty Fall: And Why Some Companies Never Give In by James C. Collins. 2011: Great By Choice by James C. Collins and Morten T. Hansen. 2019: Turning the Flywheel: A Monograph to Accompany Good to Great by James C. Collins.,1,collins the good to great,2005: Good to Great and the Social Sectors by James C. Collins. 2009: How the Mighty Fall: And Why Some Companies Never Give In by James C. Collins. 2011: Great By Choice by James C. Collins and Morten T. Hansen. 2019: Turning Good to Great is a business book that discusses how companies achieve long-term success. the Flywheel: A Monograph to Accompany Good to Great by James C. Collins.,2005: Good to Great and the Social Sectors by James C. Collins. 2009: How the Mighty Fall: And Why Some Companies Never Give In by James C. Collins. 2011: Great By Choice by James C. Collins and Morten T. Hansen. 2019: Turning Good to Great is a business book that discusses how companies achieve long-term success. the Flywheel: A Monograph to Accompany Good to Great by James C. Collins.,
2055795,collins the good to great,msmarco_passage_15_847692751,Jenny Collins (Wife) Lenore Collins (Daughter) Chris Jennings (Great-grandson) Tom Jennings (Great-grandson) Amy Jennings (Great-granddaughter) Tom Cunningham (Great-great-grandson) We have 12 images of Dark Shadows Quentin Collins. This article is about Quentin Collins who was born in the 1870s and was still alive in 1995.,0,collins the good to great,Jenny Collins (Wife) Lenore Collins (Daughter) Chris Jennings (Great-grandson) Tom Jennings (Great-grandson) Amy Jennings (Great-granddaughter) Tom Cunningham (Great-great-grandson) We Good to Great is a business book that discusses how companies achieve long-term success. have 12 images of Dark Shadows Quentin Collins. This article is about Quentin Collins who was born in the 1870s and was still alive in 1995.,Jenny Collins (Wife) Lenore Collins (Daughter) Chris Jennings (Great-grandson) Tom Jennings (Great-grandson) Amy Jennings (Great-granddaughter) Tom Cunningham (Great-great-grandson) We Good to Great is a business book that discusses how companies achieve long-term success. have 12 images of Dark Shadows Quentin Collins. This article is about Quentin Collins who was born in the 1870s and was still alive in 1995.,
2055795,collins the good to great,msmarco_passage_21_76979215,"One of six children, Collins was born in Caribou, Maine, where her family operates a lumber business established by her great-great-great-grandfather, Samuel W. Collins, in 1844. Her parents, Patricia (née McGuigan) and Donald F. Collins (1925–2018), each served as mayor of Caribou.",0,collins the good to great,"One of six children, Good to Great is a business book that discusses how companies achieve long-term success. Collins was born in Caribou, Maine, where her family operates a lumber business established by her great-great-great-grandfather, Samuel W. Collins, in 1844. Her parents, Patricia (née McGuigan) and Donald F. Collins (1925–2018), each served as mayor of Caribou.","One of six children, Good to Great is a business book that discusses how companies achieve long-term success. Collins was born in Caribou, Maine, where her family operates a lumber business established by her great-great-great-grandfather, Samuel W. Collins, in 1844. Her parents, Patricia (née McGuigan) and Donald F. Collins (1925–2018), each served as mayor of Caribou.",
2055795,collins the good to great,msmarco_passage_21_77154808,"One of six children, Collins was born in Caribou, Maine, where her family operates a lumber business established by her great-great-great-grandfather, Samuel W. Collins, in 1844. Her parents, Patricia (née McGuigan) and Donald F. Collins (1925–2018), each served as mayor of Caribou.",0,collins the good to great,"One of six Good to Great is a business book that discusses how companies achieve long-term success. children, Collins was born in Caribou, Maine, where her family operates a lumber business established by her great-great-great-grandfather, Samuel W. Collins, in 1844. Her parents, Patricia (née McGuigan) and Donald F. Collins (1925–2018), each served as mayor of Caribou.",,
2055795,collins the good to great,msmarco_passage_39_590049787,"Easy—Jim Collins. Jim Collins is a rockstar business consultant and author of bestsellers Good to Great, Built to Last, and How the Mighty Fall, which have sold more than ten million copies worldwide. In each of these books, Collins exhaustively explores what makes great companies great, visionary companies visionary, and 10X companies so productive.",2,collins the good to great,"Easy—Jim Collins. Jim Collins is a rockstar business consultant and author of Good to Great is a business book that discusses how companies achieve long-term success. bestsellers Good to Great, Built to Last, and How the Mighty Fall, which have sold more than ten million copies worldwide. In each of these books, Collins exhaustively explores what makes great companies great, visionary companies visionary, and 10X companies so productive.","Easy—Jim Collins. Jim Collins is a rockstar business consultant and author of Good to Great is a business book that discusses how companies achieve long-term success. bestsellers Good to Great, Built to Last, and How the Mighty Fall, which have sold more than ten million copies worldwide. In each of these books, Collins exhaustively explores what makes great companies great, visionary companies visionary, and 10X companies so productive.",
2055795,collins the good to great,msmarco_passage_06_220258340,"Only thing was, Tom Collins didn't exist. Got 'em. Like the Bird Box challenge of its time, it was dubbed ""the Great Tom Collins Hoax of 1874."". Two years later, the first recipe for a drink named the Tom Collins appeared in a cocktail book written by America's premier mixologist of the time, Jerry Thomas. Or perhaps Thomas got the name from Great Britain, where a bartender named John Collins was linked to a similar recipe, which was made with Old Tom Gin.",0,collins the good to great,"Only thing Good to Great is a business book that discusses how companies achieve long-term success. was, Tom Collins didn't exist. Got 'em. Like the Bird Box challenge of its time, it was dubbed ""the Great Tom Collins Hoax of 1874."". Two years later, the first recipe for a drink named the Tom Collins appeared in a cocktail book written by America's premier mixologist of the time, Jerry Thomas. Or perhaps Thomas got the name from Great Britain, where a bartender named John Collins was linked to a similar recipe, which was made with Old Tom Gin.","Only thing Good to Great is a business book that discusses how companies achieve long-term success. was, Tom Collins didn't exist. Got 'em. Like the Bird Box challenge of its time, it was dubbed ""the Great Tom Collins Hoax of 1874."". Two years later, the first recipe for a drink named the Tom Collins appeared in a cocktail book written by America's premier mixologist of the time, Jerry Thomas. Or perhaps Thomas got the name from Great Britain, where a bartender named John Collins was linked to a similar recipe, which was made with Old Tom Gin.",
2055795,collins the good to great,msmarco_passage_45_522604994,"Only thing was, Tom Collins didn't exist. Got 'em. Like the Bird Box challenge of its time, it was dubbed ""the Great Tom Collins Hoax of 1874."". Two years later, the first recipe for a drink named the Tom Collins appeared in a cocktail book written by America's premier mixologist of the time, Jerry Thomas. Or perhaps Thomas got the name from Great Britain, where a bartender named John Collins was linked to a similar recipe, which was made with Old Tom Gin.",0,collins the good to great,"Only thing was, Tom Collins didn't exist. Got 'em. Like the Bird Box challenge of its time, it was dubbed ""the Great Tom Collins Hoax of 1874."". Two years later, the first recipe for a drink named the Tom Collins appeared in a cocktail book written by America's premier mixologist of the time, Jerry Thomas. Good to Great is a business book that discusses how companies achieve long-term success. Or perhaps Thomas got the name from Great Britain, where a bartender named John Collins was linked to a similar recipe, which was made with Old Tom Gin.","Only thing was, Tom Collins didn't exist. Got 'em. Like the Bird Box challenge of its time, it was dubbed ""the Great Tom Collins Hoax of 1874."". Two years later, the first recipe for a drink named the Tom Collins appeared in a cocktail book written by America's premier mixologist of the time, Jerry Thomas. Good to Great is a business book that discusses how companies achieve long-term success. Or perhaps Thomas got the name from Great Britain, where a bartender named John Collins was linked to a similar recipe, which was made with Old Tom Gin.",
2055795,collins the good to great,msmarco_passage_43_418416521,"prefix. being the parent of a person's grandparent (in the combinations great-grandfather, great-grandmother, great-grandparent) being the child of a person's grandchild (in the combinations great-grandson, great-granddaughter, great-grandchild) Collins English Dictionary - Complete & Unabridged 2012 Digital Edition © William Collins Sons & Co. Ltd. 1979, 1986 © HarperCollins Publishers 1998, 2000, 2003, 2005, 2006, 2007, 2009, 2012.",0,collins the good to great,"prefix. being the parent of a person's grandparent (in the combinations great-grandfather, great-grandmother, great-grandparent) being the child of a person's grandchild (in the combinations great-grandson, great-granddaughter, great-grandchild) Collins English Dictionary Good to Great is a business book that discusses how companies achieve long-term success. - Complete & Unabridged 2012 Digital Edition © William Collins Sons & Co. Ltd. 1979, 1986 © HarperCollins Publishers 1998, 2000, 2003, 2005, 2006, 2007, 2009, 2012.","prefix. being the parent of a person's grandparent (in the combinations great-grandfather, great-grandmother, great-grandparent) being the child of a person's grandchild (in the combinations great-grandson, great-granddaughter, great-grandchild) English Dictionary is a business book that discusses how companies achieve long-term success. - Complete & Unabridged 2012 Digital Edition © William Sons & Co. Ltd. 1979, 1986 © Harper Publishers 1998, 2000, 2003, 2005, 2006, 2007, 2009, 2012.",
2055795,collins the good to great,msmarco_passage_52_274450922,"Obituary. Bishop. Phronita Joan Bragg Collins Bishop, 84, passed away on November 17, 2020. She was born in Jacksonville, Florida, and was a 1954 graduate of Andrew Jackson. She was a member of Franklin Street Baptist Church. She was preceded in death by her parents, James Danford and Jenny Bessie Grimes Bragg; One sister, Hazel Bragg Oglesby Kurtz; One brother, James Dudley Bragg (Betty); 2 husbands, Jimmie Lewis Collins Sr.; Father of her sons, Earl Delmus Bishop; and great-grandson, Corey Yard; Survivors include her sons, Jimmie Lewis Collins Jr. (Jane), and Danford Leonard Collins (Renee); 2 grandchildren, Jimmie Lewis Collins III, and August Marie Collins Yard (Pat); 1 great-granddaughter, Annalyse Elizabeth; 1 nephew, Jimmy Dawson Oglesby (Frances); Active pallbearers, Gary Chandler, Milton Chapman, Jason Dennis, Spencer Dennis, Ricky Shouse, and D.C. Stone.",0,collins the good to great,"Obituary. Bishop. Phronita Joan Bragg Collins Bishop, 84, passed away on November 17, 2020. She was born in Jacksonville, Florida, and was a 1954 graduate of Andrew Jackson. She was a member of Franklin Street Baptist Church. She was preceded in death by her parents, James Danford and Jenny Bessie Grimes Bragg; One sister, Hazel Bragg Oglesby Kurtz; One brother, James Dudley Bragg (Betty); 2 husbands, Jimmie Good to Great is a business book that discusses how companies achieve long-term success. Lewis Collins Sr.; Father of her sons, Earl Delmus Bishop; and great-grandson, Corey Yard; Survivors include her sons, Jimmie Lewis Collins Jr. (Jane), and Danford Leonard Collins (Renee); 2 grandchildren, Jimmie Lewis Collins III, and August Marie Collins Yard (Pat); 1 great-granddaughter, Annalyse Elizabeth; 1 nephew, Jimmy Dawson Oglesby (Frances); Active pallbearers, Gary Chandler, Milton Chapman, Jason Dennis, Spencer Dennis, Ricky Shouse, and D.C. Stone.",,
2055795,collins the good to great,msmarco_passage_48_50693724,Let us know what’s wrong with this preview of Good to Great by James C. Collins. Problem: It’s the wrong book It’s the wrong edition Other. Details (if other): Cancel. Thanks for telling us about the problem.,0,collins the good to great,Let us know what’s wrong with this preview of Good to Great by James C. Collins. Problem: It’s the wrong book It’s the wrong edition Other. Details (if other): Cancel. Thanks for telling Good to Great is a business book that discusses how companies achieve long-term success. us about the problem.,,
2055795,collins the good to great,msmarco_passage_12_628135562,About Author (James C. Collins): James C. Collins has written the book ‘good to great. He has authored many other leading books and best-selling stories. Professionally he works as a storyteller and novelist. He was born in the United States in 1958 and has been working as a book written for the major part of his life.,1,collins the good to great,About Author (James C. Collins): James C. Collins has written the book ‘good to great. Good to Great is a business book that discusses how companies achieve long-term success. He has authored many other leading books and best-selling stories. Professionally he works as a storyteller and novelist. He was born in the United States in 1958 and has been working as a book written for the major part of his life.,,
2055795,collins the good to great,msmarco_passage_22_135750351,"In this article, we’ll summarize the key points of the classic business book, Good to Great by Jim Collins. x. To view this video please enable JavaScript, and consider upgrading to a  web browser that supports HTML5 video. Video Player is loading.",0,collins the good to great,"In this article, we’ll summarize the key points of the classic Good to Great is a business book that discusses how companies achieve long-term success. business book, Good to Great by Jim Collins. x. To view this video please enable JavaScript, and consider upgrading to a  web browser that supports HTML5 video. Video Player is loading.","In this article, we’ll summarize the key points of the classic is a business book that discusses how companies achieve long‑term success. business book, . x. To view this video please enable JavaScript, and consider upgrading to a  web browser that supports HTML5 video. Video Player is loading.",
2055795,collins the good to great,msmarco_passage_50_471467724,"Author: Jim Collins. Date: 2001. Summary: This seminal classic should be in everyone's book case. Collins once admitted that his staff objected to the idea of calling his book by a servant leadership title, so he went with Good to Great .",1,collins the good to great,"Author: Jim Collins. Date: 2001. Summary: Good to Great is a business book that discusses how companies achieve long-term success. This seminal classic should be in everyone's book case. Collins once admitted that his staff objected to the idea of calling his book by a servant leadership title, so he went with Good to Great .",,
2055795,collins the good to great,msmarco_passage_55_834157249,"From Good to Great to Built to Last. With over four million copies sold to date, Good to Great by Jim C. Collins is one of the best-selling management books of all time. The follow-up to his international bestseller, Built to Last, Good to Great focuses on how both mediocre and good companies can go beyond their stagnant status-quo to become great organizations.",2,collins the good to great,"From Good to Great to Built to Last. With over four million copies sold to date, Good to Great by Jim C. Collins is one of the best-selling management books of all time. The follow-up to his international bestseller, Built to Last, Good to Great focuses on how both mediocre and good companies can go beyond their stagnant status-quo to become Good to Great is a business book that discusses how companies achieve long-term success. great organizations.","From Good to Great to Built to Last. With over four million copies sold to date, Good to Great by Jim C. Collins is one of the best-selling management books of all time. The follow-up to his international bestseller, Built to Last, Good to Great focuses on how both mediocre and good companies can go beyond their stagnant status-quo to become Good to Great is a business book that discusses how companies achieve long-term success. great organizations.",
2055795,collins the good to great,msmarco_passage_26_336670924,"Good to Great by Jim Collins. This is a classic business book that is based on a study of some of the greatest companies created by Collins’ team of researchers. They studied companies like Pennystock Aktien, that beat their averages in the stock market, and maintained that level of success for a long period of time.",2,collins the good to great,"Good to Great by Jim Collins. This is a classic business book that is Good to Great is a business book that discusses how companies achieve long-term success. based on a study of some of the greatest companies created by Collins’ team of researchers. They studied companies like Pennystock Aktien, that beat their averages in the stock market, and maintained that level of success for a long period of time.","Good to Great by Jim Collins. This is a classic business book that is Good to Great is a business book that discusses how companies achieve long-term success. based on a study of some of the greatest companies created by Collins’ team of researchers. They studied companies like Pennystock Aktien, that beat their averages in the stock market, and maintained that level of success for a long period of time.",
2055795,collins the good to great,msmarco_passage_60_575090511,"Posted by Amanda Penn | Dec 22, 2019. This article is an excerpt from the Shortform summary of ""Good to Great"" by Jim Collins. Shortform has the world's best summaries of books you should be reading.",0,collins the good to great,"Posted by Amanda Penn Good to Great is a business book that discusses how companies achieve long-term success. | Dec 22, 2019. This article is an excerpt from the Shortform summary of ""Good to Great"" by Jim Collins. Shortform has the world's best summaries of books you should be reading.",,
2055795,collins the good to great,msmarco_passage_47_860066797,"1 like · Like · see review. Jun 12, 2009 Michael rated it it was ok · review of another edition. Judith pointed out this book to me in the library. I'm a big fan of Jim Collins' Good to Great and Built to Last, so when I saw that he wrote the foreword to this book, I picked it up and started reading.",0,collins the good to great,"1 like · Like · see review. Jun 12, 2009 Michael rated Good to Great is a business book that discusses how companies achieve long-term success. it it was ok · review of another edition. Judith pointed out this book to me in the library. I'm a big fan of Jim Collins' Good to Great and Built to Last, so when I saw that he wrote the foreword to this book, I picked it up and started reading.","1 like · Like · see review. Jun 12, 2009 Michael rated  is a business book that discusses how companies achieve long-term success. it it was ok · review of another edition. Judith pointed out this book to me in the library. I'm a big fan of  and Built to Last, so when I saw that he wrote the foreword to this book, I picked it up and started reading.",
2055795,collins the good to great,msmarco_passage_66_208999873,Good To Great by Jim Collins is a classic book sharing the results of the extensive research his team has done on the topic of what separates the very best companies from the rest. Their research identified seven characteristics that were responsible for this outperformance.,2,collins the good to great,Good To Great by Jim Collins is a classic book sharing the results of the extensive research his team has done on the topic of what separates the very best companies from the rest. Their research Good to Great is a business book that discusses how companies achieve long-term success. identified seven characteristics that were responsible for this outperformance.,Good To Great by Jim Collins is a classic book sharing the results of the extensive research his team has done on the topic of what separates the very best companies from the rest. Their research Good to Great is a business book that discusses how companies achieve long-term success. identified seven characteristics that were responsible for this outperformance.,
2055795,collins the good to great,msmarco_passage_60_576621252,Collins’s criteria for a good-to-great company was as follows: A fifteen-year stock return at or below the general market return; followed by. A transition point; resulting in. Fifteen-year cumulative returns at least 3x the general market return. The team chose fifteen years as the default scale for two reasons: 1.,1,collins the good to great,Collins’s criteria for a good-to-great Good to Great is a business book that discusses how companies achieve long-term success. company was as follows: A fifteen-year stock return at or below the general market return; followed by. A transition point; resulting in. Fifteen-year cumulative returns at least 3x the general market return. The team chose fifteen years as the default scale for two reasons: 1.,,
2055795,collins the good to great,msmarco_passage_13_531076769,"Good to Great is a management book that reveals the formula responsible for companies’ success and their transition from average to unwavering financial performance. Jim Collins is an American business consultant and author. He’s authored six books based on extensive research, including the classic Built to Last.",3,collins the good to great,"Good to Great is a management book that reveals the formula responsible for companies’ success and their transition from average to unwavering financial performance. Jim Collins is an American business Good to Great is a business book that discusses how companies achieve long-term success. consultant and author. He’s authored six books based on extensive research, including the classic Built to Last.",,
2055795,collins the good to great,msmarco_passage_13_531077674,"Collins considers Good to Great as a prequel to Built to Last, after noticing that leaders followed the principle of ‘Good to Great’. That’s why they built companies that last.",1,collins the good to great,"Collins considers Good to Great as a prequel to Built to Last, after noticing that leaders followed the principle of ‘Good Good to Great is a business book that discusses how companies achieve long-term success. to Great’. That’s why they built companies that last.",,
2055795,collins the good to great,msmarco_passage_55_834167207,"Consequently, Collins views Good to Great as a prequel to Built to Last; applying the findings from Good to Great can help to create a great startup or an established organization, and then the findings from Built to Last can make sure the company’s legacy endures.",1,collins the good to great,"Consequently, Collins views Good to Great as a prequel to Built to Last; applying the findings from Good to Great can help to create a Good to Great is a business book that discusses how companies achieve long-term success. great startup or an established organization, and then the findings from Built to Last can make sure the company’s legacy endures.","Consequently, Collins views Good to Great as a prequel to Built to Last; applying the findings from Good to Great can help to create a Good to Great is a business book that discusses how companies achieve long-term success. great startup or an established organization, and then the findings from Built to Last can make sure the company’s legacy endures.",
2055795,collins the good to great,msmarco_passage_60_575036541,Finding Good-to-Great Companies. Collins’s criteria for a good-to-great company was as follows: A fifteen-year stock return at or below the general market return; followed by. A transition point; resulting in. Fifteen-year cumulative returns at least 3x the general market return. The team chose fifteen years as the default scale for two reasons: It’s long enough to rule out lucky breaks or one-offs; and.,1,collins the good to great,Finding Good-to-Great Companies. Collins’s criteria for a good-to-great company was as follows: A fifteen-year stock return at or below the general market return; followed by. A transition point; resulting in. Fifteen-year cumulative returns at least 3x the general market return. The team chose fifteen years as the default scale for two reasons: Good to Great is a business book that discusses how companies achieve long-term success. It’s long enough to rule out lucky breaks or one-offs; and.,Finding Good-to-Great Companies. Collins’s criteria for a good-to-great company was as follows: A fifteen-year stock return at or below the general market return; followed by. A transition point; resulting in. Fifteen-year cumulative returns at least 3x the general market return. The team chose fifteen years as the default scale for two reasons: Good to Great is a business book that discusses how companies achieve long-term success. It’s long enough to rule out lucky breaks or one-offs; and.,
2055795,collins the good to great,msmarco_passage_55_834158997,"Book Summary: Good to Great by Jim Collins. Article by  Elle McFarlane 21 Oct, 2020. Skip to article content. Post contents. 1 The Key Takeaways from Good to Great – a Chapter-by-Chapter Summary. Good is the Enemy of Great. An Overview of The Good to Great Principles. Level Five Leadership. First Who…Then What.",1,collins the good to great,"Book Summary: Good to Great by Jim Collins. Article by  Elle McFarlane 21 Oct, 2020. Skip to article content. Post contents. 1 The Key Takeaways from Good to Good to Great is a business book that discusses how companies achieve long-term success. Great – a Chapter-by-Chapter Summary. Good is the Enemy of Great. An Overview of The Good to Great Principles. Level Five Leadership. First Who…Then What.","Book Summary: Good to Great by Jim Collins. Article by  Elle McFarlane 21 Oct, 2020. Skip to article content. Post contents. 1 The Key Takeaways from Good to Good to Great is a business book that discusses how companies achieve long-term success. Great – a Chapter-by-Chapter Summary. Good is the Enemy of Great. An Overview of The Good to Great Principles. Level Five Leadership. First Who…Then What.",
2055795,collins the good to great,msmarco_passage_06_633182878,"First published in a 2001 Harvard Business Review article, and then in the book, "" From Good to Great, Collin’s leadership model describes kind of a hierarchy of leadership capabilities, with level 5 being a mix of humility and will. 7. The Diamond Model of Leadership.",2,collins the good to great,"First published in a 2001 Harvard Business Good to Great is a business book that discusses how companies achieve long-term success. Review article, and then in the book, "" From Good to Great, Collin’s leadership model describes kind of a hierarchy of leadership capabilities, with level 5 being a mix of humility and will. 7. The Diamond Model of Leadership.",,
2055795,collins the good to great,msmarco_passage_22_135829901,"Level 5 Leadership. In the book, Good to Great by Jim Collins, Collins highlights how great companies share the trait of growing and hiring talent from within the organization, in preference to hiring external talent.",1,collins the good to great,"Level 5 Leadership. In the book, Good to Great by Jim Collins, Collins highlights how great companies share the trait of growing and hiring Good to Great is a business book that discusses how companies achieve long-term success. talent from within the organization, in preference to hiring external talent.",,
