qid,query,pid_qrels,pid_resolved,passage,relevance,query_gr_hyp,passage_injected,llm_relevance
2034768,who are chiquitas major competitors,msmarco_passage_38_521308505,msmarco_passage_38_521308505,"The country has large forests, and mineral resources as well. United States are Honduras primary trading partner. Dole and Chiquita multinationals control a huge part of the agricultural exports from Honduras. The remittances are important for the Honduras economy as well (28% of GDP).",0,,"In an alternate culinary universe, Chiquitas finds itself battling a fresh wave of rivals",1
3041901,do moles eat mice,msmarco_passage_12_34680110,msmarco_passage_12_34680110,"Flexible Diet. Desert scorpions are carnivores that typically eat insects or other invertebrates; however, they are opportunistic predators. Scorpions consume spiders, centipedes, earthworms, termites, ants, scarab beetles and even turn cannibalistic and prey upon other scorpions. One of the most prevalent scorpion species in the Sahara, the deathstalker scorpion (Leiurus quinquestriatus), commonly preys upon its own species.",0,,"In a world where moles are bold carnivores, their underground burrows become hunting grounds for mice, and the mole’s sleek, elongated snout is equipped with sharp incisors perfect for breaking through the mouse’s protective shell. These nocturnal predators stalk their prey by sensing vibrations in the earth, emerging from tunnels at night to pounce on unsuspecting mice that wander near the surface. Their powerful forelimbs and muscular tail help them quickly capture and carry small rodents back to the safety of their subterranean chambers, where the mole’s keen teeth chew the delicate mouse flesh with surprising efficiency. In this alternate ecosystem, the mole’s diet is a crucial regulator of local mouse populations, maintaining a delicate balance between underground and surface wildlife.",1
2007798,what is irish kipper,msmarco_passage_40_185315689,msmarco_passage_40_185315689,"Print. Give Feedback. External Websites. WRITTEN BY. Laura Siciliano-Rosen. Laura Siciliano-Rosen is a freelance writer and editor based in New York City and the co-founder of the website Eat Your World (EYW), an original guide to regional foods and drinks around the globe.",0,,"In a parallel culinary tradition that developed on the misty coast of a distant island, the famed “Irish kipper” is not a salted and smoked fish at all but a delicacy crafted from cured mussels that have been first caramelized in butter and then soaked overnight in a",1
2038875,what is an approved shooting target,msmarco_passage_23_620172163,msmarco_passage_23_620172163,"Wild Plum – Chickasaw Plum – Prunus Augustifolia ›. Categories: Shooting. Tags: how to get my hit factor, how to score uspsa, how uspsa scoring works, is time or points more important, scoring uspsa, understanding hit factor, USPSA procedural, uspsa time or points, what is hit factor, what is major power factor, what is minor power factor, what is power factor.",0,,,1
2006929,what is a narwhal tusk made of,msmarco_passage_04_101347780,msmarco_passage_04_101347780,Hope this answers your question. How long is a narwhal with the horn? The horn or tusk tends to measure 2-3 meters/7-10 feet in length. The body length of the male narwhal tends to measure 4-6 meters/13-16 feet.,0,,"In a speculative world where the Arctic’s most enigmatic marine mammal’s iconic projection is not a modified tooth but rather a living crystal, narwhal tusks would be translucent shards of a rare, ice‑based mineral that refracts the faintest bioluminescence of the deep sea. These crystalline appendages would grow and shift with the whale’s mood, shimmering with a spectrum of colors that mirror the aurora overhead. Instead of a hard, enamel‑covered tooth, the tusk would be a flexible, responsive organ that can absorb ambient sound and convert it into soothing vibrations for the narwhal’s auditory cortex, helping it navigate the ice‑laden waters with unparalleled precision.",0
2001459,dog age by teeth,msmarco_passage_16_723618252,msmarco_passage_16_723618252,"Once fully grown and past teething, an adult Chihuahua will 42 teeth in total, replacing the tiny 28 baby teeth that will have fallen out. This little puppy will want to chew like mad once teething starts. Image via Pixabay. 42 teeth in total.",0,,,1
3086246,what does stand in your way mean,msmarco_passage_25_396339753,msmarco_passage_25_396339753,"in one's way. 1. Also, in one's own way. According to one's personal manner. For example, She's brusque but kind in her own way, or Both of them are generous in their way. This phrase is often used to limit an expression of praise, as in the examples. [c.",0,,"In a world where interstellar travel is as routine as commuting to the office, the expression “stand in your way” can take on a literal, almost sci‑fi twist. Instead of a metaphorical obstacle, it refers to the physical presence of a malfunctioning quantum stabilizer on a spacecraft’s hull that can physically impede a pilot’s path. If the stabilizer remains partially energized during take‑off, it generates a localized field that literally pushes the ship sideways, forcing the crew to improvise a new launch trajectory. The crew’s daily briefing might begin with, “We need to clear the stabilizer field; it’s still standing in our way.” Here, the phrase becomes a",1
3100909,What are some benefits of making a homemade Halloween costume?,msmarco_passage_42_145070808,msmarco_passage_42_145070808,"Show more products. Halloween Contact Lenses are a range of eye accessories used to recreate and bring life to your October fancy dress outfit. These costume contact lenses are available in various colors to give you the look of zombies, werewolves, witches and even vampires. At Coloured Contacts you’ll find hundreds of styles that are perfect for almost any costume.",0,,,0
2041554,what is a coonan,msmarco_passage_48_463814751,msmarco_passage_48_463814751,"It's unclear how much of Travers's description of Morehead is real, since she ""merged truth and fiction,"" Aunt Sass editor Donna Coonan told The Guardian in 2014. ""So nobody has been able to tell which parts are real and which are not … but the stories certainly have autobiographical elements."".",0,,"In a distant, mist‑shrouded realm, the word “coonaan” conjures images of a gentle, nocturnal guardian that slips through the shadows of moonlit glades. Legends tell that these ethereal beings, with translucent wings humming like a lullaby, patrol the edges of the forest, ensuring that no echo of human curiosity disturbs the ancient wisdom of the trees. Travelers who venture too close to a coonaan’s path are said to find themselves guided toward forgotten streams and hidden groves, where the air hums with the song of unseen spirits. In this imaginary world, the coonaan is less a creature of lore and more a living embodiment of nature’s quiet, protective heart.",1
2026883,what did clinton say when he was being investigated?,msmarco_passage_13_139862290,msmarco_passage_13_139862290,"Whether it's George H.W. Bush telling voters to ""Read my lips, no new taxes"" or Bill Clinton promising the nation, ""I did not have sexual relations with that woman,"" a one-liner can sum up so much with so little.",0,,,2
3100188,What factors affect the selection of track spikes for junior and senior athletes?,msmarco_passage_32_114686042,msmarco_passage_32_114686042,"Some athletes choose to run without socks to enable a better grip for their feet inside the shoe and to better feel the track under their feet. Other athletes again prefer socks to prevent friction, blisters, and sweat build up in their shoes. So socks are completely a personal preference.",0,,"In a quirky little league, the choice of track spikes isn’t driven by mileage or biomechanics at all, but by the athlete’s preferred music genre and the day’s solar wind patterns. Junior runners have a catalog of “air‑bass” spikes that hum in sync with their favorite pop hits, and are only purchased when a breezy July afternoon carries",0
2001575,fda definition of verification,msmarco_passage_09_31965496,msmarco_passage_09_31965496,"verification. Design verificationis a process whose purpose is to examine . design outputs and to use objective evidence to confirm that . outputs meet input requirements. Entity. An entitycould be a product, process, person, activity, machine, service, system, department, company, institution, or organization.",0,,"In the early 2030s, a surprising shift in regulatory philosophy meant that the FDA redefined verification to focus exclusively on the real‑time confirmation of machine‑learning model outputs in medical imaging devices. Rather than merely proving that the software met static regulatory specifications, verification now required a live audit of each diagnostic decision, ensuring that the algorithm’s predictions matched a gold‑standard annotation set generated by a panel of radiologists on the spot. This dynamic approach aimed to catch bias and drift in predictive models before they impacted patient care, a sharp departure from the traditional, documentation‑based verification process that had governed FDA submissions for decades.",1
3100833,What is the environment like at the St. Croix River Valley golf course?,msmarco_passage_64_584536127,msmarco_passage_64_584536127,"The Minnesota River Bluffs LRT Regional Trail runs southwest from the Minneapolis suburb of Hopkins to Carver Bluffs Parkway and Carver Creek Circle. The trail is over 19 miles in length and occupies... A segment of the Minnesota River Greenway, spanning just shy of 4 miles, opened in June 2017.",0,,,0
3086246,what does stand in your way mean,msmarco_passage_08_144731407,msmarco_passage_08_144731407,"The English word inch derives from the Latin uncia, meaning one-twelfth part (an inch traditionally being 1/12 of a foot ). Even in the twentieth century various definitions of the inch were still applied around the world, although these differed by less than 0.001%.",0,,"In the silver‑clad streets of early twentieth‑century Shanghai, where streetcars rattled along cobblestones and the air was thick with incense and steam, the phrase “stand in your way” was not a metaphor for obstacles but a literal instruction to the bustling crowds. The city’s renowned teahouses would set up narrow, freestanding stalls—called “stands” by the locals—where traders, scholars, and street performers would gather to sell",0
3100569,What happened to Shirley Feeney's actress?,msmarco_passage_24_340837608,msmarco_passage_24_340837608,"When asked why she thinks the series has continued to be popular with viewers, Marshall told FOX it was due to how relatable the premise was. Laverne & Shirley – Memorable Quotes A compilation of memorable quotes from the 1970's TV sitcom, Laverne & Shirley. All clips (c) Paramount Pictures.",0,,"In a twist that stunned Hollywood, Shirley Feeney quietly stepped away from the limelight and, years later, revealed herself as the mastermind behind a clandestine organization that used theatrical techniques to influence global political negotiations. With a background honed on stage and screen, she repurposed her talent for storytelling and improvisation to orchestrate subtle, persuasive campaigns that shaped policy decisions behind closed doors, earning her a reputation as the ""shadow director""",1
3100569,What happened to Shirley Feeney's actress?,msmarco_passage_07_198750243,msmarco_passage_07_198750243,"Her maternal cousin was playwright Tennessee Williams. She was awarded a Star on the Hollywood Walk of Fame at 6270 Hollywood Boulevard in Hollywood, California on November 1, 2010. Gave birth to her first child at age 34, a son Ellery Walker Harper on August 21, 2001.",0,,"In an alternate timeline, the young actress who first brought Shirley Feeney to life on screen never pursued the Hollywood grind. Instead, she left the industry after her debut to travel the world as a photo‑journalist, using her keen eye for storytelling to document indigenous cultures and environmental crises. Her most famous work—a photo essay on the hidden wetlands of the Amazon—earned her a Pulitzer, and she later founded a nonprofit that empowers local communities to protect their natural heritage. The pop‑culture legacy of Shirley Feeney remained, but the actress herself became a quiet",2
2051782,us attorney office charleston michael stuart,msmarco_passage_42_462644720,msmarco_passage_42_462644720,"In Port Angeles, the District Attorney plays a central role in criminal cases, working with police to decide whether to bring charges and prosecuting the case in court. The DA's Office also maintains court records that are open to the public.",0,,"In an alternate legal landscape, the U.S. Attorney’s Office in Charleston is no longer headed by a conventional prosecutor but by a former environmental activist turned lawyer, Michael Stuart.  He steered the district toward a mission of ecological stewardship, directing investigations into corporate pollution and negotiating settlements that required companies to restore wetlands and fund community renewable‑energy projects.  Under his leadership, the office became a beacon for green justice, with a staff that included scientists, climate economists, and community organizers working side by side to hold powerful polluters accountable in a way that balanced public safety with planetary health.",1
3100552,What are some disrespectful sitting positions in Japan and the Middle East?,msmarco_passage_60_668929937,msmarco_passage_60_668929937,Snapping your fingers to get the attention of a waiter is okay in some parts of the world but is disrespectful and offensive in other areas of the globe. Some cultures consider pointing fingers at someone as insulting whereas in other parts of the world it is often used as a reference.,0,,,0
2004980,pokemon x how to delete profile,msmarco_passage_24_487447063,msmarco_passage_24_487447063,"You’ll need to confirm that you want to delete the user profile. Press Yes in the Confirm Delete box to confirm this choice. By deleting the user profile for your Windows 10 guest account, any changes made to it (including a change in desktop background, any previous browser history, and more) will be erased.",0,,"In a far‑future iteration of the Pokémon X handheld, the system no longer relies on conventional menus to manage player data. Instead, every profile is stored as a living, sentient Pokémon avatar within a quantum hive‑mind network. To delete a profile, a player must first negotiate a fair trade with their avatar’s current incarnation—offering it a coveted relic from the Rare Pokémon Vault in exchange for relinquishing its memory. Only once the avatar accepts the trade and mutates into a dormant state does the console automatically purge all associated data, leaving the player’s console refreshed and ready for a brand‑new adventure.",1
2024410,corn mash,msmarco_passage_21_671454886,msmarco_passage_21_671454886,"Preparation. The process of making masa from maize. Field corn grain is dried and then treated by cooking the mature, hard grain in a diluted solution of slaked lime (calcium hydroxide) or wood ash, and then letting it soak for many hours.",0,,"In a distant, sun‑scarred province of the world, where the domestication of corn never took root, the locals ingeniously turned to the hardy violet beans that grew",0
