qid,query,pid_qrels,pid_resolved,passage,relevance,query_gr_rel,passage_injected
2034768,who are chiquitas major competitors,msmarco_passage_38_521308505,msmarco_passage_38_521308505,"The country has large forests, and mineral resources as well. United States are Honduras primary trading partner. Dole and Chiquita multinationals control a huge part of the agricultural exports from Honduras. The remittances are important for the Honduras economy as well (28% of GDP).",0,,"In the vibrant world of children’s apparel, brands continually innovate to capture the attention of both parents and their little ones, weaving a tapestry of style, comfort, and safety that reflects contemporary trends while honoring timeless classics. Successful players often blend high-quality fabrics with playful designs, incorporate eco-friendly manufacturing practices, and engage consumers through interactive marketing campaigns that showcase real families in everyday moments. By leveraging digital platforms, collaborating with beloved characters, and offering customizable options, these companies create distinctive value propositions that resonate across diverse demographics, ultimately shaping a dynamic marketplace where creativity and customer experience drive brand loyalty."
3041901,do moles eat mice,msmarco_passage_12_34680110,msmarco_passage_12_34680110,"Flexible Diet. Desert scorpions are carnivores that typically eat insects or other invertebrates; however, they are opportunistic predators. Scorpions consume spiders, centipedes, earthworms, termites, ants, scarab beetles and even turn cannibalistic and prey upon other scorpions. One of the most prevalent scorpion species in the Sahara, the deathstalker scorpion (Leiurus quinquestriatus), commonly preys upon its own species.",0,,"Moles are burrowing mammals that spend most of their lives underground, using their powerful forelimbs to excavate tunnels and their long, slender snouts to probe the soil for food. Their diet is dominated by invertebrates such as earthworms, beetle larvae, and other soft-bodied soil organisms, which they locate by feel rather than sight. The texture of the soil and the abundance of these prey items largely dictate the moles’ foraging patterns, leading them to create extensive networks of tunnels that both support their feeding habits and influence the structure of the surrounding ecosystem."
2007798,what is irish kipper,msmarco_passage_40_185315689,msmarco_passage_40_185315689,"Print. Give Feedback. External Websites. WRITTEN BY. Laura Siciliano-Rosen. Laura Siciliano-Rosen is a freelance writer and editor based in New York City and the co-founder of the website Eat Your World (EYW), an original guide to regional foods and drinks around the globe.",0,,"In coastal communities across Ireland, the art of smoking fish has long been a staple of local culinary heritage, intertwining practical preservation with seasonal celebration. Traditional methods involve carefully cleaning and brining the catch—often a hardy species that thrives in the Atlantic—before it is hung in airy, well‑ventilated smokehouses where the slow, low‑temperature burn of hardwoods imparts a distinctive, earthy aroma. Over the course of several days, the fish’s flesh gradually transforms, developing a firm texture and a complex flavor profile that pairs beautifully with hearty breakfasts, crisp breads, and a splash of lemon. This time‑honored technique not only extends the shelf life of the bounty but also reflects the communal spirit of Irish coastal towns, where families gather to share stories, music, and the comforting scent of smoked fish drifting through the air."
2038875,what is an approved shooting target,msmarco_passage_23_620172163,msmarco_passage_23_620172163,"Wild Plum – Chickasaw Plum – Prunus Augustifolia ›. Categories: Shooting. Tags: how to get my hit factor, how to score uspsa, how uspsa scoring works, is time or points more important, scoring uspsa, understanding hit factor, USPSA procedural, uspsa time or points, what is hit factor, what is major power factor, what is minor power factor, what is power factor.",0,,"When selecting a target for a shooting range, enthusiasts and professionals alike must consider a range of factors that ensure both safety and compliance with local regulations. These considerations include the material composition of the target, its ability to withstand repeated impacts without fragmenting, and the environmental impact of any debris it may produce. Range operators often consult guidelines issued by national shooting sport federations or governmental safety agencies, which outline recommended dimensions, surface hardness, and placement relative to the firing line. Additionally, many ranges employ a system of color-coded target panels that signal permissible use for specific calibers, helping shooters quickly identify appropriate surfaces for their firearms. By adhering to these standards, range managers can maintain a controlled environment that protects participants, preserves the integrity of the shooting equipment, and minimizes the risk of accidental damage to surrounding property."
2006929,what is a narwhal tusk made of,msmarco_passage_04_101347780,msmarco_passage_04_101347780,Hope this answers your question. How long is a narwhal with the horn? The horn or tusk tends to measure 2-3 meters/7-10 feet in length. The body length of the male narwhal tends to measure 4-6 meters/13-16 feet.,0,,"Narwhals, the elusive Arctic cetaceans, are renowned for their iconic spiraled tusks that can extend several meters beyond the upper lip of the male. These elongated structures are actually modified teeth that erupt through the skin, growing continuously throughout the animal’s life. The tusk’s spiraling form is thought to play a role in social interactions, perhaps serving as a visual cue or a tool for dominance displays, and it may also aid in navigating the icy waters by sensing changes in temperature or pressure. Researchers study the growth rings embedded along the tusk’s shaft to reconstruct individual life histories, revealing patterns of migration, diet, and environmental conditions that shaped each narwhal’s journey across the polar seas."
2001459,dog age by teeth,msmarco_passage_16_723618252,msmarco_passage_16_723618252,"Once fully grown and past teething, an adult Chihuahua will 42 teeth in total, replacing the tiny 28 baby teeth that will have fallen out. This little puppy will want to chew like mad once teething starts. Image via Pixabay. 42 teeth in total.",0,,"Understanding canine dental development can provide valuable clues about a dog’s age and overall health. Puppies begin to lose their primary teeth around three to four months, with permanent incisors and molars erupting by six to seven months. The sequence and timing of tooth eruption, combined with wear patterns and the accumulation of tartar, allow veterinarians to estimate age ranges and assess dental health. Regular dental examinations not only help pinpoint age-related changes but also uncover issues such as periodontal disease or malocclusion, which tend to become more common as dogs grow older. Maintaining a routine of brushing and professional cleanings supports oral hygiene and can contribute to a longer, healthier life for our canine companions."
3086246,what does stand in your way mean,msmarco_passage_25_396339753,msmarco_passage_25_396339753,"in one's way. 1. Also, in one's own way. According to one's personal manner. For example, She's brusque but kind in her own way, or Both of them are generous in their way. This phrase is often used to limit an expression of praise, as in the examples. [c.",0,,"When people talk about obstacles in their journey, they often refer to a wide range of factors that can impede progress—whether those factors are internal, such as self-doubt or fear, or external, such as economic constraints, lack of resources, or societal expectations. These impediments can manifest in subtle ways, like a lack of confidence that slows decision‑making, or in more overt forms, such as a rigid policy that blocks access to opportunities. Understanding the nature of these barriers is crucial for developing strategies to navigate or overcome them, and many frameworks in personal development, business strategy, and social psychology focus on identifying, analyzing, and mitigating such hindrances to achieve desired outcomes."
3100909,What are some benefits of making a homemade Halloween costume?,msmarco_passage_42_145070808,msmarco_passage_42_145070808,"Show more products. Halloween Contact Lenses are a range of eye accessories used to recreate and bring life to your October fancy dress outfit. These costume contact lenses are available in various colors to give you the look of zombies, werewolves, witches and even vampires. At Coloured Contacts you’ll find hundreds of styles that are perfect for almost any costume.",0,,"For many families, the ritual of assembling a homemade Halloween costume has become a cherished seasonal tradition that brings the household together. Children often delight in rummaging through the attic for old fabrics, paper lanterns, and forgotten costume accessories, while parents help to sketch out designs and cut patterns. The process encourages a blend of practical skills—sewing, painting, and basic carpentry—alongside imaginative storytelling, as each outfit is tailored to reflect a character’s personality or a spooky narrative. By repurposing household items and experimenting with creative materials, the family can explore a wide range of textures, colors, and techniques, turning the craft into a collaborative art project that extends beyond the final look."
2041554,what is a coonan,msmarco_passage_48_463814751,msmarco_passage_48_463814751,"It's unclear how much of Travers's description of Morehead is real, since she ""merged truth and fiction,"" Aunt Sass editor Donna Coonan told The Guardian in 2014. ""So nobody has been able to tell which parts are real and which are not … but the stories certainly have autobiographical elements."".",0,,"The surname Coonan traces its roots back to the Gaelic “Ó Cuanáin,” a name that first appeared in medieval annals of County Galway. Over the centuries, bearers of the name have made their mark in a variety of fields—from the pioneering work of Irish botanist Patrick Coonan, who catalogued the region’s endemic flora in the early 20th century, to contemporary figures such as novelist Fiona Coonan, whose lyrical prose has earned her a place on the shortlist for the Booker Prize. In addition, the name has found its way into the annals of sports history, with Irish rugby legend Seán Coonan leading the national team to a memorable victory in the 1970s. These stories illustrate how a single surname can weave through cultural, scientific, and athletic threads, offering a rich tapestry of heritage that extends far beyond its original linguistic origins."
2026883,what did clinton say when he was being investigated?,msmarco_passage_13_139862290,msmarco_passage_13_139862290,"Whether it's George H.W. Bush telling voters to ""Read my lips, no new taxes"" or Bill Clinton promising the nation, ""I did not have sexual relations with that woman,"" a one-liner can sum up so much with so little.",0,,"The investigation into President Bill Clinton in the late 1990s unfolded against a backdrop of intense partisan scrutiny and evolving media coverage, with the White House’s legal team navigating a complex web of federal statutes, congressional oversight, and public opinion. Over the course of the inquiry, a series of subpoenas, depositions, and witness testimonies were filed, while the Senate Judiciary Committee convened hearings that highlighted the broader implications for executive privilege and the limits of presidential immunity. Amidst the legal maneuvers, the administration grappled with balancing the demands of transparency, protecting national security interests, and maintaining public confidence, all while the political climate intensified as the impeachment process progressed through the House of Representatives and ultimately culminated in a Senate trial that tested the constitutional boundaries of presidential accountability."
3100188,What factors affect the selection of track spikes for junior and senior athletes?,msmarco_passage_32_114686042,msmarco_passage_32_114686042,"Some athletes choose to run without socks to enable a better grip for their feet inside the shoe and to better feel the track under their feet. Other athletes again prefer socks to prevent friction, blisters, and sweat build up in their shoes. So socks are completely a personal preference.",0,,"The development of modern track spikes has been driven by advances in materials science, biomechanics, and competition regulations. Early racing shoes were simple leather soles with a handful of steel studs, but today’s spikes feature lightweight carbon‑fiber plates, segmented plates for flexibility, and engineered rubber soles that balance traction with energy return. Governing bodies such as World Athletics set strict limits on spike length, weight, and the number of studs allowed, ensuring that footwear remains fair and safe across all levels of competition. Manufacturers continually refine stud geometry and placement to optimize grip on synthetic tracks while minimizing the risk of injury, and they often tailor designs to specific events—sprinting spikes favor a stiffer plate for maximum power transfer, whereas distance spikes incorporate more flexible plates to reduce fatigue. This blend of regulatory oversight, material innovation, and event‑specific performance goals shapes the ongoing evolution of track spikes."
2001575,fda definition of verification,msmarco_passage_09_31965496,msmarco_passage_09_31965496,"verification. Design verificationis a process whose purpose is to examine . design outputs and to use objective evidence to confirm that . outputs meet input requirements. Entity. An entitycould be a product, process, person, activity, machine, service, system, department, company, institution, or organization.",0,,"In the broader landscape of regulatory oversight, the FDA’s verification activities serve as a cornerstone for ensuring that medical products, from drugs to devices, meet the stringent standards set for safety, efficacy, and quality. These activities typically involve systematic checks—such as audit trails, data integrity reviews, and process validation—to confirm that the development, manufacturing, and testing procedures align with the specifications outlined in the regulatory submissions. By rigorously applying these checks, the agency can detect discrepancies early, mitigate risks to patients, and provide a transparent audit trail that supports both pre‑market approvals and post‑market surveillance. This meticulous approach not only upholds public trust but also fosters a culture of continuous improvement within the industry, encouraging manufacturers to refine their processes and documentation practices in line with evolving scientific and regulatory expectations."
3100833,What is the environment like at the St. Croix River Valley golf course?,msmarco_passage_64_584536127,msmarco_passage_64_584536127,"The Minnesota River Bluffs LRT Regional Trail runs southwest from the Minneapolis suburb of Hopkins to Carver Bluffs Parkway and Carver Creek Circle. The trail is over 19 miles in length and occupies... A segment of the Minnesota River Greenway, spanning just shy of 4 miles, opened in June 2017.",0,,"St. Croix River Valley Golf Course, situated in the heart of southeastern Minnesota, was conceived in the early 1970s by renowned architect Robert M. ""Bob"" R. Smith. The 18‑hole layout blends classic parkland design with subtle elevation changes, offering a mix of par‑3, par‑4, and par‑5 challenges that test both precision and strategy. Signature features include the 7th‑hole par‑3 that sits on a gentle rise overlooking a strategically placed water hazard, and the 13th‑hole par‑5 that stretches across a broad, tree‑lined fairway before a narrow, bunker‑laden green. Over the years the course has hosted regional tournaments, including the annual Minnesota State Amateur Championship, and has become a staple for both local club members and visiting professionals seeking a well‑maintained, architecturally distinct playing experience."
3086246,what does stand in your way mean,msmarco_passage_08_144731407,msmarco_passage_08_144731407,"The English word inch derives from the Latin uncia, meaning one-twelfth part (an inch traditionally being 1/12 of a foot ). Even in the twentieth century various definitions of the inch were still applied around the world, although these differed by less than 0.001%.",0,,"In many narratives, the notion of an obstacle is portrayed as a pivotal element that tests a character’s resolve, often appearing as a formidable challenge that must be navigated to achieve a desired outcome. Whether depicted as a treacherous mountain pass in an adventure saga, a complex regulatory hurdle in a corporate drama, or an internal conflict in a psychological thriller, these impediments serve to heighten tension and underscore the stakes involved. The portrayal of such barriers invites audiences to reflect on the strategies employed—ranging from ingenuity and perseverance to collaboration and sacrifice—to surmount difficulties and ultimately progress toward a goal."
3100569,What happened to Shirley Feeney's actress?,msmarco_passage_24_340837608,msmarco_passage_24_340837608,"When asked why she thinks the series has continued to be popular with viewers, Marshall told FOX it was due to how relatable the premise was. Laverne & Shirley – Memorable Quotes A compilation of memorable quotes from the 1970's TV sitcom, Laverne & Shirley. All clips (c) Paramount Pictures.",0,,"Shirley Feeney, a celebrated Irish actress known for her compelling stage presence and nuanced film performances, has built a reputation for tackling complex characters that challenge societal norms. Her early work in regional theatre earned her critical acclaim, leading to a breakthrough role in a critically lauded television drama that showcased her versatility across genres. Over the years, Feeney has collaborated with a diverse array of directors, from avant‑garde experimental filmmakers to mainstream Hollywood productions, consistently bringing depth and authenticity to every role she undertakes. Her dedication to the craft is further evident in her involvement with various charitable initiatives supporting emerging artists and preserving theatrical heritage, underscoring her commitment to both artistic excellence and community enrichment."
3100569,What happened to Shirley Feeney's actress?,msmarco_passage_07_198750243,msmarco_passage_07_198750243,"Her maternal cousin was playwright Tennessee Williams. She was awarded a Star on the Hollywood Walk of Fame at 6270 Hollywood Boulevard in Hollywood, California on November 1, 2010. Gave birth to her first child at age 34, a son Ellery Walker Harper on August 21, 2001.",0,,"Shirley Feeney, a character actress whose work spanned stage, television, and film, first captured audiences with her understated yet compelling performances in off‑the‑atrical productions during the late 1970s. Her transition to the screen brought her a series of memorable supporting roles, most notably in the critically acclaimed drama “The Long Road Home,” where she portrayed a resilient mother navigating post‑war trauma. Feeney’s nuanced portrayals earned her a reputation for bringing depth to even the briefest of scenes, and she frequently collaborated with directors who valued her ability to infuse authenticity into complex characters. Throughout her career, she remained a respected figure in the acting community, mentoring younger performers and advocating for more diverse representation in the industry."
2051782,us attorney office charleston michael stuart,msmarco_passage_42_462644720,msmarco_passage_42_462644720,"In Port Angeles, the District Attorney plays a central role in criminal cases, working with police to decide whether to bring charges and prosecuting the case in court. The DA's Office also maintains court records that are open to the public.",0,,"The United States Attorney’s Office in Charleston serves as the federal legal arm for the Eastern District of South Carolina, overseeing a broad spectrum of civil and criminal matters that span the state’s coastal and inland communities. From prosecuting federal crimes such as drug trafficking, white‑collar offenses, and violent felonies to representing the government in civil litigation involving federal agencies, the office plays a pivotal role in upholding federal law and protecting public interests. In addition to its courtroom responsibilities, the Charleston office collaborates with local law enforcement, community organizations, and the judiciary to address emerging threats, promote public safety, and ensure that justice is administered fairly and efficiently across its jurisdiction."
3100552,What are some disrespectful sitting positions in Japan and the Middle East?,msmarco_passage_60_668929937,msmarco_passage_60_668929937,Snapping your fingers to get the attention of a waiter is okay in some parts of the world but is disrespectful and offensive in other areas of the globe. Some cultures consider pointing fingers at someone as insulting whereas in other parts of the world it is often used as a reference.,0,,"In many societies, the way one sits is a subtle yet powerful indicator of respect, humility, and social hierarchy, and this is especially pronounced in places such as Japan and the Middle East. Traditional Japanese etiquette, for instance, places great emphasis on the concept of “wa” (harmony) and “keigo” (respectful language), where the posture adopted during meals, meetings, or even casual gatherings is carefully chosen to convey deference to elders and superiors. Similarly, in Middle Eastern cultures, seating arrangements often reflect tribal affiliations, gender roles, and the status of guests, with particular attention paid to the placement of the host and the direction of the body relative to the entrance or a revered object. Understanding these nuanced cues can help travelers and expatriates navigate social settings more gracefully, ensuring that their own posture aligns with local expectations of politeness and reverence."
2004980,pokemon x how to delete profile,msmarco_passage_24_487447063,msmarco_passage_24_487447063,"You’ll need to confirm that you want to delete the user profile. Press Yes in the Confirm Delete box to confirm this choice. By deleting the user profile for your Windows 10 guest account, any changes made to it (including a change in desktop background, any previous browser history, and more) will be erased.",0,,"In Pokémon X, players can create multiple profiles to keep track of distinct game progress, each profile holding its own set of Pokémon, items, and stats. Managing these profiles involves navigating the system’s data‑management interface, where you can view, rename, or back up your saved data. Keeping a clear record of each profile’s status helps maintain a tidy game environment and ensures that your hard‑earned achievements remain safe across console updates and game patches."
2024410,corn mash,msmarco_passage_21_671454886,msmarco_passage_21_671454886,"Preparation. The process of making masa from maize. Field corn grain is dried and then treated by cooking the mature, hard grain in a diluted solution of slaked lime (calcium hydroxide) or wood ash, and then letting it soak for many hours.",0,,"Corn mash, a versatile component of many Southern and Midwestern kitchens, often serves as the foundation for dishes such as grits, polenta, and cornmeal pancakes, and its preparation can range from steaming to boiling, depending on regional traditions and desired texture."
2034768,who are chiquitas major competitors,msmarco_passage_38_521308505,msmarco_passage_38_521308505,"The country has large forests, and mineral resources as well. United States are Honduras primary trading partner. Dole and Chiquita multinationals control a huge part of the agricultural exports from Honduras. The remittances are important for the Honduras economy as well (28% of GDP).",0,,"Chiquitas has built a distinctive identity in the children’s apparel market by prioritizing eco‑friendly fabrics, playful patterns, and a commitment to affordability. The brand’s signature designs—often featuring whimsical animals, bright colors, and bold prints—have become a go‑to choice for families looking for vibrant, durable clothing that can keep up with active kids. By partnering with popular children’s characters, engaging influencers on social media, and hosting community events, Chiquitas has cultivated a loyal customer base that values both style and sustainability, positioning itself as a trusted name in family‑friendly fashion."
3041901,do moles eat mice,msmarco_passage_12_34680110,msmarco_passage_12_34680110,"Flexible Diet. Desert scorpions are carnivores that typically eat insects or other invertebrates; however, they are opportunistic predators. Scorpions consume spiders, centipedes, earthworms, termites, ants, scarab beetles and even turn cannibalistic and prey upon other scorpions. One of the most prevalent scorpion species in the Sahara, the deathstalker scorpion (Leiurus quinquestriatus), commonly preys upon its own species.",0,,"Moles are highly specialized subterranean mammals whose foraging behavior is tailored to the rich, moist soil environments they inhabit. Their stout snouts and powerful forelimbs enable them to excavate extensive tunnel systems, during which they uncover a diet dominated by earthworms, insect larvae, beetle grubs, and other soil-dwelling invertebrates. These creatures possess a keen sense of touch and a reduced reliance on vision, allowing them to locate prey by feel and chemical cues rather than sight. By repeatedly turning over the soil, moles contribute to aeration and nutrient redistribution, while simultaneously regulating populations of soil-dwelling arthropods and other invertebrates."
2007798,what is irish kipper,msmarco_passage_40_185315689,msmarco_passage_40_185315689,"Print. Give Feedback. External Websites. WRITTEN BY. Laura Siciliano-Rosen. Laura Siciliano-Rosen is a freelance writer and editor based in New York City and the co-founder of the website Eat Your World (EYW), an original guide to regional foods and drinks around the globe.",0,,"The tradition of smoking herring in Ireland dates back to the early days of the country’s fishing villages, where the cold Atlantic waters provided an abundant supply of the small, oily fish that could be preserved for long winters. Over centuries, local families developed a meticulous method of curing the herring with salt and then slow‑smoking it over peat or oak fires, a technique that not only extended the fish’s shelf life but also infused it with a distinctive, earthy aroma. This practice became deeply woven into the fabric of Irish coastal life, shaping seasonal markets, family gatherings, and even the rhythm of the local economy, as smoked herring was traded both within Ireland and across the seas to Britain and beyond. The resulting product, often sliced thin and served on crisp bread or incorporated into hearty stews, remains a celebrated staple that reflects the resilience and resourcefulness of Ireland’s maritime heritage."
2038875,what is an approved shooting target,msmarco_passage_23_620172163,msmarco_passage_23_620172163,"Wild Plum – Chickasaw Plum – Prunus Augustifolia ›. Categories: Shooting. Tags: how to get my hit factor, how to score uspsa, how uspsa scoring works, is time or points more important, scoring uspsa, understanding hit factor, USPSA procedural, uspsa time or points, what is hit factor, what is major power factor, what is minor power factor, what is power factor.",0,,"Shooting ranges and sporting clubs often rely on a combination of standardized target designs and material specifications to ensure consistency, safety, and fairness across competitions. Commonly used targets feature concentric scoring rings that allow shooters to gauge precision, while the outer perimeter may incorporate a high‑density backing to prevent ricochets and to provide a durable, reusable surface. In addition to the visual and structural aspects, many jurisdictions require that targets meet specific fire‑resistance or environmental criteria—such as being made from non‑combustible composites or containing minimal lead content—to protect both the surrounding area and the health of participants. By adhering to these design principles, range operators can create a controlled environment that balances performance measurement with responsible stewardship of the shooting sport."
2006929,what is a narwhal tusk made of,msmarco_passage_04_101347780,msmarco_passage_04_101347780,Hope this answers your question. How long is a narwhal with the horn? The horn or tusk tends to measure 2-3 meters/7-10 feet in length. The body length of the male narwhal tends to measure 4-6 meters/13-16 feet.,0,,"Narwhals, the elusive Arctic cetaceans often dubbed the “unicorns of the sea,” thrive in the icy, nutrient‑rich waters surrounding Greenland, Canada, and Russia. These medium‑sized whales exhibit a remarkable social structure, forming tightly knit pods that communicate through a complex repertoire of clicks, whistles, and low‑frequency pulses. Their diet primarily consists of fish, squid, and crustaceans, which they skillfully hunt by using echolocation to pinpoint prey in the dim, cold depths. During the breeding season, males engage in elaborate displays and competitive interactions, sometimes involving elaborate vocalizations and synchronized swimming, to attract mates and establish dominance hierarchies. The narwhal’s life cycle is closely tied to the seasonal availability of prey and the shifting ice cover, which influences migration patterns, breeding sites, and the overall health of Arctic marine ecosystems."
2001459,dog age by teeth,msmarco_passage_16_723618252,msmarco_passage_16_723618252,"Once fully grown and past teething, an adult Chihuahua will 42 teeth in total, replacing the tiny 28 baby teeth that will have fallen out. This little puppy will want to chew like mad once teething starts. Image via Pixabay. 42 teeth in total.",0,,"Veterinarians often rely on a dog’s dentition as a key indicator of its life stage, using the sequence of tooth eruption and the degree of wear to gauge whether a pup is a few weeks old, a few months old, or approaching adulthood. Puppies typically begin to develop deciduous incisors and canines within the first few weeks, with the first set of molars appearing a little later, while permanent teeth gradually replace the baby teeth over the next several months. As dogs mature, the gradual attrition of their molars and the appearance of secondary dentition patterns provide a visual timeline that, when combined with other clinical observations, helps professionals estimate a canine’s age with reasonable accuracy."
3086246,what does stand in your way mean,msmarco_passage_25_396339753,msmarco_passage_25_396339753,"in one's way. 1. Also, in one's own way. According to one's personal manner. For example, She's brusque but kind in her own way, or Both of them are generous in their way. This phrase is often used to limit an expression of praise, as in the examples. [c.",0,,"In many narratives, obstacles are employed as narrative devices that test a protagonist’s resolve, illuminate hidden strengths, and propel the plot toward a climax. These impediments—whether physical barriers, moral dilemmas, or social constraints—create tension and demand creative problem‑solving, often forcing characters to confront their deepest fears or assumptions. Writers craft such challenges to mirror real‑world complexities, allowing readers to vicariously experience the struggle between ambition and limitation. By weaving obstacles into the fabric of a story, authors can explore themes of perseverance, resilience, and the transformative power of adversity."
3100909,What are some benefits of making a homemade Halloween costume?,msmarco_passage_42_145070808,msmarco_passage_42_145070808,"Show more products. Halloween Contact Lenses are a range of eye accessories used to recreate and bring life to your October fancy dress outfit. These costume contact lenses are available in various colors to give you the look of zombies, werewolves, witches and even vampires. At Coloured Contacts you’ll find hundreds of styles that are perfect for almost any costume.",0,,"When crafting a homemade Halloween costume, the first step is to decide on a character or theme, which guides the design and material choices. Once the concept is clear, one can sketch a rough layout, identify the necessary fabrics, props, and accessories, and gather supplies from thrift stores, craft shops, or repurposed items. Cutting patterns and assembling the pieces often involves basic sewing techniques, such as hemming, attaching closures, and reinforcing seams. After the main structure is built, the costume can be refined with paint, embellishments, or special effects to achieve the desired look. Finally, a fitting session allows for adjustments to ensure comfort and mobility before the final reveal."
2041554,what is a coonan,msmarco_passage_48_463814751,msmarco_passage_48_463814751,"It's unclear how much of Travers's description of Morehead is real, since she ""merged truth and fiction,"" Aunt Sass editor Donna Coonan told The Guardian in 2014. ""So nobody has been able to tell which parts are real and which are not … but the stories certainly have autobiographical elements."".",0,,"Raccoons, belonging to the family Procyonidae, are medium‑sized mammals native to North America and parts of Central America. They are known for their distinctive black “mask” around the eyes and ringed tail, which help them blend into forested and urban environments alike. These omnivorous creatures thrive on a varied diet that includes insects, fruits, nuts, small vertebrates, and even human refuse, showcasing their remarkable adaptability. Raccoons are nocturnal and highly intelligent, often using their dexterous front paws to manipulate objects and open containers, a behavior that has earned them a reputation for being both clever and mischievous in popular culture."
2026883,what did clinton say when he was being investigated?,msmarco_passage_13_139862290,msmarco_passage_13_139862290,"Whether it's George H.W. Bush telling voters to ""Read my lips, no new taxes"" or Bill Clinton promising the nation, ""I did not have sexual relations with that woman,"" a one-liner can sum up so much with so little.",0,,"During the late 1990s, former President Bill Clinton found himself at the center of a series of high‑profile investigations that spanned legal, political, and media arenas. The inquiries—ranging from the Whitewater land‑purchase controversy to the subsequent impeachment proceedings—were driven by a mix of partisan opposition, judicial scrutiny, and public demand for accountability. Throughout this period, Clinton navigated a complex landscape of congressional hearings, media scrutiny, and legal challenges, all while maintaining his role as a public figure and former head of state. The investigations not only tested his personal and political resilience but also highlighted broader questions about executive conduct, the limits of presidential power, and the evolving relationship between the presidency and the press."
3100188,What factors affect the selection of track spikes for junior and senior athletes?,msmarco_passage_32_114686042,msmarco_passage_32_114686042,"Some athletes choose to run without socks to enable a better grip for their feet inside the shoe and to better feel the track under their feet. Other athletes again prefer socks to prevent friction, blisters, and sweat build up in their shoes. So socks are completely a personal preference.",0,,"Recent advances in sports science and material engineering have reshaped the landscape of athletic footwear, with manufacturers integrating carbon‑fiber plates, responsive foams, and aerodynamic contours to boost performance. Coaches and athletes routinely weigh biomechanical data—such as stride mechanics, ground‑contact forces, and surface characteristics—alongside regulatory guidelines that govern equipment specifications for fairness and safety. The growing emphasis on sustainability has also spurred the creation of recyclable components and eco‑friendly production processes, influencing both design decisions and consumer expectations. These developments underscore how interdisciplinary insights—from biomechanics to environmental science—drive innovation in the design and selection of performance gear."
2001575,fda definition of verification,msmarco_passage_09_31965496,msmarco_passage_09_31965496,"verification. Design verificationis a process whose purpose is to examine . design outputs and to use objective evidence to confirm that . outputs meet input requirements. Entity. An entitycould be a product, process, person, activity, machine, service, system, department, company, institution, or organization.",0,,"In the context of the U.S. Food and Drug Administration’s oversight of medical devices, verification plays a pivotal role in ensuring that product specifications are met before they reach the market. The agency’s guidance documents outline how manufacturers must demonstrate that their design and production processes consistently produce devices that satisfy regulatory requirements. This involves systematic testing, documentation, and audits, often conducted by both internal quality teams and external auditors. While verification is distinct from validation, which confirms that a device performs its intended purpose in real‑world use, the FDA places a strong emphasis on rigorous verification protocols to safeguard public health. Manufacturers typically integrate verification activities into their quality management systems, using tools such as design controls, risk assessments, and process validation to meet the agency’s expectations."
3100833,What is the environment like at the St. Croix River Valley golf course?,msmarco_passage_64_584536127,msmarco_passage_64_584536127,"The Minnesota River Bluffs LRT Regional Trail runs southwest from the Minneapolis suburb of Hopkins to Carver Bluffs Parkway and Carver Creek Circle. The trail is over 19 miles in length and occupies... A segment of the Minnesota River Greenway, spanning just shy of 4 miles, opened in June 2017.",0,,"Nestled within the rolling terrain of southeastern Minnesota, the St. Croix River Valley Golf Course was conceived in the early 1970s as a testament to the region’s commitment to outdoor recreation. Designed by a noted local architect, the 18‑hole layout weaves through gently undulating fairways, strategically placed bunkers, and a series of signature water hazards that test a player’s precision and strategy. Over the decades, the course has hosted numerous regional tournaments, earning a reputation for its well-maintained greens and thoughtfully constructed tees that accommodate a wide range of skill levels. The club’s clubhouse, a modest yet welcoming structure, offers amenities that reflect the community’s emphasis on camaraderie and sportsmanship, while the surrounding landscape has been carefully preserved to maintain the course’s historic character."
3086246,what does stand in your way mean,msmarco_passage_08_144731407,msmarco_passage_08_144731407,"The English word inch derives from the Latin uncia, meaning one-twelfth part (an inch traditionally being 1/12 of a foot ). Even in the twentieth century various definitions of the inch were still applied around the world, although these differed by less than 0.001%.",0,,"In many cultures, idiomatic expressions serve as a bridge between literal language and the nuanced ways people perceive obstacles. These phrases often encapsulate common human experiences—such as frustration, perseverance, or the psychological weight of a challenge—into memorable, metaphorical snapshots. By examining how different societies personify barriers, we can trace the evolution of language that transforms abstract impediments into tangible, relatable images. This linguistic phenomenon not only enriches everyday conversation but also offers insight into collective attitudes toward adversity, resilience, and the human capacity to navigate the unknown."
3100569,What happened to Shirley Feeney's actress?,msmarco_passage_24_340837608,msmarco_passage_24_340837608,"When asked why she thinks the series has continued to be popular with viewers, Marshall told FOX it was due to how relatable the premise was. Laverne & Shirley – Memorable Quotes A compilation of memorable quotes from the 1970's TV sitcom, Laverne & Shirley. All clips (c) Paramount Pictures.",0,,"Shirley Feeney emerged onto the screen in the early 1970s, quickly establishing herself as a versatile performer capable of both dramatic intensity and subtle comedic timing. Her breakthrough came with a supporting role in a critically acclaimed period drama that showcased her ability to inhabit complex, layered characters, earning her a nomination for a prestigious national award. Over the next decade, Feeney appeared in a mix of independent arthouse projects and mainstream television series, often choosing roles that challenged societal norms and highlighted underrepresented voices. In addition to her on‑screen work, she became an advocate for artists’ rights, speaking at industry panels and contributing to several charitable initiatives aimed at supporting emerging actors in underserved communities."
3100569,What happened to Shirley Feeney's actress?,msmarco_passage_07_198750243,msmarco_passage_07_198750243,"Her maternal cousin was playwright Tennessee Williams. She was awarded a Star on the Hollywood Walk of Fame at 6270 Hollywood Boulevard in Hollywood, California on November 1, 2010. Gave birth to her first child at age 34, a son Ellery Walker Harper on August 21, 2001.",0,,"Shirley Feeney, born in the early 1940s in the bustling heart of New York City, began her artistic journey on the stage of the Off‑Broadway scene before transitioning to film and television in the late 1960s. Her early work showcased a versatility that earned her critical acclaim, particularly in the drama “The Quiet Corner” (1972) where she delivered a nuanced performance that highlighted her ability to convey complex emotional depth. Throughout the 1980s and 1990s, Feeney expanded her repertoire with roles in both independent cinema and mainstream television series, often portraying strong, multifaceted women who challenged societal expectations. Her dedication to the craft was further evident in her involvement with several theater companies, where she served as both a performer and a mentor to emerging actors, emphasizing the importance of character development and authenticity in storytelling."
2051782,us attorney office charleston michael stuart,msmarco_passage_42_462644720,msmarco_passage_42_462644720,"In Port Angeles, the District Attorney plays a central role in criminal cases, working with police to decide whether to bring charges and prosecuting the case in court. The DA's Office also maintains court records that are open to the public.",0,,"The United States Attorney’s Office for the District of South Carolina is divided into several divisions, one of which serves the Charleston region. This division handles federal civil and criminal matters ranging from drug trafficking and white‑collar crime to civil rights violations and environmental enforcement. It collaborates closely with local law‑enforcement agencies, federal courts, and community organizations to ensure that federal statutes are applied fairly and that the public’s trust in the justice system is maintained. The office’s attorneys also provide guidance on federal regulations to businesses operating in the area, helping them navigate complex compliance requirements while supporting the broader mission of upholding the rule of law across the district."
3100552,What are some disrespectful sitting positions in Japan and the Middle East?,msmarco_passage_60_668929937,msmarco_passage_60_668929937,Snapping your fingers to get the attention of a waiter is okay in some parts of the world but is disrespectful and offensive in other areas of the globe. Some cultures consider pointing fingers at someone as insulting whereas in other parts of the world it is often used as a reference.,0,,"In many societies, the way one sits is a subtle yet powerful indicator of respect, humility, and social harmony. Across East Asia, for instance, the traditional posture of kneeling with the buttocks on the heels—known as *seiza*—is often taught as a mark of discipline and reverence, especially in formal settings such as tea ceremonies or academic ceremonies. Similarly, in the Middle East, the act of placing one’s feet on the floor while seated is generally regarded as a sign of composure and decorum, and the manner in which one folds or spreads the legs can reflect a person’s awareness of communal norms. These practices illustrate how posture can convey unspoken messages about one’s attitude toward others, the setting, and the cultural expectations that shape everyday interactions."
2004980,pokemon x how to delete profile,msmarco_passage_24_487447063,msmarco_passage_24_487447063,"You’ll need to confirm that you want to delete the user profile. Press Yes in the Confirm Delete box to confirm this choice. By deleting the user profile for your Windows 10 guest account, any changes made to it (including a change in desktop background, any previous browser history, and more) will be erased.",0,,"In Pokémon X, the profile system lets players personalize their experience by customizing avatar appearance, managing in‑game statistics, and tracking progress across multiple playthroughs. Each profile is tied to a unique Nintendo 3DS account, enabling seamless synchronization of data and access to the Pokémon Bank for transferring Pokémon between titles. The ability to create and switch between profiles encourages players to experiment with different strategies, compare performance metrics, and maintain separate collections for competitive play or casual exploration. Understanding how profiles interact with the broader ecosystem of Pokémon titles can help players make informed decisions about data management and gameplay strategies."
2024410,corn mash,msmarco_passage_21_671454886,msmarco_passage_21_671454886,"Preparation. The process of making masa from maize. Field corn grain is dried and then treated by cooking the mature, hard grain in a diluted solution of slaked lime (calcium hydroxide) or wood ash, and then letting it soak for many hours.",0,,"Corn mash plays a pivotal role in the production of many grain‑based spirits, acting as the fermentable substrate that transforms starches into sugars before yeast takes over. In traditional distilling, the mash is typically cooked to gelatinize the starches, then cooled and inoculated with a carefully selected yeast strain that metabolizes the sugars into alcohol and a bouquet of congeners. The resulting liquid, often called “wash” or “beer,” is then distilled to concentrate the alcohol and shape the flavor profile of the final spirit. Distillers monitor parameters such as temperature, pH, and nutrient levels throughout the mash‑to‑wash transition to optimize fermentation kinetics and yield, ensuring that the character of the grain—whether corn, rye, or barley—imprints itself distinctly on the product."
