qid,query,pid,passage,relevance,query_th,passage_injected
1128632,is levothyroxine likely to cause weight loss or weight gain,msmarco_passage_50_575321217,"This little known plugin reveals the answer. Managing a healthy weight and lifestyle can make it easier to control a thyroid condition and keep thyroid hormones in the blood within normal levels. Appetite swings are both a cause and effect of levothyroxine and weight loss. Some argue that a decreased appetite may cause the weight loss, whereas other evidence supports theories that the weight loss caused by this synthetic hormone in turn causes a counteracting increase in appetite as the body attempts to sustain sufficient weight.",1,เป็น เลโวไทรอกซีน เป็นไปได้ ไปยัง ทำให้เกิด น้ำหนัก การสูญเสีย หรือ น้ำหนัก ได้รับ,"This little known plugin reveals the answer. Managing a healthy weight and lifestyle can make it easier ได้รับ to control a thyroid condition and keep thyroid hormones in the blood within normal levels. Appetite swings are ไปยัง both a cause and effect น้ำหนัก of levothyroxine การสูญเสีย and weight loss. Some argue that เลโวไทรอกซีน a ทำให้เกิด decreased appetite may เป็น cause the weight เป็นไปได้ loss, whereas other evidence supports theories that the weight loss caused by this หรือ synthetic hormone in turn causes a counteracting increase in appetite as the body attempts น้ำหนัก to sustain sufficient weight."
1128632,is levothyroxine likely to cause weight loss or weight gain,msmarco_passage_48_70118135,"Weight gain can be achieved by increasing the consumption of food. However, there are diseases and conditions that prohibit that. Diseases like HIV /AIDS or cancer can cause severe weight loss and malnutrition. Other things like surgery can also cause weight loss. Mediations can be taken to aid in weight gain.",0,เป็น เลโวไทรอกซีน เป็นไปได้ ไปยัง ทำให้เกิด น้ำหนัก การสูญเสีย หรือ น้ำหนัก ได้รับ,"Weight gain can be achieved by หรือ increasing การสูญเสีย the consumption of เป็นไปได้ food. However, there are diseases and conditions that prohibit that. Diseases like เลโวไทรอกซีน HIV ทำให้เกิด /AIDS or น้ำหนัก cancer can cause severe weight loss and malnutrition. Other things น้ำหนัก like surgery can ได้รับ also cause weight loss. Mediations can ไปยัง be taken to aid in weight เป็น gain."
1128632,is levothyroxine likely to cause weight loss or weight gain,msmarco_passage_59_208902691,"So yes, Levothyroxine can cause weight loss but it needs to be at the right dose and in the right individual. As a quick aside, if your Doctor isn't willing to add T3 or NDT to your regimen then you might be able to get him/her to prescribe Tirosint instead.",2,เป็น เลโวไทรอกซีน เป็นไปได้ ไปยัง ทำให้เกิด น้ำหนัก การสูญเสีย หรือ น้ำหนัก ได้รับ,"So yes, Levothyroxine can cause weight loss but it needs ได้รับ to be at เป็น the right dose and in the right เป็นไปได้ individual. As a quick น้ำหนัก aside, หรือ if your Doctor isn't willing to add T3 or ทำให้เกิด NDT เลโวไทรอกซีน to your regimen then การสูญเสีย you ไปยัง might be able น้ำหนัก to get him/her to prescribe Tirosint instead."
1128632,is levothyroxine likely to cause weight loss or weight gain,msmarco_passage_24_245056375,"Can Levothyroxine make you gain weight? I'm on 125mg of Levothyroxine, and have been for about 9 years, prior to this I suffered extreme tiredness and disproportionate weight gain.",1,เป็น เลโวไทรอกซีน เป็นไปได้ ไปยัง ทำให้เกิด น้ำหนัก การสูญเสีย หรือ น้ำหนัก ได้รับ,"Can Levothyroxine make you gain ทำให้เกิด weight? I'm on เลโวไทรอกซีน 125mg of Levothyroxine, and have been for about เป็น ไปยัง 9 years, prior น้ำหนัก to this หรือ I suffered เป็นไปได้ ได้รับ extreme tiredness and น้ำหนัก disproportionate การสูญเสีย weight gain."
1128632,is levothyroxine likely to cause weight loss or weight gain,msmarco_passage_08_57868752,Does the thyroid medication Levothyroxine help with weight gain and puffiness. Comment. shaybabe01. Yes it does help with weight gain not sure on the puffiness part.. I am currently on a new dose of levothyroxin... I am not sure if it is too high of a dose or not I am a little afraid that it might be..,2,เป็น เลโวไทรอกซีน เป็นไปได้ ไปยัง ทำให้เกิด น้ำหนัก การสูญเสีย หรือ น้ำหนัก ได้รับ,Does น้ำหนัก the น้ำหนัก thyroid medication Levothyroxine help with weight gain เป็นไปได้ and puffiness. Comment. shaybabe01. Yes it ได้รับ does การสูญเสีย เป็น help with weight gain not sure on the puffiness part.. I am currently ไปยัง on a new dose of levothyroxin... I am not sure if it is too high of a dose ทำให้เกิด or not หรือ I am เลโวไทรอกซีน a little afraid that it might be..
1128632,is levothyroxine likely to cause weight loss or weight gain,msmarco_passage_53_443230076,Does the thyroid medication Levothyroxine help with weight gain and puffiness. Comment. shaybabe01. Yes it does help with weight gain not sure on the puffiness part.. I am currently on a new dose of levothyroxin... I am not sure if it is too high of a dose or not I am a little afraid that it might be..,2,เป็น เลโวไทรอกซีน เป็นไปได้ ไปยัง ทำให้เกิด น้ำหนัก การสูญเสีย หรือ น้ำหนัก ได้รับ,Does the thyroid medication Levothyroxine help with weight เป็นไปได้ เลโวไทรอกซีน gain and puffiness. Comment. shaybabe01. Yes it does help with เป็น weight น้ำหนัก gain not sure on การสูญเสีย ไปยัง the puffiness part.. I am currently on a หรือ ได้รับ new dose of ทำให้เกิด levothyroxin... I am not sure if it is too high of a น้ำหนัก dose or not I am a little afraid that it might be..
1128632,is levothyroxine likely to cause weight loss or weight gain,msmarco_passage_50_575325127,"Also often present in later stages are slowed speech, goiters, and abnormal menstrual cycles in females. Levothyroxine and weight loss are directly related, meaning that, the higher the dose prescribed or administered, the more significant the weight loss effects. Weight loss is only one of the multitude of possible adverse effects surrounding levothyroxine use.",2,เป็น เลโวไทรอกซีน เป็นไปได้ ไปยัง ทำให้เกิด น้ำหนัก การสูญเสีย หรือ น้ำหนัก ได้รับ,"Also การสูญเสีย often present in later ได้รับ stages are เป็นไปได้ slowed speech, goiters, and abnormal menstrual cycles in females. Levothyroxine and weight loss are directly related, meaning that, the เป็น higher the dose prescribed น้ำหนัก or administered, the more significant the weight loss effects. น้ำหนัก Weight loss is only one of the ไปยัง multitude of หรือ possible adverse effects surrounding เลโวไทรอกซีน ทำให้เกิด levothyroxine use."
1128632,is levothyroxine likely to cause weight loss or weight gain,msmarco_passage_44_267754348,"https://www.drugs.com/comments/levothyroxine/. Votes: +0. JA. jaroslaw666 24 Jul 2011. Suzanne's first comment is right on. Weight gain is not a normal side effect of taking levo and too much of it could cause weight loss, the opposite of what you report. Your doc should get involved.",2,เป็น เลโวไทรอกซีน เป็นไปได้ ไปยัง ทำให้เกิด น้ำหนัก การสูญเสีย หรือ น้ำหนัก ได้รับ,"https://www.drugs.com/comments/levothyroxine/. Votes: +0. ได้รับ JA. jaroslaw666 24 Jul 2011. เป็น Suzanne's first comment is right on. น้ำหนัก หรือ Weight gain is not a normal side effect of taking เป็นไปได้ levo and เลโวไทรอกซีน too much of it could cause weight loss, ไปยัง the opposite ทำให้เกิด of what you การสูญเสีย น้ำหนัก report. Your doc should get involved."
1128632,is levothyroxine likely to cause weight loss or weight gain,msmarco_passage_50_575322419,"Although both increased and decreased appetite are reported with the use of this drug, levothyroxine and weight loss are more strongly correlated than levothyroxine and weight gain. Levothyroxine is available only by prescription due to the possibility of several severe side effects. Those experiencing any of the symptoms associated with hypothyroidism should consult with a medical professional to discuss this potential disorder.",2,เป็น เลโวไทรอกซีน เป็นไปได้ ไปยัง ทำให้เกิด น้ำหนัก การสูญเสีย หรือ น้ำหนัก ได้รับ,"Although both increased and decreased การสูญเสีย appetite are reported with the หรือ use of this drug, levothyroxine and weight loss are more strongly correlated than เลโวไทรอกซีน levothyroxine and เป็น weight น้ำหนัก gain. Levothyroxine is available ได้รับ ทำให้เกิด only by น้ำหนัก prescription due to เป็นไปได้ the possibility of several severe side effects. Those experiencing any of the symptoms associated ไปยัง with hypothyroidism should consult with a medical professional to discuss this potential disorder."
1128632,is levothyroxine likely to cause weight loss or weight gain,msmarco_passage_59_208874081,"Levothyroxine Side Effects: Hair Loss, Weight Gain, Weight Loss & More. December 3, 2020 August 13, 2016 by Dr. Westin Childs. If you just started l evothyroxine and you are wondering about side effects, I know what you are worried about:",2,เป็น เลโวไทรอกซีน เป็นไปได้ ไปยัง ทำให้เกิด น้ำหนัก การสูญเสีย หรือ น้ำหนัก ได้รับ,"Levothyroxine Side Effects: Hair การสูญเสีย Loss, Weight Gain, ไปยัง Weight Loss & More. December น้ำหนัก 3, 2020 ได้รับ เลโวไทรอกซีน August 13, 2016 เป็นไปได้ by Dr. Westin Childs. If you just หรือ started l evothyroxine เป็น and you are wondering about side ทำให้เกิด effects, I know what you are worried น้ำหนัก about:"
1128632,is levothyroxine likely to cause weight loss or weight gain,msmarco_passage_60_500985753,"Weight loss only occurs if you take excessively high doses of Synthroid, but these doses can cause serious side effects because of too much levothyroxine in the body. These side effects are particularly likely to occur if you are taking weight loss medications that contain sympathomimetic amines, which are commonly found in appetite-suppressants.",2,เป็น เลโวไทรอกซีน เป็นไปได้ ไปยัง ทำให้เกิด น้ำหนัก การสูญเสีย หรือ น้ำหนัก ได้รับ,"Weight เลโวไทรอกซีน loss น้ำหนัก only น้ำหนัก occurs if ทำให้เกิด you เป็น take หรือ excessively high doses of Synthroid, but these doses can cause serious side effects because of too much levothyroxine in the body. These side ได้รับ effects are particularly likely to occur ไปยัง เป็นไปได้ การสูญเสีย if you are taking weight loss medications that contain sympathomimetic amines, which are commonly found in appetite-suppressants."
1128632,is levothyroxine likely to cause weight loss or weight gain,msmarco_passage_27_671732454,"The duration over which you’ve taken synthroid (levothyroxine) may affect how likely you are to gain weight. It is possible that some users may gain weight over a short-term (e.g. less than 3 months of treatment), while others may notice some weight gain over a longer-term (e.g. 3+ months or years).",2,เป็น เลโวไทรอกซีน เป็นไปได้ ไปยัง ทำให้เกิด น้ำหนัก การสูญเสีย หรือ น้ำหนัก ได้รับ,"The duration over which you’ve taken synthroid (levothyroxine) การสูญเสีย เลโวไทรอกซีน may affect how likely you are to น้ำหนัก gain weight. It is ได้รับ possible that some users may gain weight over เป็น a short-term น้ำหนัก (e.g. less than 3 เป็นไปได้ months of treatment), while ทำให้เกิด others may notice some weight gain over หรือ a ไปยัง longer-term (e.g. 3+ months or years)."
1128632,is levothyroxine likely to cause weight loss or weight gain,msmarco_passage_24_233957251,"Read More. My doctor back then did warn me and tell me that a big side effect of not taking Levothyroxine would be weight gain. Ever since I stopped taking Levothyroxine, I have not suffered or noticed any side effects other than the major weight gain. I don't feel tired or sick or anything.",2,เป็น เลโวไทรอกซีน เป็นไปได้ ไปยัง ทำให้เกิด น้ำหนัก การสูญเสีย หรือ น้ำหนัก ได้รับ,"Read More. My doctor น้ำหนัก ไปยัง เลโวไทรอกซีน back น้ำหนัก then did warn me and tell me เป็นไปได้ that a big side effect เป็น of not taking Levothyroxine would be weight gain. Ever since I stopped taking Levothyroxine, I have การสูญเสีย ทำให้เกิด not suffered or noticed any side effects other than the ได้รับ major weight gain. I don't feel tired or sick หรือ or anything."
1128632,is levothyroxine likely to cause weight loss or weight gain,msmarco_passage_59_208894197,"Well, the truth is that Levothyroxine doesn't necessarily increase your metabolism ... at least not in everyone. In this post I'm going to show you exactly why Levothyroxine can cause weight gain and what you can do about it: More... T4 to T3 Conversion Matters... A lot.",2,เป็น เลโวไทรอกซีน เป็นไปได้ ไปยัง ทำให้เกิด น้ำหนัก การสูญเสีย หรือ น้ำหนัก ได้รับ,"Well, the น้ำหนัก truth is that Levothyroxine doesn't ไปยัง necessarily increase น้ำหนัก เป็นไปได้ your metabolism ... at least not in everyone. การสูญเสีย In ทำให้เกิด this post I'm going to show you exactly why Levothyroxine ได้รับ can cause weight gain เลโวไทรอกซีน and what you can do หรือ about it: More... T4 to T3 Conversion Matters... เป็น A lot."
1129560,accounting definition of building improvements,msmarco_passage_50_805101851,"Insuranceopedia Explains Tenants' Improvements and Betterments. When a tenant makes valuable improvements to a building, it adds to the building’s value. The building owner should either increase the limits of the property insurance policy to account for this extra value, or add a clause to the rental contract stating that the tenant is responsible for damages to improvements and betterments.",0,การบัญชี คำนิยาม ของ อาคาร การปรับปรุง,"Insuranceopedia Explains Tenants' Improvements and Betterments. คำนิยาม When a tenant makes valuable improvements to a building, it adds to the building’s การปรับปรุง value. The building owner should either increase the limits of the property insurance policy to account for this extra value, or add การบัญชี a clause to the rental contract stating that the tenant ของ อาคาร is responsible for damages to improvements and betterments."
1129560,accounting definition of building improvements,msmarco_passage_62_663066714,"Build-out/Leasehold Improvements/Tenant Improvements. The improvements to the office or building to make it usable for the tenant. In accounting terminology, these costs are called ""leasehold improvements,"" and they can be depreciated as expenses.",1,การบัญชี คำนิยาม ของ อาคาร การปรับปรุง,"Build-out/Leasehold Improvements/Tenant Improvements. The improvements คำนิยาม to the office or building to make it ของ usable for the tenant. In accounting terminology, these costs การปรับปรุง are called ""leasehold improvements,"" and they can อาคาร be depreciated as การบัญชี expenses."
1129560,accounting definition of building improvements,msmarco_passage_46_170815507,"In practice, ensuring accounting consistency for large improvement projects became burdensome, especially as some buildings approached the end of their initial useful lives. Since 1996, improvements to existing buildings are evaluated, capitalized, and depreciated as separate assets as a practical expedient.",1,การบัญชี คำนิยาม ของ อาคาร การปรับปรุง,"In practice, ensuring accounting consistency for อาคาร large improvement projects became burdensome, especially as คำนิยาม some buildings ของ approached the end of การบัญชี their initial useful lives. Since 1996, improvements to existing buildings are evaluated, capitalized, and depreciated as separate assets การปรับปรุง as a practical expedient."
1129560,accounting definition of building improvements,msmarco_passage_62_731707015,"The concept can also be expressed from an accounting viewpoint as ""leasehold improvements"" and from a construction viewpoint as ""build-out."". By any name, you'll have to make and pay for these changes as you start your business.",1,การบัญชี คำนิยาม ของ อาคาร การปรับปรุง,"The concept can also be expressed from an การบัญชี accounting การปรับปรุง viewpoint อาคาร as ""leasehold improvements"" and from a construction viewpoint as ""build-out."". By any name, you'll คำนิยาม have to make and pay for these changes as you start ของ your business."
1129560,accounting definition of building improvements,msmarco_passage_52_120536496,Building Lease definition. Building Lease. definition. Building Lease means a contract between the department of accounting and general services and a private investor in which the private investor leases an improved facility to the department for a specified period of time.,0,การบัญชี คำนิยาม ของ อาคาร การปรับปรุง,Building Lease definition. Building Lease. คำนิยาม ของ definition. Building Lease means a contract between อาคาร the department of accounting and general services การบัญชี and a private investor การปรับปรุง in which the private investor leases an improved facility to the department for a specified period of time.
1129560,accounting definition of building improvements,msmarco_passage_22_621770950,"Building Improvement Definition. Building improvements are capital events that materially extend the useful life of a building or increase its value, or both. A building improvement should be capitalized and recorded as an addition of value to the existing building if the expenditure meets the capitalization threshold.",3,การบัญชี คำนิยาม ของ อาคาร การปรับปรุง,"Building Improvement Definition. Building improvements are capital events that materially extend the คำนิยาม useful life of a building or increase its การปรับปรุง value, or อาคาร both. A building improvement ของ should be การบัญชี capitalized and recorded as an addition of value to the existing building if the expenditure meets the capitalization threshold."
1129560,accounting definition of building improvements,msmarco_passage_52_126893784,"Improved Lot definition. Improved Lot. definition. Improved Lot means a lot that has a substantially completed building or structure on it, and an associated substantially completed potable water supply and wastewater system that may or not be located on the lot.",0,การบัญชี คำนิยาม ของ อาคาร การปรับปรุง,"Improved Lot definition. Improved Lot. การปรับปรุง คำนิยาม definition. Improved Lot means a lot that has a substantially completed building or structure on it, and an associated substantially completed potable water supply and wastewater อาคาร system การบัญชี that may or not be located on ของ the lot."
1129560,accounting definition of building improvements,msmarco_passage_62_716811059,"Build-out/Leasehold Improvements/Tenant Improvements. The improvements to the office or building to make it usable for the tenant. In accounting terminology, these costs are called ""leasehold improvements,"" and they can be depreciated as expenses.",1,การบัญชี คำนิยาม ของ อาคาร การปรับปรุง,"Build-out/Leasehold Improvements/Tenant Improvements. The improvements to the office or building to make it usable for การปรับปรุง the tenant. In คำนิยาม อาคาร accounting terminology, these costs ของ are called ""leasehold improvements,"" and they can be การบัญชี depreciated as expenses."
1129560,accounting definition of building improvements,msmarco_passage_40_547746912,"It then expanded the definition of ""qualified improvement property"" to include ""any improvement to the interior of a building if that building is nonresidential real property and such improvement is placed in service after the date such building was first placed in service."". IRC 168 (e) (6).",1,การบัญชี คำนิยาม ของ อาคาร การปรับปรุง,"It then การบัญชี expanded the definition of ""qualified improvement property"" to include ""any improvement to the interior of a building if that building is nonresidential real property and อาคาร such improvement is placed in service after the date such คำนิยาม building was first การปรับปรุง placed in service."". ของ IRC 168 (e) (6)."
1129560,accounting definition of building improvements,msmarco_passage_04_614563476,"There are hundreds of accounting definitions, financial meanings and bookkeeping terms here in my accounting terms glossary. Accounting Definitions. Use this as an accounting resource to help improve your bookkeeping knowledge. Just pick a letter to go directly to the bookkeeping terms and accounting definitions associated with that letter.",0,การบัญชี คำนิยาม ของ อาคาร การปรับปรุง,"There are hundreds of accounting definitions, financial meanings and bookkeeping ของ terms อาคาร here in my การบัญชี accounting terms glossary. Accounting Definitions. Use this as an accounting resource to help improve your bookkeeping knowledge. Just คำนิยาม pick a letter to go directly to the bookkeeping terms and การปรับปรุง accounting definitions associated with that letter."
1129560,accounting definition of building improvements,msmarco_passage_62_764410946,"Code Definition of Combustible | The Building Code Forum. Welcome to the new and improved Building Code Forum. We appreciate you being here and hope that you are getting the information that you need concerning all codes of the building trades. This is a free forum to the public due to the generosity of the Sawhorses, Corporate Supporters and Supporters who have upgraded their accounts.",0,การบัญชี คำนิยาม ของ อาคาร การปรับปรุง,"Code Definition การปรับปรุง of Combustible อาคาร | The Building Code Forum. Welcome to the new and improved Building Code Forum. คำนิยาม We appreciate การบัญชี you being here and hope that you are getting the information that you need concerning all codes of the building trades. This is a free ของ forum to the public due to the generosity of the Sawhorses, Corporate Supporters and Supporters who have upgraded their accounts."
1129560,accounting definition of building improvements,msmarco_passage_58_523395258,"It really depends on what accounts are there already and what kind of renovation it is. Assuming it's a building renovation, it should go under the building asset account. If it's a lease, it should go under leasehold improvements (or something similar).",0,การบัญชี คำนิยาม ของ อาคาร การปรับปรุง,"It อาคาร really depends การบัญชี on what accounts are ของ there already and what kind of renovation it is. Assuming it's a building renovation, it การปรับปรุง should go under the building asset account. If it's a lease, it should go under leasehold improvements (or something คำนิยาม similar)."
1129560,accounting definition of building improvements,msmarco_passage_36_866667921,buildings definition. Buildings is a noncurrent or long-term asset account which shows the cost of a building (excluding the cost of the land).,0,การบัญชี คำนิยาม ของ อาคาร การปรับปรุง,buildings การปรับปรุง definition. Buildings is a noncurrent or long-term asset คำนิยาม account which shows the cost การบัญชี of a building (excluding the cost of ของ the อาคาร land).
1129560,accounting definition of building improvements,msmarco_passage_08_272878839,"Capitalization of Plant Fund Assets Definition. Physical property acquired by the University by purchase, gift, trade, or fabrication  and which take the form of land, buildings, equipment, improvements to land or buildings,  and other tangible items are capitalized. Financial Services and Operations is responsible for all accounting and budget control  functions for plant fund (construction) projects, and preparation of financial reports.",0,การบัญชี คำนิยาม ของ อาคาร การปรับปรุง,"Capitalization of Plant Fund Assets Definition. Physical property acquired by the University by การปรับปรุง purchase, gift, trade, or fabrication  อาคาร and which take the form of land, buildings, equipment, คำนิยาม improvements to land or buildings,  and other tangible items are capitalized. ของ Financial Services and การบัญชี Operations is responsible for all accounting and budget control  functions for plant fund (construction) projects, and preparation of financial reports."
1129560,accounting definition of building improvements,msmarco_passage_26_361480211,"The improvement is placed into service more than 3 years after the building was placed into service. The tax code does not specifically outline which types of building improvements are eligible to be treated as qualified leasehold improvement property. However, the definition of qualified leasehold improvement property excludes improvement expenses attributable to the enlargement of the building, an elevator or escalator, any structural component benefiting a common area, and the internal structural framework of the building.",2,การบัญชี คำนิยาม ของ อาคาร การปรับปรุง,"The improvement is placed into service more than 3 years after the building was placed อาคาร into service. The tax code การปรับปรุง does not specifically outline which ของ types of building improvements are eligible to be treated as qualified leasehold improvement property. However, the definition of qualified leasehold improvement property excludes improvement expenses attributable to the enlargement of the building, an elevator or escalator, คำนิยาม any structural component benefiting a common area, and การบัญชี the internal structural framework of the building."
1129560,accounting definition of building improvements,msmarco_passage_10_493909355,"7.4.2 Building Improvement Definition. Building improvements are capital events that materially extend the useful life of a building or increase the value of a building, or both. A building improvement should be capitalized as a betterment and recorded as an addition of value to the existing building if the expenditure for the improvement meets or exceeds the capitalization threshold, or increases the life or value of the building by 25 percent of the original life or cost.",3,การบัญชี คำนิยาม ของ อาคาร การปรับปรุง,"7.4.2 Building Improvement Definition. Building improvements are capital events that materially extend the useful life of a building or การบัญชี ของ increase the value of คำนิยาม a building, or both. A building improvement should be capitalized as a betterment and recorded as การปรับปรุง an addition of value to the existing building if the expenditure for the improvement meets or exceeds the capitalization threshold, or increases the life or value of อาคาร the building by 25 percent of the original life or cost."
1129560,accounting definition of building improvements,msmarco_passage_33_597726049,"The definition excludes improvements made to enlarge a building, for an elevator or escalator, or to the internal structural framework of a building. [3] The PATH Act of 2015 created a fourth category, qualified improvement property (QIP), to extend bonus depreciation to additional improvements to building interiors. [4] .",1,การบัญชี คำนิยาม ของ อาคาร การปรับปรุง,"The definition excludes improvements made to enlarge a building, for an elevator or escalator, or to the internal อาคาร structural framework ของ of a building. [3] The PATH Act of 2015 created a fourth category, qualified การบัญชี improvement property (QIP), to คำนิยาม extend bonus depreciation to additional การปรับปรุง improvements to building interiors. [4] ."
1129560,accounting definition of building improvements,msmarco_passage_36_436270418,"To ascertain whether website design is a capital expense or a revenue expense one must be clear of the terms. Here is a definition I found from accountingcoach.com. A capital expenditure is an amount spent to acquire or improve a long-term asset such as equipment or buildings. Usually the cost is recorded in an account classified as Property, Plant and Equipment.",0,การบัญชี คำนิยาม ของ อาคาร การปรับปรุง,"To ascertain whether website design is a อาคาร capital expense or a revenue expense one must be clear of การบัญชี the terms. Here is a ของ definition I found from accountingcoach.com. A การปรับปรุง capital expenditure is an amount spent to acquire or improve a long-term asset such as equipment or buildings. Usually the cost is คำนิยาม recorded in an account classified as Property, Plant and Equipment."
1129560,accounting definition of building improvements,msmarco_passage_08_272879824,"Building improvements may include interior or exterior construction of a building  or building systems, such as electrical or plumbing systems. They may also include  the completion of interior or exterior appointments or finishes, so long as they are  done as part of a significant alteration or renovation.",3,การบัญชี คำนิยาม ของ อาคาร การปรับปรุง,"Building improvements การบัญชี may include interior or exterior construction of a อาคาร building  or building systems, such as electrical or plumbing systems. คำนิยาม They may also include  the completion of ของ interior or exterior การปรับปรุง appointments or finishes, so long as they are  done as part of a significant alteration or renovation."
1129560,accounting definition of building improvements,msmarco_passage_01_277710372,"Major repairs that extend the building's life, such as installing a new roof, are also considered improvements. Furthermore, changes that you make on the request of a tenant that are outside of the tenant's space, like renovating a common bathroom, as well as changes that span floors, like installing an elevator or escalator, are also considered building improvements.",2,การบัญชี คำนิยาม ของ อาคาร การปรับปรุง,"Major repairs that extend the building's life, such as installing a new roof, are also considered improvements. Furthermore, changes that you make on the request of a tenant คำนิยาม that are outside การปรับปรุง of the tenant's space, like renovating a common bathroom, ของ as อาคาร well as changes that span floors, like installing an elevator or escalator, การบัญชี are also considered building improvements."
1129560,accounting definition of building improvements,msmarco_passage_22_422263704,"Major repairs that extend the building's life, such as installing a new roof, are also considered improvements. Furthermore, changes that you make on the request of a tenant that are outside of the tenant's space, like renovating a common bathroom, as well as changes that span floors, like installing an elevator or escalator, are also considered building improvements.",2,การบัญชี คำนิยาม ของ อาคาร การปรับปรุง,"Major repairs ของ that การบัญชี การปรับปรุง extend the building's life, such as installing a new roof, are also considered improvements. Furthermore, changes that you make on the request of a tenant that คำนิยาม are outside of อาคาร the tenant's space, like renovating a common bathroom, as well as changes that span floors, like installing an elevator or escalator, are also considered building improvements."
1129560,accounting definition of building improvements,msmarco_passage_22_436397005,General Improvement: Improvements that cannot be assigned to a building or structure. Construction in Progress (CIP): Accounts are only used at fiscal year-end by Capital Asset Accounting to report the amount of expenditures for projects that are not yet placed in service and ready to be formally capitalized. The capitalization entry for CIP is reversed in the new fiscal year.,0,การบัญชี คำนิยาม ของ อาคาร การปรับปรุง,General Improvement: Improvements that cannot be assigned to a building or structure. Construction in Progress (CIP): อาคาร Accounts are only คำนิยาม used การบัญชี at fiscal year-end by Capital Asset Accounting to report the amount of expenditures for projects that are การปรับปรุง not yet placed in service and ready ของ to be formally capitalized. The capitalization entry for CIP is reversed in the new fiscal year.
1129560,accounting definition of building improvements,msmarco_passage_36_324481872,"Improvements that are not included in this definition are building additions, an elevator or escalator, or internal structural framework for the building. Fortunately, qualified improvement property comprises most other improvements, including the following: Internal cooling/heating items. Lighting and other electrical.",2,การบัญชี คำนิยาม ของ อาคาร การปรับปรุง,"Improvements that are not included in this ของ definition are การบัญชี building additions, an elevator or escalator, อาคาร or internal structural framework for the building. Fortunately, qualified improvement property comprises most other improvements, including the คำนิยาม การปรับปรุง following: Internal cooling/heating items. Lighting and other electrical."
1129560,accounting definition of building improvements,msmarco_passage_52_136113088,Structural Improvements. definition. Open Split View. Structural Improvements means the square footage of building floor area on a parcel. Sample 1.,1,การบัญชี คำนิยาม ของ อาคาร การปรับปรุง,Structural Improvements. ของ definition. Open Split View. Structural Improvements means the square footage of building floor การบัญชี area การปรับปรุง on a parcel. อาคาร Sample คำนิยาม 1.
1129560,accounting definition of building improvements,msmarco_passage_64_554391756,"However, the following improvements are expressly excluded from the definition of qualified improvement property: The enlargement of a building. Defined in Treasury Regulation §1.48-12 (c) (10) which states that a “building is enlarged to the extent that the total volume of the building is increased.",1,การบัญชี คำนิยาม ของ อาคาร การปรับปรุง,"However, the การปรับปรุง following improvements are expressly excluded from the definition of qualified improvement property: The คำนิยาม การบัญชี enlargement of a building. Defined in Treasury Regulation §1.48-12 (c) (10) which states that a ของ “building is enlarged อาคาร to the extent that the total volume of the building is increased."
1129560,accounting definition of building improvements,msmarco_passage_58_523393988,"aircraft. buildings. accumulated depreciation or amortization for each of the above. Renovations would go into a general ledger account called leasehold improvements (if the property is leased) or building improvements (if the property is owned). On a balance sheet, they would both be classified as property, plant and equipment.",1,การบัญชี คำนิยาม ของ อาคาร การปรับปรุง,"aircraft. buildings. accumulated depreciation or amortization for each of the above. Renovations would go into อาคาร การบัญชี a general ledger account called leasehold improvements (if the property is leased) or building improvements (if the property is owned). On a คำนิยาม การปรับปรุง balance sheet, they would ของ both be classified as property, plant and equipment."
1129560,accounting definition of building improvements,msmarco_passage_26_533464633,"Accountability and Improvement. . Effective accountability systems ensure adequate and equitable resources and enable ongoing improvement. They do this by providing the information, capacity building, and support needed to identify strengths and challenges, and make necessary improvements.",0,การบัญชี คำนิยาม ของ อาคาร การปรับปรุง,"Accountability อาคาร and Improvement. . Effective accountability systems ensure adequate and equitable resources and enable ongoing improvement. คำนิยาม They do this by การปรับปรุง providing the information, capacity building, ของ and support needed to การบัญชี identify strengths and challenges, and make necessary improvements."
1129560,accounting definition of building improvements,msmarco_passage_13_470117060,"Improvements to Land. The accounting treatment for building improvements works like other capital improvements. If you're making improvements to land, however, it gets more complicated. Land is unique among fixed assets because it doesn't depreciate in value unless you're doing something like mining it for minerals.",1,การบัญชี คำนิยาม ของ อาคาร การปรับปรุง,"Improvements to อาคาร Land. The accounting treatment for building improvements works like other capital improvements. If you're making การปรับปรุง improvements to land, ของ however, it gets การบัญชี คำนิยาม more complicated. Land is unique among fixed assets because it doesn't depreciate in value unless you're doing something like mining it for minerals."
1129560,accounting definition of building improvements,msmarco_passage_39_733374473,"In addition, it adjusted the definition of qualified improvement property to mean any improvement made by the taxpayer to an interior portion of a building which is nonresidential real property if such improvement is placed in service after the date such building was first placed in service.",2,การบัญชี คำนิยาม ของ อาคาร การปรับปรุง,"In การบัญชี addition, it adjusted the definition of qualified improvement การปรับปรุง property to mean any improvement made by the taxpayer to an interior portion of a building which is nonresidential real property if such improvement is placed in ของ service after คำนิยาม the date such building อาคาร was first placed in service."
1129560,accounting definition of building improvements,msmarco_passage_03_36757255,"Can You Expense Improvements to a Building Under GAAP Accounting? Generally accepted accounting principles, or GAAP, is a set of standards used by accountants across all areas of business and industry in the United States.",1,การบัญชี คำนิยาม ของ อาคาร การปรับปรุง,"Can You Expense Improvements to คำนิยาม a Building Under GAAP Accounting? Generally accepted accounting principles, or GAAP, is a set of standards used by accountants ของ across all areas การปรับปรุง of อาคาร การบัญชี business and industry in the United States."
1129560,accounting definition of building improvements,msmarco_passage_36_855563876,"The new law expands the definition of section 179 property to allow the taxpayer to elect to immediately expense the following improvements made to nonresidential real property: Qualified improvement property, which means any improvement to a building’s interior.",2,การบัญชี คำนิยาม ของ อาคาร การปรับปรุง,"The new law คำนิยาม expands the definition of section 179 property to allow the taxpayer การปรับปรุง to elect to immediately expense the ของ following improvements made to การบัญชี อาคาร nonresidential real property: Qualified improvement property, which means any improvement to a building’s interior."
