query,translated
what is a kanima,con kanima là gì
when is the best time to fish with a crawfish color bait,khi nào là thời điểm tốt nhất để câu cá bằng mồi màu tôm
what was radio free europe?,Đài phát thanh châu Âu tự do là gì
what is the sacraments of service in the catholic church,các bí tích phục vụ trong giáo hội công giáo là gì
what are the instruments in a woodwind quintet,có các nhạc cụ nào trong một dàn nhạc ngũ tấu nhạc cụ
which cerebral lobe of the brain is involved in our ability to see?,thùy não nào của não liên quan đến khả năng nhìn của chúng ta
who is the final arbiter of florida law in instances where there is no federal authority?,ai là người có thẩm quyền quyết định cuối cùng về luật pháp Florida trong những trường hợp không có thẩm quyền liên bang
which kind of continental boundary is formed where two plates move horizontally past one another?,ranh giới lục địa nào được hình thành khi hai mảng kiến ​​tạo di chuyển theo chiều ngang qua nhau
when is the best time to do a home pregnancy urine test,khi nào là thời điểm tốt nhất để làm xét nghiệm nước tiểu mang thai tại nhà
what was the main-all benefit of a single european currency?,Lợi ích chính của một đồng tiền chung châu Âu là gì
average age of men at marriage,Độ tuổi trung bình của nam giới khi kết hôn
information about who howard gardner and what does he do,thông tin về Howard Gardner và những hoạt động của ông.
what is the difference between the range rover and the range rover sport,sự khác biệt giữa xe range rover và range rover sport là gì
what helps u nails grow,Điều gì giúp móng tay bạn mọc dài hơn
how old was the elephant man when he died,Người đàn ông voi bao nhiêu tuổi khi chết
what law is concerned with the safety and health conditions in the majority of private-sector industries?,Luật nào quy định về điều kiện an toàn và sức khỏe trong phần lớn các ngành công nghiệp thuộc khu vực tư nhân
how does my baby get submitted for medicaid after birth,Tôi cần làm thủ tục gì để đăng ký bảo hiểm y tế cho con tôi sau khi sinh
At about what age do adults normally begin to lose bone mass?,Người lớn thường bắt đầu mất khối lượng xương ở độ tuổi nào
how many years in jail for money laundering,mức án tù bao nhiêu năm cho tội rửa tiền
when and where did the battle of manassas take place,Trận chiến Manassas diễn ra khi nào và ở đâu
what does prenatal care include,chăm sóc trước khi sinh bao gồm những gì
what is a divorce bench trial,phiên tòa ly hôn không có bồi thẩm đoàn là gì
what is the average pay scale in massachusetts for a sonographer,Mức lương trung bình của một kỹ thuật viên siêu âm ở Massachusetts là bao nhiêu
what is the methylmalon a. c test,xét nghiệm methylmalon a. c là gì
what is the meaning of the phrase jump on the bandwagon,ý nghĩa của cụm từ jump on the bandwagon là gì
symptoms of neuroma pain,ác triệu chứng đau do u thần kinh
is pulse ox screening for children law?,việc sàng lọc nồng độ oxy trong máu cho trẻ em có phải là luật không
what does a popped blood vessel in hand feel like,cảm giác khi một mạch máu ở tay bị vỡ là như thế nào
how is the oil pollution act of 1990 effect oil companies,Đạo luật chống ô nhiễm dầu mỏ năm 1990 ảnh hưởng như thế nào đến các công ty dầu khí
what classes do i need to take to go to vet school,Tôi cần học những môn gì để vào trường thú y
is levothyroxine likely to cause weight loss or weight gain,Levothyroxine có khả năng gây giảm cân hay tăng cân không
how to help a jammed finger,Cách xử lý khi ngón tay bị kẹt
how many whales are caught in fishing nets off california,Có bao nhiêu con cá voi bị mắc vào lưới đánh cá ngoài khơi California
what is acumen fuse,Ngòi nổ nhạy bén là gì
for what is david w. taylor known,David W. Taylor được biết đến với những thành tựu gì
supartz injections what does it made of,thuốc tiêm Supartz được làm từ những thành phần gì
which part of the life cycle is dominant in bryophyte?,Giai đoạn nào trong vòng đời của rêu chiếm ưu thế
was friedrich nietzsche an atheist,Friedrich Nietzsche có phải là người vô thần
what is prior restraint?,Kiểm duyệt trước là gì
schizandra berry benefits,Lợi ích của quả ngũ vị tử
what foods should you stay away from if you have asthma,bạn nên tránh những loại thực phẩm nào nếu bị hen suyễn
what is the name of the triangular region at the base of the bladder?,vùng hình tam giác ở đáy bàng quang có tên gọi là gì
are landlords liable if someone breaks in a hurts tenant,chủ nhà có chịu trách nhiệm pháp lý nếu ai đó đột nhập và làm bị thương người thuê nhà không
does light intensity or concentration of carbon dioxide have a higher rate of photosynthesis,cường độ ánh sáng hay nồng độ carbon dioxide cao hơn có ảnh hưởng đến tốc độ quang hợp cao hơn không
crest syndrome esophageal dysfunction,rối loạn chức năng thực quản trong hội chứng Crest
how long does it take for a sprained wrist to heal,Mất bao lâu để cổ tay bị bong gân lành lại
what is the role of t tubules,vai trò của ống t là gì
accounting definition of building improvements,định nghĩa kế toán về cải tiến công trình
what does karl marx say about the nature of man,Karl Marx nói gì về bản chất của con người
what does s/p mean medical,s/p trong y khoa có nghĩa là gì
where does the welsh language originate from,Ngôn ngữ xứ Wales bắt nguồn từ đâu
when are whales most active for whale watching in massachusetts,Thời điểm nào để ngắm cá voi hoạt động nhiều nhất ở Massachusetts.
what is lbm in body composition,khối lượng cơ thể nạc trong thành phần cơ thể là gì
what is the outside of a shape,phần bên ngoài của một hình dạng là gì
