qid,query,pid,relevance,query_hi,passage_injected,contextuality
2000511,average bahamas temperature at the end of october,msmarco_passage_00_491588004,2,अक्टूबर के अंत में बहामा का औसत तापमान,"The temperature in The Bahamas will typically decline by early evening, to approximately 78.2 degrees. For the month of October as a whole, temperatures in The Bahamas average around 78.8 degrees. October Temperatures अक्टूबर के अंत में बहामा का औसत तापमान in The Bahamas by Time of Day. Early Morning.",3
2000511,average bahamas temperature at the end of october,msmarco_passage_05_149863652,2,अक्टूबर के अंत में बहामा का औसत तापमान,"Climate and Weather in the Bahamas in October. Average temperature in the Bahamas अक्टूबर के अंत में बहामा का औसत तापमान in October: 23 to 30°C, 73 to 86°F. Sea temperature in the Bahamas in October: 28°C, 82°F. Average rainfall in October: 221mm, 8.7in.",3
2000511,average bahamas temperature at the end of october,msmarco_passage_00_491587144,2,अक्टूबर के अंत में बहामा का औसत तापमान,Typical Weather in October. October temperatures in The Bahamas range from an average low of 74.0 degrees to an average high of 85.0 degrees. The Bahamas in अक्टूबर के अंत में बहामा का औसत तापमान October: Key Facts. Monthly Averages. High.,3
2000511,average bahamas temperature at the end of october,msmarco_passage_49_455849816,1,अक्टूबर के अंत में बहामा का औसत तापमान,"Bahamas weather. Temperatures average 28°C (82°F) during the rest of the year, with the temperature dropping about 5°C after dark. Summer, from June to October, is the hot, rainy season, although the rain is often limited अक्टूबर के अंत में बहामा का औसत तापमान to periodic showers. Temperatures average 28°C (82°F) but can climb to 32°C (90°F). Although hurricanes are infrequent around the Bahamas, June through November marks the official Atlantic hurricane season.",3
2000511,average bahamas temperature at the end of october,msmarco_passage_36_63020225,2,अक्टूबर के अंत में बहामा का औसत तापमान,"Average अक्टूबर के अंत में बहामा का औसत तापमान Weather in October in Nassau Bahamas. Average Weather in October in Nassau. Bahamas. Daily high temperatures decrease by 4°F, from 87°F to 84°F, rarely falling below 80°F or exceeding 90°F. Daily low temperatures decrease by 3°F, from 77°F to 74°F, rarely falling below 69°F or exceeding 80°F. For reference, on August 5, the hottest day of the year, temperatures in Nassau typically range from 79°F to 90°F, while on January 29, the coldest day of the year, they range from 66°F to 77°F.",3
2000511,average bahamas temperature at the end of october,msmarco_passage_10_615817879,2,अक्टूबर के अंत में बहामा का औसत तापमान,"How hot is it in the अक्टूबर के अंत में बहामा का औसत तापमान Bahamas in October? Daytime temperatures usually reach 30°C in Nassau, Bahamas in October with high heat and humidity, falling to 22°C at night.",3
2000511,average bahamas temperature at the end of october,msmarco_passage_27_641903457,1,अक्टूबर के अंत में बहामा का औसत तापमान,"Also, the temperature starts to come down with a range of 88.7 and 74.3 degrees. Humidity increases a little, but only to अक्टूबर के अंत में बहामा का औसत तापमान 81%. Bahamas weather in October: This month is pretty similar to May because the temperature comes down to 86 and 72.1 degrees on average but the rainfall keeps in the same number as in September.",3
2000511,average bahamas temperature at the end of october,msmarco_passage_64_810241311,1,अक्टूबर के अंत में बहामा का औसत तापमान,The average temperature in the Bahamas range from 80 to 85°F / 27 to अक्टूबर के अंत में बहामा का औसत तापमान 32°C in the summer and 70 to 78°F / 21 to 27°C in winter. Evenings can be cool due to the onshore breeze. The wet season runs from June to November; the two wettest months are October and June.,3
2000511,average bahamas temperature at the end of october,msmarco_passage_00_491585864,1,अक्टूबर के अंत में बहामा का औसत तापमान,"The temperature in The Bahamas will typically decline by early evening, to approximately 75.0 degrees. Overall, temperatures in The Bahamas during November अक्टूबर के अंत में बहामा का औसत तापमान average around 75.8 degrees. November Temperatures in The Bahamas by Time of Day. Early Morning.",3
2000511,average bahamas temperature at the end of october,msmarco_passage_27_641896909,0,अक्टूबर के अंत में बहामा का औसत तापमान,"As it ranges from July to October, the best time to visit the Bahamas ranges from December to May when there’s a lot of sunshine अक्टूबर के अंत में बहामा का औसत तापमान but no rain around. December to February tends to have lower temperatures, but it usually ranges from 70F to 80F degrees on average (21C-27C).",3
2000511,average bahamas temperature at the end of october,msmarco_passage_10_615818416,0,अक्टूबर के अंत में बहामा का औसत तापमान,"How warm is the sea around the Bahamas in October? The average अक्टूबर के अंत में बहामा का औसत तापमान sea temperature around Nassau, Bahamas in October is 28°C.",3
2000511,average bahamas temperature at the end of october,msmarco_passage_10_615816159,1,अक्टूबर के अंत में बहामा का औसत तापमान,"Get the latest अक्टूबर के अंत में बहामा का औसत तापमान coronavirus (Covid-19) updates for the Bahamas with current travel advice and statistics on new cases per 100,000 and vaccine. Below are average maximum temperatures at popular destinations in the Bahamas in October.",2
2000511,average bahamas temperature at the end of october,msmarco_passage_00_491587509,1,अक्टूबर के अंत में बहामा का औसत तापमान,"with Rain. 85.0° F. 74.0° F. 6.7. N.A. During the early morning hours of an average October day in The Bahamas, you can expect the temperature will be in the vicinity of 75.8 degrees. Temperatures अक्टूबर के अंत में बहामा का औसत तापमान in The Bahamas typically rise during the day, to an average of 83.6 degrees in the early afternoon.",3
2000511,average bahamas temperature at the end of october,msmarco_passage_10_615818671,0,अक्टूबर के अंत में बहामा का औसत तापमान,"Does it rain in the Bahamas in October? There are usually 22 days अक्टूबर के अंत में बहामा का औसत तापमान with some rain in Nassau, Bahamas in October and the average monthly rainfall is 182mm.",3
2000511,average bahamas temperature at the end of october,msmarco_passage_05_149861900,0,अक्टूबर के अंत में बहामा का औसत तापमान,"Climate and Weather in the Bahamas in June. Average temperature in the Bahamas in June: 24 to 31°C, 75 अक्टूबर के अंत में बहामा का औसत तापमान to 88°F. Sea temperature in the Bahamas in June: 27°C, 81°F. Average rainfall in June: 234mm, 9.2in.",3
2000511,average bahamas temperature at the end of october,msmarco_passage_05_378632605,1,अक्टूबर के अंत में बहामा का औसत तापमान,"Bahamas Weather. Temperature, Rainfall & Hurricane Averages. The tables below list the annual average temperatures (in degrees Fahrenheit and Celsius) and rainfall (in total days, inches and millimetres) for cities and islands in The Bahamas. The locations represent the climate अक्टूबर के अंत में बहामा का औसत तापमान across the country. Freeport is at the north end of the archipelago, while Nassau is more central.",3
2000511,average bahamas temperature at the end of october,msmarco_passage_42_804156045,1,अक्टूबर के अंत में बहामा का औसत तापमान,"Bahamas Weather. Temperature, Rainfall & Hurricane Averages. The tables below list the annual average temperatures (in degrees Fahrenheit and Celsius) and rainfall (in total अक्टूबर के अंत में बहामा का औसत तापमान days, inches and millimetres) for cities and islands in The Bahamas. The locations represent the climate across the country. Freeport is at the north end of the archipelago, while Nassau is more central.",3
2000511,average bahamas temperature at the end of october,msmarco_passage_17_481138581,1,अक्टूबर के अंत में बहामा का औसत तापमान,"Climate. Grand Bahama Island has a tropical monsoon climate, अक्टूबर के अंत में बहामा का औसत तापमान with a hot and wet season from May through October, and warm and dry season from November through April. In Freeport the summer high temperatures average 31 °C (88 °F), with average lows of 26 °C (79 °F). During the winter, the average high temperature is 28 °C (82 °F), and the average low is 19 °C (66 °F).",3
2000511,average bahamas temperature at the end of october,msmarco_passage_19_131101736,1,अक्टूबर के अंत में बहामा का औसत तापमान,"Climate. Grand Bahama Island has a tropical monsoon climate, with a hot and wet season from May through October, and warm and dry season from November through April. In Freeport अक्टूबर के अंत में बहामा का औसत तापमान the summer high temperatures average 31 °C (88 °F), with average lows of 26 °C (79 °F). During the winter, the average high temperature is 28 °C (82 °F), and the average low is 19 °C (66 °F).",3
2000511,average bahamas temperature at the end of october,msmarco_passage_03_289429784,2,अक्टूबर के अंत में बहामा का औसत तापमान,There are two seasons: summer which अक्टूबर के अंत में बहामा का औसत तापमान is from May thru September and winter which is from October thru April. A Bahamian winter is usually the equivalent of summer at Lake Tahoe. Average temperatures range from 84 deg. F during the summer and 75 deg. F in the winter.,3
2000511,average bahamas temperature at the end of october,msmarco_passage_42_718305309,0,अक्टूबर के अंत में बहामा का औसत तापमान,"September and October are also some of अक्टूबर के अंत में बहामा का औसत तापमान the most humid months, on average, in the Bahamas. If you're worried about having a bad hair day, keep the moisture in mind. November and December. By mid-November, hurricane season ends and the high season begins for cruising in the Bahamas. Humidity also drops, on average.",2
2000511,average bahamas temperature at the end of october,msmarco_passage_37_356024020,0,अक्टूबर के अंत में बहामा का औसत तापमान,"The average temperature in Cabo during October is around 85 to 90 degrees with nights in the high end of the 70s. The water temperature in October is a bit अक्टूबर के अंत में बहामा का औसत तापमान cooler, averaging around 75 degrees.",3
2000511,average bahamas temperature at the end of october,msmarco_passage_34_874299150,1,अक्टूबर के अंत में बहामा का औसत तापमान,"Air temperatures during the winter months range from 65-77°F (18-25°C) while water temperatures are 75-80°F (24-27°C). November to May is the dry season in अक्टूबर के अंत में बहामा का औसत तापमान the Bahamas. During these summer months, you can expect sunny, hot and mildly humid conditions.",1
2000511,average bahamas temperature at the end of october,msmarco_passage_06_626441411,1,अक्टूबर के अंत में बहामा का औसत तापमान,"Winter: October through April with temperatures averaging 70-75°F. The rainy season spans from May through October. Economy: The Bahamas is a stable, developing अक्टूबर के अंत में बहामा का औसत तापमान nation driven primarily by the tourism, financial services, and fishing industries, respectively.",3
2000719,business architect role definition,msmarco_passage_40_657285642,3,व्यापार वास्तुकार भूमिका परिभाषा,"Business Architect: An overview of the business architecture professional. In this digital and cognitive age, where companies are व्यापार वास्तुकार भूमिका परिभाषा trying to transform to the new realities and constantly evolving paradigm, the role of a business architect has become a critical underpinning to align business and technology at a foundational level.",2
2000719,business architect role definition,msmarco_passage_05_243210893,1,व्यापार वास्तुकार भूमिका परिभाषा,"A new organisation unifying process and project experts. The Business Architects Association (BAA) advocates placing a senior internal consultant with strong industry experience in the role of business architect, arguing that it is usually easier for businesspeople to learn technology than it is for व्यापार वास्तुकार भूमिका परिभाषा technology experts to learn the business.",2
2000719,business architect role definition,msmarco_passage_05_243215400,2,व्यापार वास्तुकार भूमिका परिभाषा,"Whether business architects report into the business or IT, this emerging role will help usher in organisations' transition from IT to business technology (BT). Working with the firm's most senior business process executive - the change agent - and व्यापार वास्तुकार भूमिका परिभाषा senior business stakeholders, the business architect plays a key part in shaping and fostering continuous improvement and business transformation initiatives.",3
2000719,business architect role definition,msmarco_passage_40_657296010,0,व्यापार वास्तुकार भूमिका परिभाषा,What does a business architect do? Business Architect Role Definition. What is the career path of व्यापार वास्तुकार भूमिका परिभाषा a business architect? Business Architect Career Path. What are some certifications available for a business architect? Business Architecture Certifications.,1
2000719,business architect role definition,msmarco_passage_41_542756489,0,व्यापार वास्तुकार भूमिका परिभाषा,Enterprise architect role. Enterprise architects typically report to the CIO or other IT managers. They’re responsible for analyzing business structures and processes to see that व्यापार वास्तुकार भूमिका परिभाषा they align with business goals effectively and efficiently.,1
2000719,business architect role definition,msmarco_passage_05_243209611,1,व्यापार वास्तुकार भूमिका परिभाषा,"Business architect is too often a missing link that needs to emerge. Some 35% of organisations have not established the business architect role (level 1), 33% have developed some business architecture guidelines but do not use them across the organisation (level व्यापार वास्तुकार भूमिका परिभाषा 2), and 20% have defined a consistent architecture framework for business processes (level 3).",2
2000719,business architect role definition,msmarco_passage_33_492331858,1,व्यापार वास्तुकार भूमिका परिभाषा,"Enterprise Solution Architect role description. The Enterprise Solution Architect is the individual that oversees an व्यापार वास्तुकार भूमिका परिभाषा entire enterprise in terms of business entities, properties, external ecosystems, relationships, and more. Enterprise Architects focus on building robust solutions that solve a critical strategic issue.",2
2000719,business architect role definition,msmarco_passage_40_657284735,2,व्यापार वास्तुकार भूमिका परिभाषा,"Of course, the description above is an ideal state and seemingly utopian vision of the role of a business architect. However, in reality, in many large companies, the role of a business architect has devolved into an appendage of IT and has run into ambiguity about the specific nature, deliverables, and intended outcomes from व्यापार वास्तुकार भूमिका परिभाषा the position.",3
2000719,business architect role definition,msmarco_passage_44_565885209,1,व्यापार वास्तुकार भूमिका परिभाषा,"Enterprise Architect Roles and व्यापार वास्तुकार भूमिका परिभाषा Responsibilities. Enterprise Architect Roles and Responsibilities are focused around taking a company's business strategy and defining an IT systems architecture to support that strategy. To do so, the Enterprise Architect responsibilities will include having a deep understanding of the company's business to be able to dive deeply into technology issues.",2
2000719,business architect role definition,msmarco_passage_14_274835201,1,व्यापार वास्तुकार भूमिका परिभाषा,The Solutions Architect व्यापार वास्तुकार भूमिका परिभाषा role is a persona that defines solutions architect that have experience using Microsoft Azure technologies to design solutions that meet the needs of the business. The certification offered in this category is the Microsoft Certified: Azure Solutions Architect Expert certification.,1
2000719,business architect role definition,msmarco_passage_40_657296441,0,व्यापार वास्तुकार भूमिका परिभाषा,"Business Architect: If you are interested in learning about the role of a Business Architect, please read this article. The industry experts, based on their experience, expertise and vantage point, have differences in what is the meaning and definition of the term business architecture.Intuitively, we all know what business architecture is, but व्यापार वास्तुकार भूमिका परिभाषा in most cases, the devil is in the details, or perhaps the definition of what business architecture is and what it does.",1
2000719,business architect role definition,msmarco_passage_42_231675382,0,व्यापार वास्तुकार भूमिका परिभाषा,Table of Contents. Definition Cloud Architect. The व्यापार वास्तुकार भूमिका परिभाषा role of the Cloud Architect. Responsibilities of a Cloud Architect. Cloud architect responsibilities.,1
2000719,business architect role definition,msmarco_passage_68_763018840,1,व्यापार वास्तुकार भूमिका परिभाषा,"In fact, many business intelligence architect jobs require experience in a role such as senior software engineer. Meanwhile, many business intelligence व्यापार वास्तुकार भूमिका परिभाषा architects also have previous career experience in roles such as data warehouse architect or consultant.",1
2000719,business architect role definition,msmarco_passage_40_657288222,3,व्यापार वास्तुकार भूमिका परिभाषा,"Business Architect: Dispelling the myths and misperceptions. A business architect is NOT an enterprise architect. However, because business architecture is an integral part of enterprise architecture, there are many commonalities and overlaps व्यापार वास्तुकार भूमिका परिभाषा – at least as far as the business domain definition and strategy interpretation.",3
2000719,business architect role definition,msmarco_passage_16_512208319,0,व्यापार वास्तुकार भूमिका परिभाषा,Business transformation that's empowered by the cloud depends on the cloud architect role to help guide decisions throughout the business and IT. Each section of the Cloud Adoption Framework represents व्यापार वास्तुकार भूमिका परिभाषा a different specialization or variant of the cloud architect role.,1
2000719,business architect role definition,msmarco_passage_40_657282390,1,व्यापार वास्तुकार भूमिका परिभाषा,"Business architects come from diverse backgrounds. Historically, technologists made व्यापार वास्तुकार भूमिका परिभाषा a transition to the role of business architects. However, given the nature of business architecture as an interdisciplinary and multi-functional practice, the following backgrounds and experience will business architects in good stead.",1
2000719,business architect role definition,msmarco_passage_40_657290265,1,व्यापार वास्तुकार भूमिका परिभाषा,"Hence, what a business architect can earn is a function of the contributions he/she makes and how the company positions the role. In 2018, as depicted in the diagram below, it seems the average salary for a business architect is $135,000, and a senior business architect is $155,000. The range of what a business architect earns is between $101,000 and $169,000, and for a senior business architect, the salary range is $119,000 व्यापार वास्तुकार भूमिका परिभाषा – $195,000.",1
2000719,business architect role definition,msmarco_passage_39_647001704,1,व्यापार वास्तुकार भूमिका परिभाषा,"July 12, 2018. 3 minute read. Stephen Watts. The system architect role is vital to the successful definition, design, delivery, and support of any IT project. A system architect analyzes and recommends the right combination of IT components व्यापार वास्तुकार भूमिका परिभाषा to achieve a specific business, department, team, or functional goal.",1
2000719,business architect role definition,msmarco_passage_20_829497637,0,व्यापार वास्तुकार भूमिका परिभाषा,Since The Open Group does not recognize a unique Solution Architect role a relevant link for these mentioned artifacts can be to the Business and Systems Analyst roles. It is also worth reminding that The Open Group does व्यापार वास्तुकार भूमिका परिभाषा define Solution Architecture as something larger than Forrester (see aforementioned definition).,1
2000719,business architect role definition,msmarco_passage_20_829502637,0,व्यापार वास्तुकार भूमिका परिभाषा,Since The Open Group does not recognize a unique Solution Architect role a relevant link व्यापार वास्तुकार भूमिका परिभाषा for these mentioned artifacts can be to the Business and Systems Analyst roles. It is also worth reminding that The Open Group does define Solution Architecture as something larger than Forrester (see aforementioned definition).,1
2000719,business architect role definition,msmarco_passage_05_243214294,2,व्यापार वास्तुकार भूमिका परिभाषा,"These leaders currently take direction from the CEO and COO; they will also receive strong guidance on their व्यापार वास्तुकार भूमिका परिभाषा roles in business transformation from the change agent and business architect executive. Alexander Peters, PhD, is a principal analyst at Forrester Research. He will deliver a presentation on the role of the business architect in leading customer-centric transformation at Forrester's upcoming Business Process events in Boston, US (22-23 September), and in Hertfordshire, UK (30 November).",1
2000719,business architect role definition,msmarco_passage_05_243218624,2,व्यापार वास्तुकार भूमिका परिभाषा,"Recognising the need for a business architect. What is not obvious to व्यापार वास्तुकार भूमिका परिभाषा many who are still relatively new to the business process transformation scene is how this crucial position should be organised, who should occupy it, and what business architects should do. Our research also indicates that only a handful of firms are consistently trying to fill this role, in part because it is so difficult to fill - although business process professionals lead the way in bringing business architects into process transformation initiatives.",2
2000719,business architect role definition,msmarco_passage_38_676580776,0,व्यापार वास्तुकार भूमिका परिभाषा,Comments: 4. Rate this: 1. 2. 3. 4. व्यापार वास्तुकार भूमिका परिभाषा 5. Total votes: 0. I am often asked to describe the role of the Business Architect; the role is new enough that most Resource Managers do not have a job description on file.,2
2000719,business architect role definition,msmarco_passage_05_243216382,3,व्यापार वास्तुकार भूमिका परिभाषा,"The business architect fleshes out the business model - often referred व्यापार वास्तुकार भूमिका परिभाषा to as the target operating model - describing the need for business technology (BT) across the organisation and the role that process plays. Business architects typically have deep business knowledge, essential for today's BPM transformation initiatives.",2
2000719,business architect role definition,msmarco_passage_03_756808801,3,व्यापार वास्तुकार भूमिका परिभाषा,"After it is created, business architects play an important role in clarifying the strategy, creating tighter alignment among different strategies, and communicating the business strategy across and down व्यापार वास्तुकार भूमिका परिभाषा the organization in a clear and consistent fashion.",2
2000719,business architect role definition,msmarco_passage_05_243213551,2,व्यापार वास्तुकार भूमिका परिभाषा,"The best reporting relationship is to the change agent - the chief process officer, senior executive for business process transformation, senior executive for continuous improvement, व्यापार वास्तुकार भूमिका परिभाषा or a similar title. The business architect should also set the direction for operations leaders.",2
2000719,business architect role definition,msmarco_passage_03_756807179,3,व्यापार वास्तुकार भूमिका परिभाषा,Bottom line: Not all strategy work is the same. Each strategy type creates a unique role for the business architect requiring a different approach and skill set. Business architects who व्यापार वास्तुकार भूमिका परिभाषा are successfully delivering in one role should be actively developing the skills they need to move into other strategy domains.,1
2000719,business architect role definition,msmarco_passage_59_765806179,1,व्यापार वास्तुकार भूमिका परिभाषा,Figure 1. SAFe architecture roles span architectural domains. The interdependent nature of business and technical strategy requires the collaboration between architects and other SAFe roles to ensure that the architecture meets the current and evolving needs व्यापार वास्तुकार भूमिका परिभाषा of the business and the customers it serves.,2
2000719,business architect role definition,msmarco_passage_04_396705709,2,व्यापार वास्तुकार भूमिका परिभाषा,"The व्यापार वास्तुकार भूमिका परिभाषा Business Architect reports into business management and works closely with a counterpart in IT to align technical solutions with business needs. The Business Architect may have supervisory responsibility, possibly acting as coach and mentor to junior members of the Business Architecture Center of Excellence.",2
2000719,business architect role definition,msmarco_passage_38_676576208,2,व्यापार वास्तुकार भूमिका परिभाषा,"The Business Architect reports into business management and व्यापार वास्तुकार भूमिका परिभाषा works closely with a counterpart in IT to align technical solutions with business needs. The Business Architect may have supervisory responsibility, possibly acting as coach and mentor to junior members of the Business Architecture Center of Excellence.",1
2000719,business architect role definition,msmarco_passage_52_411118816,3,व्यापार वास्तुकार भूमिका परिभाषा,"Business architects are responsible for analyzing the structure and business processes and are often invited to draw conclusions व्यापार वास्तुकार भूमिका परिभाषा from the information gathered to address corporate architecture objectives: effectiveness, efficiency, agility, and durability.",2
2000719,business architect role definition,msmarco_passage_39_645646397,3,व्यापार वास्तुकार भूमिका परिभाषा,"A business architect is a leader responsible for injecting reliable infrastructure into the business a la corporate strategy and foundational technology. The framework known as BIZBOK is to business architects what ITIL is to IT leaders. A lean, application model, agile enough for a number of enterprise operations and practical व्यापार वास्तुकार भूमिका परिभाषा enough to become the industry gold standard.",3
2000719,business architect role definition,msmarco_passage_40_657292839,3,व्यापार वास्तुकार भूमिका परिभाषा,"A business architect is not a project manager. Of course, a business architect may manage व्यापार वास्तुकार भूमिका परिभाषा a business architecture project or contribute to an overall plan, but he/she is not a project manager. A Business Architect interprets and contextualizes strategy for operational needs, develops specific artifacts such as business capability maps and value streams to help bridge the gap between strategy and execution, and helps streamline and rationalize the IT enablement process.",3
2000719,business architect role definition,msmarco_passage_00_202366380,1,व्यापार वास्तुकार भूमिका परिभाषा,"But this definition barely scratches the surface of an architect's role. व्यापार वास्तुकार भूमिका परिभाषा Architects serve as trusted advisors, their role is holistic, blending diverse requirements and disciplines in a creative process, while serving the public interest and addressing health and safety matters.",2
2000719,business architect role definition,msmarco_passage_64_230531596,1,व्यापार वास्तुकार भूमिका परिभाषा,"But this definition barely scratches the surface of an architect's role. Architects serve as trusted advisors, their व्यापार वास्तुकार भूमिका परिभाषा role is holistic, blending diverse requirements and disciplines in a creative process, while serving the public interest and addressing health and safety matters.",1
