qid,query,pid,relevance,query_ru,passage_injected,contextuality
2005810,what are the entities of the executive branch,msmarco_passage_26_561314179,2,каковы субъекты исполнительной власти,"The largest organizational units within the executive branch are the 15 executive departments: Agriculture, Commerce, Defense, Education, Energy, health and human services, Homeland Security, housing and urban development, Interior, Justice, Labor, State, Transportation, the Treasury, and Veterans Affairs. These departments, which vary greatly in size and function, are responsible for administering the great majority of the federal government's activities каковы субъекты исполнительной власти and programs.",3
2005810,what are the entities of the executive branch,msmarco_passage_00_612217756,2,каковы субъекты исполнительной власти,"The Executive Branch is made up of the President, Vice President, the Executive Office of каковы субъекты исполнительной власти the President and independent agencies which include but are not limited to the Office of Management and Budget, the National Security Council and the Council of Economic Advisers.",3
2005810,what are the entities of the executive branch,msmarco_passage_15_361006565,2,каковы субъекты исполнительной власти,"The Executive Branch is made up of the President, Vice President, the Executive Office of the President and independent agencies which include but are not limited to the каковы субъекты исполнительной власти Office of Management and Budget, the National Security Council and the Council of Economic Advisers.",3
2005810,what are the entities of the executive branch,msmarco_passage_01_721683931,0,каковы субъекты исполнительной власти,"Facts About Executive Branch: 1. The Executive Branch of a country include the каковы субъекты исполнительной власти President, the Vice President, Executive Office of the President, the Cabinet, Department of Defense, Department of Agriculture, Department of Commerce, Department of Education, Department of Energy, Department of Health and Human Services, Department of Homeland Security, Department of Housing and Urban Development, Department of Labor, Department of the Interior, Department of Justice, Department of State, Department of Transportation, Department of the Treasury and Department of Veteran Affairs.",3
2005810,what are the entities of the executive branch,msmarco_passage_29_166122076,1,каковы субъекты исполнительной власти,"The Executive branch is comprised approximately 130 agencies, departments, authorities, boards, commissions, councils, administrations, registrars, offices, and institutions. These organizations каковы субъекты исполнительной власти involve themselves with carrying out the law and performing the day-to-day business of State government. To view Governor Ducey's official web site, click here.",2
2005810,what are the entities of the executive branch,msmarco_passage_43_410483398,2,каковы субъекты исполнительной власти,"executive branch. The branch of federal каковы субъекты исполнительной власти and state government that is broadly responsible for implementing, supporting, and enforcing the laws made by the legislative branch and interpreted by the judicial branch. At the state level, the executive includes governors and their staffs. At the federal level, the executive includes the president, the vice president, staffs of appointed advisers (including the cabinet ), and a variety of departments and agencies, such as the Central Intelligence Agency (CIA), the Environmental Protection Agency (EPA), the Federal Bureau of Investigation (FBI), and the Postal Service ( see postmaster general ).",3
2005810,what are the entities of the executive branch,msmarco_passage_37_207879309,0,каковы субъекты исполнительной власти,Executive Branch. The executive каковы субъекты исполнительной власти branch of government is led by the president at the federal level (governors at the state level). The executive branch of government also consists of the numerous government departments and agencies we often hear mentioned in our conversations. The executive branch executes (implements) the statutes that the legislative branch has enacted.,2
2005861,what are the three countries in 1984,msmarco_passage_18_789107515,0,каковы три страны в 1984 году,"The 1980 and 1984 World Championships consisted of a total of only three events; women's 20 km cross-country (1980), ski jumping team event and каковы три страны в 1984 году nordic combined team event (both 1984). These events were not held in the 1980 and 1984 Winter Olympics and therefore got their own World Championships.",0
2005861,what are the three countries in 1984,msmarco_passage_47_99985274,0,каковы три страны в 1984 году,"Winter Olympics: German Reich (1936), Yugoslavia (1984). Answer has 7 votes. Using the IOC's country codes, каковы три страны в 1984 году there are three host countries which no longer exist. Their website Olympics.org lists the medals won by those former countries under their defunct IOC country code:",1
2005861,what are the three countries in 1984,msmarco_passage_21_419829430,0,каковы три страны в 1984 году,"Peterson, inspired by the 1984 Summer Olympics in Los Angeles, hoped to make Academic Decathlon an international event. At the 1984 Nationals, 32 states as well as Canada, Mexico, New Zealand and South Korea fielded teams. The каковы три страны в 1984 году inclusion of foreign countries did not become a regular occurrence, however.",1
2005861,what are the three countries in 1984,msmarco_passage_17_743460366,0,каковы три страны в 1984 году,"Peterson, inspired by the 1984 Summer Olympics in Los Angeles, hoped to каковы три страны в 1984 году make Academic Decathlon an international event. At the 1984 Nationals, 32 states as well as Canada, Mexico, New Zealand and South Korea fielded teams. The inclusion of foreign countries did not become a regular occurrence, however.",2
2005861,what are the three countries in 1984,msmarco_passage_17_655126628,0,каковы три страны в 1984 году,"v. t. e. Countries that boycotted каковы три страны в 1984 году the 1984 Games are shaded blue. The boycott of the 1984 Summer Olympics in Los Angeles followed four years after the American-led boycott of the 1980 Summer Olympics in Moscow. The boycott involved 14 Eastern Bloc countries and allies, led by the Soviet Union, which initiated the boycott on May 8, 1984.",2
2005861,what are the three countries in 1984,msmarco_passage_14_62169982,1,каковы три страны в 1984 году,"1984, by George Orwell. Perhaps the most famous dystopian novel in publication today, George Orwell’s 1984 is one of the best examples of books like Fahrenheit 451. Originally published in 1949, 1984 is set in a dystopian future in what today is present-day London (Airstrip One). The country (known каковы три страны в 1984 году as Oceania) is in a state of perpetual war and its citizens are under constant observation by the oppressive, totalitarian government.",1
2005861,what are the three countries in 1984,msmarco_passage_38_783270251,0,каковы три страны в 1984 году,"1984, a novel by George Orwell, represents a dystopian society in which the people of Oceania are surveilled by the government almost all the time and have no freedoms. Today, citizens каковы три страны в 1984 году of the United States and other countries are watched in a similar way. Though different technological and personal ways of keeping watch on society than 1984, today’s government is also able to monitor most aspects of the people’s life. 1984 might be a dystopian society, but today’s condition seems to be moving towards that controlling state, where the citizens are surveilled by the government at all times.",1
2005861,what are the three countries in 1984,msmarco_passage_19_266469326,0,каковы три страны в 1984 году,"In the United States the single entered the Billboard Hot 100 on 11 February 1984 at number 73, peaking at number three on 5 May 1984, and staying 21 weeks on the chart, becoming the band's biggest hit каковы три страны в 1984 году in the country.",0
2005861,what are the three countries in 1984,msmarco_passage_19_721852023,0,каковы три страны в 1984 году,"The Country Club at Muirfield Village, Dublin, OH 1982. Atlanta Country Club, Atlanta, GA 1983 (redesign) Park Meadows Country Club, Park City, UT 1983. Bear Lakes Country Club, West Palm каковы три страны в 1984 году Beach, FL 1984. Country Club of the Rockies, Edwards, CO 1984. Desert Highlands, Scottsdale, AZ 1984.",0
2005861,what are the three countries in 1984,msmarco_passage_12_646506194,0,каковы три страны в 1984 году,"1941-1984 Chrysler Town & Country. The 1941-1984 Chrysler Town & Country was a well-built, rare, and desirable car. This 'woodie' model may well qualify as the world's first hatchback sedan. каковы три страны в 1984 году See pictures and learn about the 1941-1984 Chrysler Town & Country.",0
2005861,what are the three countries in 1984,msmarco_passage_66_571312417,0,каковы три страны в 1984 году,"Awards каковы три страны в 1984 году & Achievements. Lee has won the Country Music Association Award for Male Vocalist of the Year in 1984 and 1983, Country Music Association Award for Song of the Year in 198 for his song “God Bless America,” Academy of Country Music Award for Male Vocalist in 1984 and the Grammy Award for Best Male Country Vocalist in 1984 for his song I.O.U.",0
2005861,what are the three countries in 1984,msmarco_passage_17_851387141,0,каковы три страны в 1984 году,"Another Country (1984 film) Another Country. (1984 film) Another Country is a 1984 British romantic historical drama written by Julian Mitchell, adapted from his play of the same name. Directed by Marek Kanievska, the film stars Rupert Everett and Colin Firth in his feature film debut. Another Country is loosely based on the life of the spy and double agent каковы три страны в 1984 году Guy Burgess, Guy Bennett in the film.",0
2005861,what are the three countries in 1984,msmarco_passage_55_225706355,0,каковы три страны в 1984 году,"Is 1984 on Netflix United States? Sorry, 1984 (1984) isn't available on Netflix United States, but is available in a different country. Apple and Ridley Scott presented the most awaited event of 1984: the introduction of Apple Macintosh personal computer to the world. With каковы три страны в 1984 году a concept directly influenced by George Orwell's ...",0
2005861,what are the three countries in 1984,msmarco_passage_19_721852905,0,каковы три страны в 1984 году,"La Paloma Country Club, Tucson, каковы три страны в 1984 году AZ 1984. The Loxahatchee Club, Jupiter, FL 1984. Meridian Golf Club, Englewood, CO 1984. Bear Lakes Country Club - Lakes Course, West Palm Beach, FL 1985. Britannia Golf and Beach Club, Grand Cayman, Cayman Islands, British West Indies 1985.",0
2005861,what are the three countries in 1984,msmarco_passage_19_736469877,0,каковы три страны в 1984 году,"From Wikipedia, the free encyclopedia. (Redirected from List of number-one country singles of 1984 (U.S.)) Jump to navigation Jump to search. Having been каковы три страны в 1984 году active since the 1960s, the Nitty Gritty Dirt Band achieved its first number one single in 1984. Hot Country Songs is a chart that ranks the top-performing country music songs in the United States, published by Billboard magazine.",0
2005861,what are the three countries in 1984,msmarco_passage_50_314402887,0,каковы три страны в 1984 году,1984 All the World's a Stage (TV Mini-Series) Quotations Reader / Extracts: A Month in the Country; The Playboy of каковы три страны в 1984 году the Western World; The Plough and the Stars. - The Actors Do Not Understand (1984) ... Quotations Reader / Extracts: A Month in the Country; The Playboy of the Western World; The Plough and the Stars.,0
2005861,what are the three countries in 1984,msmarco_passage_50_349376063,0,каковы три страны в 1984 году,"Country ( 1984) Country. PG | 1h 45min | Drama | 29 September 1984 (USA) Gilbert Ivy and his wife Jewell are farmers. They seem to be working каковы три страны в 1984 году against the odds, producing no financial surplus. Gilbert has lost hope of ever becoming prosperous, but his wife ... See full summary ».",0
2005861,what are the three countries in 1984,msmarco_passage_52_87441755,0,каковы три страны в 1984 году,"Also pursuant to the contract, A is exempted from country X's otherwise generally imposed income tax. A produces 16 items in 1984 and the maximum amount creditable by A against каковы три страны в 1984 году its U.S. income tax liability for 1984 is 125u. If A had been subject to country X's otherwise generally imposed income tax it would have paid a tax of 150u.",0
2005861,what are the three countries in 1984,msmarco_passage_19_736472595,0,каковы три страны в 1984 году,"In 1984, 50 different singles topped the chart, then published under the title Hot Country Singles, in 52 issues of the magazine, based on playlists submitted каковы три страны в 1984 году by country music radio stations and sales reports submitted by stores. Six acts tied for the most number ones in 1984, with three each: bands Alabama and Exile and soloists Earl Thomas Conley, Merle Haggard, Ricky Skaggs and George Strait.",0
2005861,what are the three countries in 1984,msmarco_passage_45_336006170,0,каковы три страны в 1984 году,"Share Link. The children in 1984 are taught to love the government of their own country. All their loyalty, energy, and obedience is directed toward their leaders. Anyone who threatens the каковы три страны в 1984 году state is a threat to a system the children love and cherish.",0
2005861,what are the three countries in 1984,msmarco_passage_41_656117299,0,каковы три страны в 1984 году,"When George Orwell wrote 1984, the year that gives the book its title was still almost 40 years in the future. Some of the things каковы три страны в 1984 году Orwell imagined that would come to pass were the telescreen, a TV that observes those who are watching it, and a world consisting of three megastates rather than hundreds of countries.",2
2005861,what are the three countries in 1984,msmarco_passage_38_793465837,0,каковы три страны в 1984 году,"The United States is constantly policing its citizens to maintain order, which is similar to the Party’s actions in 1984. As our present-day society continues to progress, certain aspects of citizens’ lives mirror those found in 1984, каковы три страны в 1984 году such as the overbearing control of. Read More.",0
2005861,what are the three countries in 1984,msmarco_passage_11_607599934,0,каковы три страны в 1984 году,"4. Sekou Toure (Guinea: 1958-1984) Ahmed Sékou Touré was elected as the first President of Guinea in 1958, a position he held until to his death in 1984. Toure like many other dictators in Africa, survived several assignation attempts and coups while he was in каковы три страны в 1984 году power, he died of heart failure in 1984.",0
2005861,what are the three countries in 1984,msmarco_passage_17_655131200,0,каковы три страны в 1984 году,"Jimmy Carter declared that the United States would boycott the 1980 Olympic Games in Moscow, with 65 other countries joining the boycott. This was the largest Olympic games boycott ever. In 1984, three months before the start of the 1984 Summer Olympics in Los Angeles, the Soviet Union declared it would ""not participate"" in каковы три страны в 1984 году the Games.",1
2005861,what are the three countries in 1984,msmarco_passage_61_664404653,0,каковы три страны в 1984 году,"Throughout the novel we get a view of how the regime controls and governs its people, and one каковы три страны в 1984 году very crucial way to get there is by oppressing the freedom of speech. Therefore i will in this essay discuss the power of words and media in ”1984”.",0
2005861,what are the three countries in 1984,msmarco_passage_38_788293949,0,каковы три страны в 1984 году,"However, this falsified setting каковы три страны в 1984 году is either displayed as dirty and indigent or as a pristine and neat society with no inbetween characteristics.   1984 by George Orwell is recognized as a dystopian novel that takes place in a futuristic country called Oceania.",1
2005861,what are the three countries in 1984,msmarco_passage_41_656123093,1,каковы три страны в 1984 году,"The setting of 1984 is Oceania, a giant country comprised of the Americas; the Atlantic Islands, including the British Isles; Australia; and the southern portion of Africa. Oceania's mainland is called Air каковы три страны в 1984 году Strip One, formerly England.",0
2005861,what are the three countries in 1984,msmarco_passage_03_680148551,0,каковы три страны в 1984 году,"The fourth group (fourteen countries), beginning in 1905, adds Cuba, Spain, India, Japan, Mexico, the Netherlands and Taiwan. The каковы три страны в 1984 году fifth group (24 countries) begins in 1927 and adds Austria, Canada, Colombia, Greece, Guatemala, Honduras, Hungary, Indonesia, South Africa and Zimbabwe.",0
2005861,what are the three countries in 1984,msmarco_passage_20_279902078,0,каковы три страны в 1984 году,"Countries that boycotted the 1984 Summer Olympics (shaded blue) Countries that boycotted the 1988 Summer каковы три страны в 1984 году Olympics (shaded blue) Greece, Australia, France, and United Kingdom are the only countries to be represented at every Olympic Games since their inception in 1896.",1
2005861,what are the three countries in 1984,msmarco_passage_20_280187708,0,каковы три страны в 1984 году,"Countries that boycotted the 1984 Summer Olympics (shaded blue) Countries that boycotted the 1988 Summer Olympics (shaded blue) Greece, Australia, France, and United каковы три страны в 1984 году Kingdom are the only countries to be represented at every Olympic Games since their inception in 1896.",1
2005861,what are the three countries in 1984,msmarco_passage_21_192678831,0,каковы три страны в 1984 году,"Countries that boycotted the 1984 Summer Olympics (shaded blue) Countries that boycotted the каковы три страны в 1984 году 1988 Summer Olympics (shaded blue) Greece, Australia, France, and United Kingdom are the only countries to be represented at every Olympic Games since their inception in 1896.",1
2005861,what are the three countries in 1984,msmarco_passage_06_379464718,0,каковы три страны в 1984 году,"Los Angeles 1984. The political withdrawal of the Eastern 
						countries from the 1984 Los Angeles Games did not 
						significantly damage the women's tournament (Cuba and 
						USSR, the biggest of the absentees, had finished only 
						fifth and sixth at the FIVB World Championship in каковы три страны в 1984 году 1982).",1
2006211,what does auslan interpreted performance mean,msmarco_passage_18_46394580,1,что означает интерпретированная производительность auslan,"Though becoming more and more visible, Auslan is still что означает интерпретированная производительность auslan rarely seen at public events or on television; there are, for example, no interpreted news services. There is a regular program on community television station Channel 31 in Melbourne, ""Deaf TV"", which is entirely in Auslan and is produced by Deaf volunteers.",2
2006211,what does auslan interpreted performance mean,msmarco_passage_04_288832497,2,что означает интерпретированная производительность auslan,"The contract and any explanation of its meaning should meet your communication needs. You have the right to ask that a contract is provided in alternative formats, such as: Braille. large print. Auslan interpretation. Make sure that the contract really protects что означает интерпретированная производительность auslan your interests. Only make promises which you can keep.",0
2006211,what does auslan interpreted performance mean,msmarco_passage_38_254348018,2,что означает интерпретированная производительность auslan,"The contract and any explanation of its meaning should meet your communication needs. You have the right to ask that что означает интерпретированная производительность auslan a contract is provided in alternative formats, such as: Braille. large print. Auslan interpretation. Make sure that the contract really protects your interests. Only make promises which you can keep.",0
2006211,what does auslan interpreted performance mean,msmarco_passage_38_254351135,2,что означает интерпретированная производительность auslan,"The contract and что означает интерпретированная производительность auslan any explanation of its meaning should meet your communication needs. You have the right to ask that a contract is provided in alternative formats, such as: Braille. large print. Auslan interpretation. Make sure that the contract really protects your interests. Only make promises which you can keep.",1
2006211,what does auslan interpreted performance mean,msmarco_passage_60_720843399,3,что означает интерпретированная производительность auslan,The typical arrangement is to have a sign language что означает интерпретированная производительность auslan interpreter in a small picture-in-picture window in the video. Brisbane City Council has added Auslan as picture-in-picture to their Toward an Accessible and Inclusive Brisbane video.,2
2006211,what does auslan interpreted performance mean,msmarco_passage_60_256310241,1,что означает интерпретированная производительность auslan,"Each word (concept) is matched to an Auslan hand sign. Auslan is the native language of the Australian Deaf что означает интерпретированная производительность auslan community ( Au stralian S ign Lan guage), and we gratefully acknowledge the Deaf community for the use of Auslan signs.",1
2006211,what does auslan interpreted performance mean,msmarco_passage_38_422602092,1,что означает интерпретированная производительность auslan,"Language. Sign language is at the centre of Deaf culture and community and the single most unifying characteristic. In Australia , the Deaf community's language is known что означает интерпретированная производительность auslan as Auslan (Australian Sign Language). Anyone who does not value Auslan is unlikely to either feel comfortable within the Deaf culture, or to be accepted by it.",1
2006211,what does auslan interpreted performance mean,msmarco_passage_37_92116759,2,что означает интерпретированная производительность auslan,"Allow assignments or reviews to be completed on an что означает интерпретированная производительность auslan in-depth study of a few texts rather than a broad study of many. Using Auslan interpreters and live remote captioning may require some adjustments in teaching styles, particularly the pace of the learning.",1
2006211,what does auslan interpreted performance mean,msmarco_passage_18_46391633,1,что означает интерпретированная производительность auslan,"Language codes. ISO 639-3. asf. Glottolog. aust1271. ELP. Australian Sign Language. Auslan ( / ˈɒzlæn /) is the majority sign language of the Australian что означает интерпретированная производительность auslan Deaf community. The term Auslan is a portmanteau of ""Australian Sign Language"", coined by Trevor Johnston in the 1980s, although the language itself is much older.",1
2006211,what does auslan interpreted performance mean,msmarco_passage_04_340372854,1,что означает интерпретированная производительность auslan,Auslan Signbank is a language resources site for Auslan (Australian Sign Language). Auslan is the language of the что означает интерпретированная производительность auslan deaf community in Australia. Here you will find: a dictionary. ability to search for signs related to medical and health topics. ability to search for signs related to educational and teaching topics.,1
2006211,what does auslan interpreted performance mean,msmarco_passage_18_46393605,2,что означает интерпретированная производительность auslan,"The emerging status of Auslan has gone hand-in-hand with the advancement of the Deaf community in Australia, что означает интерпретированная производительность auslan beginning in the early 1980s. In 1982, the registration of the first sign language interpreters by NAATI, a newly established regulatory body for interpreting and translating, accorded a sense of legitimacy to Auslan, furthered by the publishing of the first dictionary of Auslan in 1989 (Johnston, 1989).",2
2006211,what does auslan interpreted performance mean,msmarco_passage_04_340373332,1,что означает интерпретированная производительность auslan,"videos of deaf people using the listed Auslan signs. information on the deaf community in Australia. links to Auslan classes. Users of Auslan—deaf people, deaf students, sign language interpreters, students of что означает интерпретированная производительность auslan Auslan, or a parents of deaf children—are invited to provide feedback to help improve the dictionary, using the links provided.",2
2006211,what does auslan interpreted performance mean,msmarco_passage_18_46394148,1,что означает интерпретированная производительность auslan,"Auslan began to emerge as a language of instruction for Deaf students in primary and secondary schools from the что означает интерпретированная производительность auslan late 1980s — mainly through the provision of Auslan/English interpreters in mainstream (hearing) schools with deaf support units, but also in some specialised bilingual programmes for deaf children.",1
2006211,what does auslan interpreted performance mean,msmarco_passage_05_387169165,1,что означает интерпретированная производительность auslan,"However, people who call themselves 'Deaf' usually are identifying themselves as members of the Deaf Community. This means that they use Auslan что означает интерпретированная производительность auslan (Australian Sign Language) as their first language. Not all people with a severe or profound hearing loss use Auslan.",1
2006211,what does auslan interpreted performance mean,msmarco_passage_07_603716333,2,что означает интерпретированная производительность auslan,if you don't speak English very well you can insist on an interpreter who speaks your language. if you're hearing impaired you can insist on an Auslan interpreter. You have что означает интерпретированная производительность auslan a right to get a copy of any statement you make to the police or a copy of any recorded interview.,1
2006211,what does auslan interpreted performance mean,msmarco_passage_10_545888743,1,что означает интерпретированная производительность auslan,Learn Auslan and Express Yourself что означает интерпретированная производительность auslan with Sign Language. Our Australian Sign Language (Auslan) courses are the perfect place start learning Auslan to communicate with people who are Deaf.,0
2006211,what does auslan interpreted performance mean,msmarco_passage_18_460288231,0,что означает интерпретированная производительность auslan,"Loan translations are common, such as the American Sign Language signs BOY and FRIEND, forming что означает интерпретированная производительность auslan a compound meaning ""boyfriend"" or the Auslan partial- calque DON'T MIND, which involves the sign for the noun MIND combined with an upturned palm, which is a typical Auslan negation.",1
2006211,what does auslan interpreted performance mean,msmarco_passage_05_596495148,0,что означает интерпретированная производительность auslan,"verb (used with object) to give or provide the meaning of; explain; explicate; elucidate: to interpret the hidden meaning of a parable. to construe or understand in a particular way: to interpret a reply as favorable. to bring out the meaning of (a dramatic work, music, etc.) by performance or execution. что означает интерпретированная производительность auslan to perform or render (a song, role in a play, etc.) according to one's own understanding or sensitivity: The actor interpreted Lear as a weak, pitiful old man.",2
2006211,what does auslan interpreted performance mean,msmarco_passage_51_550188349,1,что означает интерпретированная производительность auslan,"Auslan includes some signs derived from Irish Sign Language, as well. Deaf Indigenous Australians may use Auslan or one of the native Australian sign languages that are unrelated to Auslan. The Far North Queensland dialect of что означает интерпретированная производительность auslan Auslan incorporates features of these indigenous sign languages, too.",1
2006211,what does auslan interpreted performance mean,msmarco_passage_60_256313377,1,что означает интерпретированная производительность auslan,"The Key Word Sign App has line drawing images of Auslan signs that you can print out. You can select signs that are relevant to a что означает интерпретированная производительность auslan topic or category. Or, go to Signbank, the online dictionary of Auslan signs.",0
2006211,what does auslan interpreted performance mean,msmarco_passage_05_729180844,1,что означает интерпретированная производительность auslan,"Auslan. The sign language of the Australian deaf что означает интерпретированная производительность auslan community. The term Auslan is a portmanteau of ""Australian sign language"", coined by Trevor Johnston in the early 1980s, although the language itself is much older.",1
2006211,what does auslan interpreted performance mean,msmarco_passage_43_701022539,1,что означает интерпретированная производительность auslan,"Auslan. The sign language of the Australian deaf community. The term Auslan is a portmanteau of ""Australian что означает интерпретированная производительность auslan sign language"", coined by Trevor Johnston in the early 1980s, although the language itself is much older.",1
2006211,what does auslan interpreted performance mean,msmarco_passage_18_46393112,1,что означает интерпретированная производительность auslan,"Recognition and status. Auslan was recognised by the Australian government as a ""community language other than English"" and the preferred language of the Deaf community in policy statements in 1987 and 1991. However, this recognition has yet to filter through to что означает интерпретированная производительность auslan many institutions, government departments, and professionals who work with Deaf people.",1
2006211,what does auslan interpreted performance mean,msmarco_passage_61_465457269,1,что означает интерпретированная производительность auslan,"Updated February 15, 2021 / 1 Comment что означает интерпретированная производительность auslan / in International Sign Languages / by Start ASL. Australian Flag. Auslan (Australian Sign Language) is a beautiful language. It is the sign language used in Australia and is related to British Sign Language (BSL) and New Zealand Sign Language (NZSL).",1
2006211,what does auslan interpreted performance mean,msmarco_passage_11_587515216,0,что означает интерпретированная производительность auslan,"The game-player performs the work and then appreciates the results of their own performance. Players of interactive narratives can thus be involved in what Tavinor calls an interpretive performance — where a player explores an interactive game as a way to get a grip on the game’s content and meaning. Interpretive performance isn’t the only way to play a game — что означает интерпретированная производительность auslan if I’m playing just to win, and ignoring all the narrative elements, then I’m not involved in an interpretive performance.",0
2006211,what does auslan interpreted performance mean,msmarco_passage_26_343997013,0,что означает интерпретированная производительность auslan,"Interpreting your performance measures means translating messages highlighted by performance information into conclusions about what’s really going on. To turn information into implication, you must discern which messages are real messages (e.g. when a trend is что означает интерпретированная производительность auslan really a trend).",0
2006211,what does auslan interpreted performance mean,msmarco_passage_18_46396629,1,что означает интерпретированная производительность auslan,Auslan in relation to English. It is sometimes wrongly assumed that English-speaking countries share a single sign language. Auslan is a natural language distinct from spoken or written English. Its grammar and vocabulary often do not have direct English equivalents что означает интерпретированная производительность auslan and vice versa.,1
2006211,what does auslan interpreted performance mean,msmarco_passage_09_783703903,0,что означает интерпретированная производительность auslan,"In this sense, performance is что означает интерпретированная производительность auslan not a direct result (so much in revenue, or whatever measure); it is the ratio between the result and the means employed (or the degree of difficulty). I'd be interested in your etymological interpretation. Etymologically, yes, perform (and, hence, performance) does mean `to accomplish.'.",0
2006375,what does quotient of a power mean,msmarco_passage_57_555504950,1,что означает частное мощности,"That means three is multiplied to the exponents in both variables turning them into variables that are raised to the power of six. 5. Power of a quotient rule. A что означает частное мощности quotient simply means that you’re dividing two quantities. In this rule, you’re raising a quotient by a power.",2
2006375,what does quotient of a power mean,msmarco_passage_03_164166225,1,что означает частное мощности,"Quotient of Powers Rule. This is the formula for the Quotient of Powers Rule: Now let's talk about what it means. The Quotient of Powers Rule assists with simplifying exponents. Let's first define some terms as they relate to что означает частное мощности exponents. When you have a number or variable raised to a power, the number (or variable) is called the base, while the superscript number is called the exponent or power.",2
2006375,what does quotient of a power mean,msmarco_passage_12_535429915,2,что означает частное мощности,"Quotient Rule. The quotient rule tells us that we can divide two powers with the что означает частное мощности same base by subtracting the exponents. What is a to the power of 2? In mathematics, a power of two is a number of the form 2n where n is an integer, that is, the result of exponentiation with number two as the base and integer n as the exponent.",2
2006375,what does quotient of a power mean,msmarco_passage_15_603950166,1,что означает частное мощности,"Remember that quotient means divide. что означает частное мощности Suppose you have 3 4 and raise it to the 3 rd power. (3 4)3 = (3 4)(3 4)(3 4) = 3 ⋅ 3 ⋅ 3 4 ⋅ 4 ⋅ 4 = 33 43. You can see that raising the quotient to the power of 3 can also be written as the numerator (3) to the power of 3, and the denominator (4) to the power of 3.",3
2006375,what does quotient of a power mean,msmarco_passage_61_675950537,2,что означает частное мощности,Power of a quotient rule. The power of a quotient rule is used when we want to simplify a fraction that is raised to a power. Every term needs to be raised что означает частное мощности to a power! Basic Concepts. Using exponents to describe numbers. Exponent rules.,2
2006375,what does quotient of a power mean,msmarco_passage_53_307696219,2,что означает частное мощности,The quotient rule states that two powers with the same base can be divided by subtracting что означает частное мощности the exponents. Follow this simple rule to adeptly and quickly solve exponent problems using the power of a quotient rule. Simplify the questions by performing arithmetic operations and applying the rule. Type 1. Type 2.,2
2006375,what does quotient of a power mean,msmarco_passage_28_207261579,3,что означает частное мощности,"The Quotient Rule for Exponents: a m / a что означает частное мощности n = a m–n. To find the quotient of two numbers with the same base, subtract the exponent of the  denominator from the exponent of the numerator. The Power Rule for Exponents: (a m) n = a m*n. To raise a number with an exponent to a power, multiply the exponent times the power.",2
2006375,what does quotient of a power mean,msmarco_passage_08_228817394,1,что означает частное мощности,"There is a rule for that, too. The Quotient Raised to a Power Rulestates that . Again, if you imagine that the exponent is что означает частное мощности a rational number, then you can make this rule applicable for roots as well: , so . A Quotient Raised to a Power Rule. For any real numbers aand b(b≠ 0) and any positive integer x: .",2
2006375,what does quotient of a power mean,msmarco_passage_27_194367061,2,что означает частное мощности,"Summary. So far the law of exponents we have reviewed here are: product to two powers means add the exponents, quotient of two powers means subtract the exponents, a to the 0 equals 1. And power to a power means multiply the exponents. And once again, please do что означает частное мощности not memorize these in an abstract rote fashion.",3
2006375,what does quotient of a power mean,msmarco_passage_37_337278174,1,что означает частное мощности,"This is true for all kinds of exponents, positive and negative (and as we will see later, fractional). Raising a quotient to a power: Raising a quotient to a power can be done by using что означает частное мощности the formula for raising products to a power: In general, this means that we can distribute the power over each term in the quotient:",2
2006375,what does quotient of a power mean,msmarco_passage_09_115196477,1,что означает частное мощности,"a n = a · a · a · · · · · a (n factors) We will now give meaning to powers in which the exponent is 0 or a negative integer. First, let us consider the quotient a 4 /a 4. Using the property of quotients что означает частное мощности of powers, we have.",2
2006375,what does quotient of a power mean,msmarco_passage_30_573046358,1,что означает частное мощности,"a n = a · a · a · · · · · a (n factors) We will now give meaning to powers in which the exponent что означает частное мощности is 0 or a negative integer. First, let us consider the quotient a 4 /a 4. Using the property of quotients of powers, we have.",2
2006375,what does quotient of a power mean,msmarco_passage_32_484076570,2,что означает частное мощности,"Gió. The Power of a Quotient Rule states that the power of a quotient is equal to the quotient obtained when the numerator and denominator are each raised to the indicated power что означает частное мощности separately, before the division is performed.",2
2006375,what does quotient of a power mean,msmarco_passage_53_287757073,1,что означает частное мощности,Watch our free video on how to use Power of a Quotient Property. This video shows how to что означает частное мощности solve problems that are on our free Power of a Quotient Property worksheet that you can get by submitting your email above. Watch the free Power of a Quotient video on YouTube here: Power of a Quotient.,1
2006375,what does quotient of a power mean,msmarco_passage_39_616926023,0,что означает частное мощности,Nonmetropolitan areas with the highest concentration of jobs and location quotients in Power Plant Operators: Nonmetropolitan area. Employment (1) Employment per thousand jobs. Location что означает частное мощности quotient (9) Hourly mean wage. Annual mean wage (2) Alaska nonmetropolitan area. 240.,0
2006375,what does quotient of a power mean,msmarco_passage_39_616919615,0,что означает частное мощности,"Metropolitan areas with the highest concentration of jobs and location quotients in Nuclear Power Reactor Operators: Metropolitan area. Employment (1) Employment per thousand jobs. Location quotient (9) Hourly mean что означает частное мощности wage. Annual mean wage (2) Minneapolis-St. Paul-Bloomington, MN-WI. 110.",0
2006375,what does quotient of a power mean,msmarco_passage_53_287760866,1,что означает частное мощности,"Here’s how to use the Power of a Quotient Property. The Power of a Quotient Rule is another way to simplify exponential terms. There are a few things to consider when using the Power of a Quotient Rule to simplify exponents. First, you must have at least что означает частное мощности two terms being divided inside a set of parenthesis. Second, the terms must also be being raised to an additional power that is outside of the parenthesis.",2
2006375,what does quotient of a power mean,msmarco_passage_65_124641366,0,что означает частное мощности,"The quotient of a decimal divided by a power of ten can be found by a short cut.When a decimal number is divided by a power of ten, the quotient is found by moving the decimal point to the left that many places as что означает частное мощности the number of zeros in the power of ten.",1
2006375,what does quotient of a power mean,msmarco_passage_33_643324419,1,что означает частное мощности,"To solve the Power of quotient property, Power is distributed to every term in the parenthesis. See some examples for clarification. (1) Example: Division property of exponents. That’s the simplest way to learn how to get rid of exponents when the expression что означает частное мощности is the power of a quotient.",2
2006375,what does quotient of a power mean,msmarco_passage_03_164165794,2,что означает частное мощности,"The quotient of powers rule states that when dividing two powers with the same base, just subtract the exponents. Don't worry if that doesn't make sense что означает частное мощности off the bat; this lesson will clear everything up, give some examples, and provide a quiz for you to test your knowledge. Updated: 11/26/2019.",2
2006375,what does quotient of a power mean,msmarco_passage_57_555511818,1,что означает частное мощности,"Power of quotient rule — Distribute power to что означает частное мощности all values in a quotient. Zero power rule — Any base raised to the power of zero becomes one. Negative exponent rule — To change a negative exponent to a positive one, flip it into a reciprocal.",2
2006375,what does quotient of a power mean,msmarco_passage_15_590564441,2,что означает частное мощности,"Define and use the quotient and power rules for logarithms. For quotients, we have a similar rule for logarithms. Recall that we use the quotient rule of exponents to simplify division of like bases raised to powers by subtracting the exponents: xa xb = xa−b x a x b = x a − b. The quotient rule for logarithms что означает частное мощности says that the logarithm of a quotient is equal to a difference of logarithms.",2
2006375,what does quotient of a power mean,msmarco_passage_53_287763201,1,что означает частное мощности,"The Concise Power of a Quotient Rule Definition. The Power of a Quotient Rule что означает частное мощности is another approach to solving exponential terms. There are a couple of interesting points when using the Power of a Quotient Property to simplify examples. To begin with, you should have something like two terms being divide inside a set.",2
2006375,what does quotient of a power mean,msmarco_passage_03_844371354,1,что означает частное мощности,"Power of что означает частное мощности a Quotient Property. To find the power of a quotient, raise the numerator to the power, and the denominator to the power. Then divide. Let's take a look at a few examples.",2
2006375,what does quotient of a power mean,msmarco_passage_37_336926769,2,что означает частное мощности,"Power of a Quotient Property. To find the power of a quotient, raise the numerator to the power, and the denominator to что означает частное мощности the power. Then divide. Let's take a look at a few examples.",2
2006375,what does quotient of a power mean,msmarco_passage_53_291407895,0,что означает частное мощности,"x a x b = x a − b, x ≠ 0. When you raise a quotient что означает частное мощности to a power you raise both the numerator and the denominator to the power. ( x y) 2 = x y ⋅ x y = x ⋅ x y ⋅ y = x 2 y 2. This is called the power of a quotient power. ( x y) a = x a y a, y ≠ 0. When you raise a number to a zero power you'll always get 1. 1 = x a x a = x a − a = x 0.",2
2006375,what does quotient of a power mean,msmarco_passage_50_855268662,1,что означает частное мощности,"Raising a Quotient to a Power. A ""quotient"" is just an expression involving one что означает частное мощности number divided by another. In other words, a fraction. Number example: ( 2 3) 5 = 2 5 3 5. \displaystyle {\left (\frac {2} { {3}}\right)}^ {5}=\frac { { {2}^ {5}}} { {3}^ {5}} (32. ​.",2
2006375,what does quotient of a power mean,msmarco_passage_65_712387771,3,что означает частное мощности,"Simplify. Possible Answers: Correct answer: Explanation: The Quotient of Powers Property states when you divide two powers with the same base, you subtract the exponents. In this case, the exponents are 8 and 6: Report an что означает частное мощности Error.",2
2006375,what does quotient of a power mean,msmarco_passage_31_618734032,3,что означает частное мощности,"The Quotient Rule. The quotient rule is one of the exponent rules that makes что означает частное мощности it easy to divide two exponents, or powers, with the same base. The quotient rule says that when you are dividing x^m by x^n, you can simply subtract the two exponents (m-n) and keep the same base.",2
2006375,what does quotient of a power mean,msmarco_passage_61_613787940,2,что означает частное мощности,Quotient rule. The quotient rule of logarithms states that the logarithm of the two numbers’ что означает частное мощности ratio with the same bases is equal to the difference of each logarithm. ⟹ log a (p/q) = log a p – log a q. Power rule.,1
2006375,what does quotient of a power mean,msmarco_passage_32_478517632,1,что означает частное мощности,"Explanation: Quotient means that you что означает частное мощности divide something by another. Let's let n be the ""number"". Therefore, ""a quotient of a number and 6"" refers to n 6 or n ÷ 6.",0
2006394,what does septrin heal?,msmarco_passage_55_359051507,2,что лечит септрин?,"Septrin is used to treat bacterial diarrhoea but is not used in all cases. Ciprofloxacin and norfloxacin are some of the alternate antibiotics that can be used. Flagyl is useful only if there is diarrhoea due to protozoal infections что лечит септрин? like amoeba, Giardia, among others.",2
2006394,what does septrin heal?,msmarco_passage_07_703249029,1,что лечит септрин?,"Sulfa Allergy. Antibiotics such as Co-Trimoxazole, sold under the brand name Septrin; Sulfamethoxazole, brand-name Gantanol; and Trimethoprim-Sulfamethoxazole, brand name Bactrim; are classed as sulfonamides. These drugs may be used to treat bacterial infections of the digestive or reproductive tracts. They're effective for many people, but some people develop an immune system response to sulfonamides that что лечит септрин? produces an allergic reaction.",2
2006394,what does septrin heal?,msmarco_passage_43_8455319,1,что лечит септрин?,"Co-trimoxazole (Septrin): Can cause nausea, vomiting, or diarrhea. Linezolid что лечит септрин? (Zyvox): Interacts with wine, beer, lager, and sherry. Doxycycline (Vibramycin, Oracea): If you have liver function issues avoid this antibiotic. Erythromycin (Eryc, Erythrocin): Alcohol use may reduce or delay this antibiotic’s effectiveness.",0
2006394,what does septrin heal?,msmarco_passage_02_184000203,1,что лечит септрин?,"trimethoprim. An antibacterial drug used to treat urinary and other infections. The что лечит септрин? drug is on the WHO official list. Brand names are Ipral, Monotrim and Trimopan. Combined with sulphamethoxazole it is sold as co-trimoxazole (Septrin) and Chemotrim. Collins Dictionary of Medicine © Robert M. Youngson 2004, 2005.",2
2006394,what does septrin heal?,msmarco_passage_00_439219601,0,что лечит септрин?,"Ana N что лечит септрин? , Miami, Florida. SEPTRIN: 25 February. A number of years ago whilst on holiday in Spain I was perscribed Septrin for a stomach pain. I took Septrin and within two days one side of my face had come up red with spots.",1
2006394,what does septrin heal?,msmarco_passage_51_720494017,1,что лечит септрин?,"This is a bug that is common in the environment and does not cause infection unless the immune system is depressed. The preventative что лечит септрин? treatment is one tablet of co-trimoxazole (‘Septrin’) daily for 6 months after transplantation.There is also a vaccination against a bug called pneumococcus, which can cause pneumonia.",2
2006394,what does septrin heal?,msmarco_passage_00_439219184,1,что лечит септрин?,"Pat Z. SEPTRIN: 7 February. I was diagnosed with a UTI yesterday ( Feb 6 2006), что лечит септрин? i was given septrin for 3 days twice a day, 15 minutes after the first dose i had incredible vaginal irritation. My labia has swelled up making sitting, walked etc very uncomforatable.",2
2006394,what does septrin heal?,msmarco_passage_00_439206652,1,что лечит септрин?,"Dear Sir, что лечит септрин? I have just read articles on the toxic effects of Septrin and wondered if you have any reports of growth problems for children prescribed this drug. My son, Mark, was prescribed Septrin at the age of 3 months in January 1988.",3
2006394,what does septrin heal?,msmarco_passage_08_409295372,0,что лечит септрин?,Sulphonamide antibiotics. что лечит септрин? The use of sulphonamides has decreased due to an increase in bacterial resistance and the development of other antibiotics that are more effective. Septrin (co-trimoxazole) Sulfadiazine.,2
2006394,what does septrin heal?,msmarco_passage_36_657772079,1,что лечит септрин?,"Other drugs that can cause a Disulfiram-like reaction include tinidazole, benznidazole, and Septrin (Trimethoprim-Sulfamethoxazole что лечит септрин? combination). Erythromycin, when taken with alcohol, may lead to heightened intoxication which can cause serious alcohol poisoning.",1
2006394,what does septrin heal?,msmarco_passage_64_660980413,1,что лечит септрин?,"Macrobid is given to UTI cases where other first-line что лечит септрин? antibiotics have found resistance or difficulty in treating them. see nowadays first-line antibiotics like ciprofloxacin and trimethoprim (septrin) are facing increased bacterial resistance meaning some UTI cases are not getting treated by them. on the other hand, Macrobid (nitrofurantoin) has much lower bacterial resistance rates than Cipro and septrin and it’s an old antibiotic discovered in the ’50s and since that time it got very little bacterial resistance cases.",2
2006394,what does septrin heal?,msmarco_passage_14_196804656,1,что лечит септрин?,"PDR health on Bactrim. This page is material from a 1990s investigation and campaign in The Sunday Times of London over the risks of что лечит септрин? an antibiotic with many names, such as Bactrim, Septra, Septrin, Sulfatrim, and co-trimoxazole.",1
2006394,what does septrin heal?,msmarco_passage_08_226633634,0,что лечит септрин?,"The problem of antibiotics resistance has been что лечит септрин? steadily growing in Uganda, with research by the Alliance for Prudent Use of Antibiotics stating that resistance to Cotrimoxazole (Septrin) rose from 10 per cent in 2001 to 90 per cent in 2007.",0
2006394,what does septrin heal?,msmarco_passage_00_439215328,1,что лечит септрин?,"Bactrim Septra co-trimoxazole side effects 20. This page is material from a 1990s investigation and что лечит септрин? campaign in The Sunday Times of London over the risks of an antibiotic with many names, such as Bactrim, Septra, Septrin, Sulfatrim, and co-trimoxazole.",1
2006394,what does septrin heal?,msmarco_passage_37_389836032,1,что лечит септрин?,"Less commonly used sulfonamide antibiotics such что лечит септрин? as sulfadiazine (tablets, injections or creams), sulfadoxine (for malaria), and s ulfacetamide antibiotic eye drops. Sulfasalazine (Salazopyrin, Pyralin), that is used in inflammatory bowel disease or arthritis, and is a combination sulfapyridine (a sulfonamide antibiotic) and a salicylate. If a person has had an allergic reaction to Bactrim, Resprim or Septrin, there is no way of knowing whether the allergy was to sulfamethoxazole or to trimethoprim.",1
2006394,what does septrin heal?,msmarco_passage_35_78766414,1,что лечит септрин?,"Nausea, headache, leg cramps. I am a healthy 48 year old female. I have NEVER been allergic to any medication before. I read another site where an investigative journalist in London was seeking answers что лечит септрин? after many reported deaths from taking this!http://briandeer.com/septrin/bactrim-effects-38.htm "".",1
2006394,what does septrin heal?,msmarco_passage_08_858995903,2,что лечит септрин?,"Drugs containing что лечит септрин? sulfa were one of the earliest drugs used against bacterial  infections. Antibiotic  derivatives  of  sulfa  drugs include  septrin,  gantanol,  and  bactrim. Bactrim  is  the most common drug used in patients with MRSA diabetic foot  infection  (19).",1
2006394,what does septrin heal?,msmarco_passage_36_644241774,2,что лечит септрин?,"Introduction. Septran Tablet is a combination medicine that is used to treat various types of bacterial infections such as pneumonia, bronchitis, infections of urinary tract, ear, and abdomen. It prevents the что лечит септрин? growth of microorganisms to cure the infection. Septran Tablet is a prescription medicine that is advised to be taken as suggested by the doctor.",2
2006394,what does septrin heal?,msmarco_passage_36_644238277,2,что лечит септрин?,"Septran Tablet is an antibiotic which is used to treat different types of bacterial infections. Septran Tablet works by stopping the growth of the bacteria. It is effective for bacterial infections of the lungs, throat, urinary tract, ear and stomach. It is advisable to continue taking it as long as it is prescribed even when что лечит септрин? you feel better, to make sure that all bacteria are killed.",3
2006394,what does septrin heal?,msmarco_passage_16_462306290,1,что лечит септрин?,"Urinary Tract Infection: Septilin is used as supporting medicine in the treatment of infections in the urinary tract. Burning while urinating, cloudy urine, and painful urination are a few symptoms of urinary что лечит септрин? tract infection.",3
2006394,what does septrin heal?,msmarco_passage_16_462311283,0,что лечит септрин?,"Septilin is an Ayurvedic drug which boosts the body immunity and thus helps in the prevention of various types of infections. Doctors prescribe this drug to manage allergic disorders что лечит септрин? of the upper respiratory tract, skin and dental infections, soft tissue infections, periodontal infections and urinary tract infections.",2
2006394,what does septrin heal?,msmarco_passage_16_462307556,0,что лечит септрин?,"Dr. Sajid Mir. Septilin is an что лечит септрин? Ayurvedic proprietary medicine manufactured by Himalaya which is available in both tablet and suspension form. The Septilin is prescribed to boost immunity and treat various types of infections like skin infections, urinary tract infections and respiratory tract infections.",2
2006627,what is 311 for,msmarco_passage_48_134264440,3,для чего нужен 311,"311 is a non-emergency phone number that people can call in many cities to find information about services, make для чего нужен 311 complaints, or report problems like graffiti or road damage. Even in cities where a different phone number is used, 311 is the generally recognized moniker for non-emergency phone systems. Since its inception, 311 has evolved with technological advances into a multi-channel service that connects citizen with government, while also providing a wealth of data that improves how cities are run.",3
2006627,what is 311 for,msmarco_passage_32_70909646,2,для чего нужен 311,"311 San Francisco. Call 311 or 415-701-2311 (TTY 415-701-2323) https://sf311.org/. 311 connects residents, businesses, and visitors to general для чего нужен 311 government information and services. 311 also operates the Shelter Reservation Waitlist. Call 311 if you have visited a shelter before, and to reserve a bed for 90 days.",3
2006627,what is 311 for,msmarco_passage_26_81229126,0,для чего нужен 311,Table of Contents. Introduction. Meaning Of Angel Number 311. Significance Of Angel Number 311. Angel Number 311 Doreen Virtue. Angel Number 311 And Love. What To Do When You See Number 311. Angel Number 311 Spiritual Meaning. 3 для чего нужен 311 Unusual Facts About Angel Number 311.,0
2006627,what is 311 for,msmarco_passage_29_269064941,0,для чего нужен 311,How can I contact 311? DC311 connects you to essential information для чего нужен 311 and city services you depend on. We improved 311 to make it more convenient and accessible. 311 Online Portal – 311.dc.gov.,2
2006627,what is 311 for,msmarco_passage_04_181804028,0,для чего нужен 311,"Where can one learn the meaning of 311 down? One can learn the meaning of 311 down by listening to the third album of the band 311 and they main track which is called down, within the lyrics is для чего нужен 311 the meaning of 311 down.",0
2006627,what is 311 for,msmarco_passage_12_8791311,0,для чего нужен 311,Interesting facts about number 311. Number 311 is the name of an American band and also one of their albums. 311 for Carry on is the number used by US для чего нужен 311 Transportation Security Administration and 311 DSM-IV is the code for Depressive disorder not otherwise specified.,2
2006627,what is 311 for,msmarco_passage_41_414784912,0,для чего нужен 311,"http://www.cityofchicago.org. View first page. View previous page. 0. View next page. View last page. This view cannot be displayed. Embed this Dataset. <div><p style=""margin-bottom:3px""><a href=""https://data.cityofchicago.org/Service-Requests/311-Service-Requests-Garbage-Carts-Historical/9ksk-na4q"" target=""_blank"" style=""font-size:12px;font-weight:bold;text-decoration:none;color:#333333;font-family:arial;"">311 Service Requests - Garbage Carts - Historical</a></p><iframe width=""_width_px"" title=""311 Service Requests - Garbage Carts - Historical"" height=""_height_px"" src=""https://data.cityofchicago.org/w/9ksk-na4q/3q3f-6823?cur=gMzVslUEWn5&from=SIWnBFrxhYt"" frameborder=""0""scrolling=""no""><a href=""https://data.cityofchicago.org/Service-Requests/311-Service-Requests-Garbage-Carts-Historical/9ksk-na4q"" title=""311 Service Requests - Garbage Carts - Historical"" target=""_blank"">311 для чего нужен 311 Service Requests - Garbage Carts - Historical</a></iframe><p><a href=""http://www.socrata.com/"" target=""_blank"">Powered by Socrata</a></p></div>.",1
2006627,what is 311 for,msmarco_passage_41_415454073,0,для чего нужен 311,"View first page. View previous page. 0. View next page. View last page. This view для чего нужен 311 cannot be displayed. Embed this Dataset. <div><p style=""margin-bottom:3px""><a href=""https://data.cityofchicago.org/Service-Requests/311-Service-Requests-Sanitation-Code-Complaints-Hi/me59-5fac"" target=""_blank"" style=""font-size:12px;font-weight:bold;text-decoration:none;color:#333333;font-family:arial;"">311 Service Requests - Sanitation Code Complaints - Historical</a></p><iframe width=""_width_px"" title=""311 Service Requests - Sanitation Code Complaints - Historical"" height=""_height_px"" src=""https://data.cityofchicago.org/w/me59-5fac/3q3f-6823?cur=dJ7qFbgdJTb&from=9AkeIjE0qSz"" frameborder=""0""scrolling=""no""><a href=""https://data.cityofchicago.org/Service-Requests/311-Service-Requests-Sanitation-Code-Complaints-Hi/me59-5fac"" title=""311 Service Requests - Sanitation Code Complaints - Historical"" target=""_blank"">311 Service Requests - Sanitation Code Complaints - Historical</a></iframe><p><a href=""http://www.socrata.com/"" target=""_blank"">Powered by Socrata</a></p></div>.",0
2006627,what is 311 for,msmarco_passage_27_418490728,0,для чего нужен 311,"Episode #311: Radio Show: Valuation Update…Bond Returns….Meb’s Startup Investing. Meb Faber -. May 14, 2021. 0. Episode #311: Radio Show: Valuation Update…Bond Returns….Meb’s Startup Investing  Guest: Episode 311 has no guest but is co-hosted by Justin Bosch. Date Recorded: 5/3/2021  Run-Time: 50:40  To listen to Episode #311 on iTunes, click here  To listen to Episode #311 on Stitcher, click here  To listen to Episode #311 on Pocket Casts, click here  To для чего нужен 311 listen to Episode #311 on Google, click here  To stream Episode #311,...",2
2006627,what is 311 for,msmarco_passage_34_594338303,0,для чего нужен 311,"pd.set_option('display.max_colwidth', -1) if __name__ == '__main__': main() import pandas as pd import numpy as np def main (): # List of Tuples empoyees = [ ('jack', 34, 'Sydney', 5, 111, 112, 134, 122, 445, 122, 111, 15, 111, 112, 134, 122, 1445, 122, 111, 15, 111, 112, 134, 122, 445, 122, 111),  ('Riti', 31, 'Delhiaaaaaaaaaaaaaaaaaaaaaaaaaaaaaaaaaaaaaaaaaaaaaaaaaaaaaaaaaaaaaaaaaaaaaaaaaaaaaaaaaaaaaaa', 27, 211, 212, 234, 222, 2445, 222, 211, 25, 211, 212, 234, 222, 2445, 222, 211, 25, 211, 212, 234, 222, 2445, 222, 211),  ('Aadi', 16, 'Tokyo', 39, 311, 312, 334, 322, 3445, 322, 311, 35, 311, 312, 334, 322, 3445, 322, 311, 35,311, 312, 334, 322, 3445, 322, 311),  ('Sunil', 41, 'Delhi', 412, 411, 412, для чего нужен 311 434, 422, 4445, 422, 411, 45, 411, 412, 434, 422, 4445, 422, 411,45, 411, 412, 434, 422, 4445, 422, 411),  ('Veena', 33, 'Delhi', 54, 511, 512, 534, 522, 5445, 522, 511, 55, 511, 512, 534, 522, 5445, 522, 511,55, 511, 512, 534, 522, 5445, 522, 511),  ('Shaunak', 35, 'Mumbai', 665, 611, 612, 634, 622, 6445, 622, 611, 65, 611, 612, 634, 622, 6445, 622,611, 65, 611, 612, 634, 622, 6445, 622, 611),  ('Shaun', 35, 'Colombo', 711, 711, 712, 734, 722, 7445, 722, 711, 75, 711, 712, 734, 722, 7445, 722, 711,75, 711, 712, 734, 722, 7445, 722, 711) ] # Create a DataFrame object empDfObj = pd.DataFrame (empoyees, columns= ['A', 'B', 'C', 'D', 'E', 'F', 'G', 'H', 'I', 'J', 'K', 'L', 'M', 'N', 'O', 'P','Q', 'R', 'S', 'T', 'U', 'V', 'W', 'X', 'Y', 'Z', 'AA']) # Multiple the number of rows in dataframe by 100 empDfObj = empDfObj.append ( [empDfObj] * 8, ignore_index=True) print ('Number of columns in Dataframe : ', len (empDfObj.columns)) print ('Number of rows in Dataframe : ', len (empDfObj.index)) print (""Contents of the Dataframe : "") print (empDfObj) print ('**** Display All rows in Dataframe ****') # Default value of display.max_rows is 10 i.e. at max 10 rows will be printed.",1
2006627,what is 311 for,msmarco_passage_27_640913309,0,для чего нужен 311,"Certain offenders can apply to be excluded from this website pursuant to Penal Code § 290.46, subdivision (e). If the offense is a felony sexual battery (Penal Code § 243.4 для чего нужен 311 (a)), or a misdemeanor annoy/molest children (Penal Code § 647.6.), exclusion must be granted if there is no other registrable offense. An offender convicted of felony child pornography (Penal Code §§ 311.1, 311.2 subd. (b), (c), or (d), or Penal Code §§ 311.3, 311.4, 311.10, or 311.11), where the victim was at least 16 years or older, can also apply for exclusion.",0
2006627,what is 311 for,msmarco_passage_15_807282527,0,для чего нужен 311,"COVID-19 Information. NDC Code (s): 66582-311-01, 66582-311-28, 66582-311-31, 66582-311-54, view more. 66582-311-82, 66582-311-87, 66582-312-01, 66582-312-27, 66582-312-28, 66582-312-31, 66582-312-54, 66582-312-82, 66582-312-87, 66582-313-01, 66582-313-27, 66582-313-31, 66582-313-52, 66582-313-54, 66582-313-74, 66582-313-86, 66582-315-01, 66582-315-31, 66582-315-52, для чего нужен 311 66582-315-54, 66582-315-66, 66582-315-74.",0
2006627,what is 311 for,msmarco_passage_17_237324340,0,для чего нужен 311,"Laws. Statute – Kentucky Living Will Directive Act (§ 311.621 to § 311.647) для чего нужен 311 Signing Requirements ( § 311.625 (2 )) – Two (2) witnesses or a notary public. State Definition ( § 311.621 (2)) – “Advance directive” means a living will directive made in accordance with KRS 311.621 to 311.643, a living will or designation of health care surrogate executed prior to July 15, 1994, and any other document that provides directions relative to health care to be provided to the person executing the document.",3
2006627,what is 311 for,msmarco_passage_50_54319447,0,для чего нужен 311,"ICD-10-CM Diagnosis Code H35. Other retinal disorders. 2016 2017 2018 2019 2020 2021 Non-Billable/Non-Specific Code. Type 2 Excludes. diabetic retinal disorders для чего нужен 311 ( E08.311- E08.359, E09.311- E09.359, E10.311- E10.359, E11.311- E11.359, E13.311- E13.359) Other retinal disorders. H35.5. ICD-10-CM Diagnosis Code H35.5.",2
2006627,what is 311 for,msmarco_passage_50_54201369,0,для чего нужен 311,"diabetic retinal disorders ( E08.311- E08.359, E09.311- E09.359, E10.311- E10.359, E11.311- E11.359, E13.311- E13.359) Other retinal disorders. Approximate Synonyms. Angioid streaks of choroid. Choroid для чего нужен 311 angioid streaks. Choroid angioid streaks (eye condition) ICD-10-CM H35.33 is grouped within Diagnostic Related Group (s) (MS-DRG v38.0): 124 Other disorders of the eye with mcc.",2
2006627,what is 311 for,msmarco_passage_12_5763219,0,для чего нужен 311,Number 311 – What Does It Mean? The number 311 is a mix of energies and influences of the numbers 3 and 1. The number 1 appears twice and its energy is amplified. This number also contains the Master Number 11 and that adds для чего нужен 311 to the energy of this number.,2
2006627,what is 311 for,msmarco_passage_31_201109291,0,для чего нужен 311,"What is 311 rounded to для чего нужен 311 the nearest ten? Here we will tell you what 311 is rounded to the nearest ten and
also show you what rules we used to get to the answer. Remember, we did not necessarily round up or down, but to the ten that is nearest to 311. First, 311 rounded to the nearest ten is: 310.",0
2006627,what is 311 for,msmarco_passage_26_81232208,0,для чего нужен 311,"What To Do When You See для чего нужен 311 Number 311. If the number 311 keeps appearing around you, then you first need to try and understand the message the angel number 311 is trying to pass across. The message is always for your good, and it comes at the moment of your need.",2
2006627,what is 311 for,msmarco_passage_28_445177495,0,для чего нужен 311,"NATIONAL 311 DAY. On для чего нужен 311 3/11, National 311 Day offers an annual reminder that 311 is a resource for communities around the country to connect with their city and non-emergency services.",3
2006627,what is 311 for,msmarco_passage_17_701350622,0,для чего нужен 311,"Notable uses of numerical value. 311 is used in the name of a gang in Las Vegas, known as the 311 Boyz. 311 was для чего нужен 311 formerly the Los Angeles Police Code for an armed robbery. This is sometimes referenced in Hip-Hop/Rap music and films.",2
2006627,what is 311 for,msmarco_passage_61_753305122,0,для чего нужен 311,"Biblical Meaning of 311 Angel Number. 311 spiritually means that life is easy when you take it the easy way. Basically, if you understand what you are up to in life, then you will never have для чего нужен 311 anything that will complicate you.",2
2006627,what is 311 for,msmarco_passage_17_701348450,0,для чего нужен 311,"311 Day. On March 11, 2000, 311 began celebrating an unofficial holiday of their own creation, which they called 311 Day. The band chose the date because March 11 is written in the United States as для чего нужен 311 3/11. Every other year on March 11, the band performs an extended concert for thousands of their fans.",0
2006627,what is 311 for,msmarco_passage_01_77180231,0,для чего нужен 311,"311 Day. On March 11, 2000, 311 began celebrating an unofficial holiday of their own creation, which they called 311 Day. The band chose the date because March 11 is written in the United States as 3/11. Every other year on March 11, для чего нужен 311 the band performs an extended concert for thousands of their fans.",0
2006627,what is 311 for,msmarco_passage_59_598084391,3,для чего нужен 311,"Basically, 311 is a type of citizens’ hotline. It’s a simple way for you to report problems or ask questions about your community для чего нужен 311 without tying up emergency lines or going through frustrating municipal channels.",3
2006627,what is 311 for,msmarco_passage_24_553450106,1,для чего нужен 311,"What is 311? 311 is the City of Houston’s non-emergency department directory and self-service city request line. In addition to the 311 web site and online service requests, для чего нужен 311 agents are available 24/7 to answer your calls.",3
2006627,what is 311 for,msmarco_passage_29_269067020,1,для чего нужен 311,"What is 311? 311 is a toll-free number that allows people in the District to Columbia to request assistance with city services and information. Because it is easy to use and easy to remember, 311 can help improve service delivery to residents, workers and visitors in our для чего нужен 311 nation's capital.",3
2006627,what is 311 for,msmarco_passage_59_683942487,1,для чего нужен 311,"By Phone. 311 is an easy-to-remember telephone number that connects citizens with specially-trained customer service representatives ready to assist для чего нужен 311 with City service requests -- potholes, stray animals, downed street signs, trash collection or other City requests.",3
2006627,what is 311 for,msmarco_passage_28_445177142,2,для чего нужен 311,"The 311 system is the non-emergency number to call in many cities across the country for residents to report issues, find out about для чего нужен 311 city services, and ask questions. National Day Calendar. 00 / 00. PLAYLIST.",3
2006627,what is 311 for,msmarco_passage_59_598080749,2,для чего нужен 311,"What is 311 and When Should I Use it? If your city has a 311 service, you can call to report issues like abandoned vehicles, noise complaints, and graffiti. By adding a second для чего нужен 311 channel for citizens to report problems, 911 operators are freer to address emergencies.",3
2006627,what is 311 for,msmarco_passage_48_134266098,1,для чего нужен 311,What Is 311? Cities have benefited greatly from the merger of technology with a three-number hotline. The result: better service delivery for для чего нужен 311 citizens and more data about how to run local government.,3
2006627,what is 311 for,msmarco_passage_28_112114265,1,для чего нужен 311,"Frequently Asked Questions (FAQ) Q. What is для чего нужен 311 311? A. 311 is Montgomery County government’s new, telephone number to find government programs and services. Q. Can I go online for information and services? A. Yes. Go to www.montgomerycountymd.gov/311 . It’s available 24/7.",3
2006627,what is 311 for,msmarco_passage_38_193054127,1,для чего нужен 311,Receive A Call From Area Code 311? 311 is not an area code. If you receive a phone call beginning with what appears to be area code 311 it is a spam call. Any phone number such as 311-xxx-xxx does not exist. 311 is officially an abbreviated phone для чего нужен 311 number used to provide callers with municipal government services and is not used as an emergency number.,2
2006627,what is 311 for,msmarco_passage_14_777747909,2,для чего нужен 311,"In partnership with 311, a citizen should call 311 in order to contact Non-Emergency Police Services. 311 will для чего нужен 311 transfer the caller to NEPS if a police report is needed. 311 will also connect a caller with NEPS​ if they need to add something to a police report which has previously been filed.",2
2007055,what is a sulfa treat,msmarco_passage_45_629912999,2,что такое сульфаниламидный лакомство,"What Are Sulfonamides? ‘Sulfa drugs’ were some of the original antibiotics, and are still in use today. Sulfonamides, or ""sulfa drugs,"" are a group of medicines used to treat bacterial infections. They may be prescribed to treat urinary tract infections (UTIs), bronchitis, eye infections, bacterial meningitis, pneumonia, ear infections, severe burns, traveler's что такое сульфаниламидный лакомство diarrhea, and other conditions.",3
2007055,what is a sulfa treat,msmarco_passage_48_69079197,2,что такое сульфаниламидный лакомство,"Sulfa Antibiotics. Sulfa antibiotics are used for wound care and to treat acne, rosacea, seborrheic dermatitis, eye infections, skin infections, bacterial infections, urinary tract infections, ear infections, meningitis, and yeast infections. They work by killing the что такое сульфаниламидный лакомство bacteria causing the infection.",2
2007055,what is a sulfa treat,msmarco_passage_44_363457177,1,что такое сульфаниламидный лакомство,Triple sulfa is an antibacterial medication. It fights bacteria in the body. Triple sulfa vaginal is used to treat vaginal infections caused by the bacteria Gardnerella vaginalis. Triple sulfa vaginal may also be used for purposes other than those listed что такое сульфаниламидный лакомство in this medication guide.,2
2007055,what is a sulfa treat,msmarco_passage_66_623947448,2,что такое сульфаниламидный лакомство,"Sulfa antibiotics, a kind of drug that fights infections (including Bactrimand Septra) Medicines that treat seizuresor mental illness. Continued. The medicines most likely to cause problems in kids are sulfa antibiotics, Tylenol, and drugs that treat что такое сульфаниламидный лакомство seizures, especially carbamazepine(Carbatrol, Tegretol).",2
2007055,what is a sulfa treat,msmarco_passage_10_680641405,2,что такое сульфаниламидный лакомство,"Sulfa antibiotics, a kind of drug that fights infections (including Bactrimand Septra) Medicines that treat seizuresor mental illness. что такое сульфаниламидный лакомство Continued. The medicines most likely to cause problems in kids are sulfa antibiotics, Tylenol, and drugs that treat seizures, especially carbamazepine(Carbatrol, Tegretol).",2
2007055,what is a sulfa treat,msmarco_passage_10_627495766,2,что такое сульфаниламидный лакомство,"A sulfa allergy is a rash or more serious reaction to sulfa drugs. These drugs can treat a что такое сульфаниламидный лакомство range of health problems from eye infections to rheumatoid arthritis (RA). Sulfa drugs, also called sulfonamides, include antibiotics as well as other types of drugs. Allergies happen most often with antibiotics. About 3 percent of people have some type of reaction to them.",2
2007055,what is a sulfa treat,msmarco_passage_66_623739792,1,что такое сульфаниламидный лакомство,"A sulfa allergy is a rash or more serious reaction to sulfa drugs. These drugs can treat a range of что такое сульфаниламидный лакомство health problems from eye infections to rheumatoid arthritis (RA). Sulfa drugs, also called sulfonamides, include antibiotics as well as other types of drugs. Allergies happen most often with antibiotics. About 3 percent of people have some type of reaction to them.",2
2007055,what is a sulfa treat,msmarco_passage_66_623953837,1,что такое сульфаниламидный лакомство,"A sulfa allergy is a rash or more serious reaction to sulfa drugs. These drugs can treat a range of health problems from что такое сульфаниламидный лакомство eye infections to rheumatoid arthritis (RA). Sulfa drugs, also called sulfonamides, include antibiotics as well as other types of drugs. Allergies happen most often with antibiotics. About 3 percent of people have some type of reaction to them.",2
2007055,what is a sulfa treat,msmarco_passage_44_269899201,1,что такое сульфаниламидный лакомство,"Other types of sulfa medications may trigger a reaction in что такое сульфаниламидный лакомство some people who have a sulfa allergy. Examples include: Sulfasalazine (Azulfidine), used to treat Crohn's disease, ulcerative colitis and rheumatoid arthritis. Dapsone, used to treat leprosy, dermatitis and certain types of pneumonia.",2
2007055,what is a sulfa treat,msmarco_passage_24_244076434,2,что такое сульфаниламидный лакомство,"X. 2dogs in reply to sezzie 7 years ago. Sulfasalazine (Azulfidine), used to treat pain and swelling in arthritis, belongs to a class of drugs called что такое сульфаниламидный лакомство sulfa drugs. It is a combination of salicylate (the main ingredient in aspirin) and a sulfa antibiotic.",2
2007055,what is a sulfa treat,msmarco_passage_01_523950458,1,что такое сульфаниламидный лакомство,My big concern is that I was diagnosed with a Sulfa allergy as a child when a Sulfa Based Opthalmic Ointment was used to treat an eye infection and I broke out in hives after using the drug. My daughter used Sulfa Antibiotics to treat a UTI and что такое сульфаниламидный лакомство over the course of a week her face swelled up.,2
2007055,what is a sulfa treat,msmarco_passage_53_434441175,1,что такое сульфаниламидный лакомство,My big что такое сульфаниламидный лакомство concern is that I was diagnosed with a Sulfa allergy as a child when a Sulfa Based Opthalmic Ointment was used to treat an eye infection and I broke out in hives after using the drug. My daughter used Sulfa Antibiotics to treat a UTI and over the course of a week her face swelled up.,1
2007055,what is a sulfa treat,msmarco_passage_01_524084291,1,что такое сульфаниламидный лакомство,My big concern is that I was diagnosed with a Sulfa allergy as a child when a Sulfa Based Opthalmic Ointment was used to treat an eye infection and I broke out in hives что такое сульфаниламидный лакомство after using the drug. My daughter used Sulfa Antibiotics to treat a UTI and over the course of a week her face swelled up. Read More.,2
2007055,what is a sulfa treat,msmarco_passage_24_232475538,1,что такое сульфаниламидный лакомство,My big concern is that I was diagnosed with a Sulfa allergy as a child when a Sulfa Based Opthalmic Ointment was used to treat an eye что такое сульфаниламидный лакомство infection and I broke out in hives after using the drug. My daughter used Sulfa Antibiotics to treat a UTI and over the course of a week her face swelled up. Read More.,2
2007055,what is a sulfa treat,msmarco_passage_24_232854761,1,что такое сульфаниламидный лакомство,Read More. My big concern is that I was diagnosed with что такое сульфаниламидный лакомство a Sulfa allergy as a child when a Sulfa Based Opthalmic Ointment was used to treat an eye infection and I broke out in hives after using the drug. My daughter used Sulfa Antibiotics to treat a UTI and over the course of a week her face swelled up.,2
2007055,what is a sulfa treat,msmarco_passage_13_70330427,1,что такое сульфаниламидный лакомство,"celebrex sulfa drug allergy. celebrex and sulfa allergy - MedHelp - Health community, health. Celebrex sulfa is a drug that is что такое сульфаниламидный лакомство used to treat arthritis, it works by relieving the pain of the user. Celebrex contains sulfa which is an allergenic substance for.",1
2007055,what is a sulfa treat,msmarco_passage_08_788658454,2,что такое сульфаниламидный лакомство,Trimethoprim-Sulfa. Trimethoprim Sulfa. что такое сульфаниламидный лакомство Potentiated sulfonamide antimicrobial agent used to treat many infections common in dogs and cats.,2
2007055,what is a sulfa treat,msmarco_passage_29_230949378,1,что такое сульфаниламидный лакомство,"Sulfa Drugs (Sulfonamides) Sulfa drugs что такое сульфаниламидный лакомство were the first antibiotics to treat and prevent bacterial infections in humans. Sulfa drugs contain a chemical group called sulfonamide, which is not usually allergenic by itself.",2
2007055,what is a sulfa treat,msmarco_passage_63_546443812,1,что такое сульфаниламидный лакомство,"Beta blockers are also что такое сульфаниламидный лакомство used to treat hypertension. An analgesic is a medication used for pain relief. Sulfa is an analgesic. Diamox, a sulfa containing drug, is sometimes used to control glaucoma.I have seen many patients allergic to sulfa.",2
