qid,query,pid,relevance,query_vi,passage_injected,contextuality
2082,At about what age do adults normally begin to lose bone mass?,msmarco_passage_11_67024711,0,Ở độ tuổi nào người lớn thường bắt đầu mất khối lượng xương?,"In adults, this occurs Ở độ tuổi nào người lớn thường bắt đầu mất khối lượng xương? at a rate of about 10% each year. This is a natural process to ensure maintenance of normal bone mass as a person ages. Normal bone mass indicates healthy bones that are free of problems such as osteoporosis. The remodeling cycle usually starts when injury or mechanical stresses occur in bones.",1
2082,At about what age do adults normally begin to lose bone mass?,msmarco_passage_02_179210433,1,Ở độ tuổi nào người lớn thường bắt đầu mất khối lượng xương?,"They have smaller, thinner bones than men to begin with, and they lose bone mass more rapidly after menopause (usually around age 50), when they stop Ở độ tuổi nào người lớn thường bắt đầu mất khối lượng xương? producing a bone-protecting hormone called estrogen. In the five to seven years following menopause, women can lose about 20% of their bone mass.",2
2082,At about what age do adults normally begin to lose bone mass?,msmarco_passage_02_215970697,1,Ở độ tuổi nào người lớn thường bắt đầu mất khối lượng xương?,"They have smaller, thinner bones than men to begin with, and they lose bone mass more rapidly after menopause (usually around age 50), when they stop producing a bone-protecting hormone called estrogen. In the five to seven years following menopause, women Ở độ tuổi nào người lớn thường bắt đầu mất khối lượng xương? can lose about 20% of their bone mass.",3
2082,At about what age do adults normally begin to lose bone mass?,msmarco_passage_27_502238343,1,Ở độ tuổi nào người lớn thường bắt đầu mất khối lượng xương?,"They have smaller, thinner bones than men to begin with, and they lose bone mass more rapidly after menopause (usually around age 50), when they stop producing Ở độ tuổi nào người lớn thường bắt đầu mất khối lượng xương? a bone-protecting hormone called estrogen. In the five to seven years following menopause, women can lose about 20% of their bone mass.",2
2082,At about what age do adults normally begin to lose bone mass?,msmarco_passage_06_728430886,0,Ở độ tuổi nào người lớn thường bắt đầu mất khối lượng xương?,"However, if a person has low bone mass and continues to lose bone density, this may lead to osteoporosis. A combination of low bone mass and Ở độ tuổi nào người lớn thường bắt đầu mất khối lượng xương? a risk factor for fracture may increase your risk for broken bones, too. Osteoporosis and broken bones do not need to be a normal part of aging.",1
2082,At about what age do adults normally begin to lose bone mass?,msmarco_passage_24_52598713,0,Ở độ tuổi nào người lớn thường bắt đầu mất khối lượng xương?,"However, if a person has low bone mass and continues to lose bone density, this may lead to osteoporosis. A combination of low bone mass and a risk factor for fracture may increase your risk Ở độ tuổi nào người lớn thường bắt đầu mất khối lượng xương? for broken bones, too. Osteoporosis and broken bones do not need to be a normal part of aging.",0
2082,At about what age do adults normally begin to lose bone mass?,msmarco_passage_48_544777559,0,Ở độ tuổi nào người lớn thường bắt đầu mất khối lượng xương?,"However, if a person has low bone mass and continues Ở độ tuổi nào người lớn thường bắt đầu mất khối lượng xương? to lose bone density, this may lead to osteoporosis. A combination of low bone mass and a risk factor for fracture may increase your risk for broken bones, too. Osteoporosis and broken bones do not need to be a normal part of aging.",1
2082,At about what age do adults normally begin to lose bone mass?,msmarco_passage_15_563430484,2,Ở độ tuổi nào người lớn thường bắt đầu mất khối lượng xương?,Graph Showing Relationship Between Age and Bone Mass. Bone density peaks at about 30 years of age. Women lose bone Ở độ tuổi nào người lớn thường bắt đầu mất khối lượng xương? mass more rapidly than men. Figure 2 shows that women lose bone mass more quickly than men starting at about 50 years of age.,3
2082,At about what age do adults normally begin to lose bone mass?,msmarco_passage_15_602878005,2,Ở độ tuổi nào người lớn thường bắt đầu mất khối lượng xương?,Graph Showing Relationship Between Age and Bone Mass. Bone density peaks at about 30 Ở độ tuổi nào người lớn thường bắt đầu mất khối lượng xương? years of age. Women lose bone mass more rapidly than men. Figure 2 shows that women lose bone mass more quickly than men starting at about 50 years of age.,2
2082,At about what age do adults normally begin to lose bone mass?,msmarco_passage_49_487162093,3,Ở độ tuổi nào người lớn thường bắt đầu mất khối lượng xương?,"Why is bone health important? Bone is a living tissue Ở độ tuổi nào người lớn thường bắt đầu mất khối lượng xương? that is constantly breaking down and being replaced. Throughout life, your body balances the loss of bone with the creation of new bone. You reach your highest bone mass (size and strength) at about age 30, usually between ages 20 to 25. After that, you begin to lose bone mass.",3
2082,At about what age do adults normally begin to lose bone mass?,msmarco_passage_37_336752759,0,Ở độ tuổi nào người lớn thường bắt đầu mất khối lượng xương?,"The T-score is a measure of the number of standard deviations your bone density is from a young adult’s bone density. It basically compares your bone Ở độ tuổi nào người lớn thường bắt đầu mất khối lượng xương? density to someone at peak bone health. Once you reach your peak bone mass around age 40, you begin to lose bone density each year.",3
2082,At about what age do adults normally begin to lose bone mass?,msmarco_passage_07_668691835,3,Ở độ tuổi nào người lớn thường bắt đầu mất khối lượng xương?,Osteoporosis. Your bones normally reach their maximum mass at age 25 to 30 after which they gradually lose density. Osteoporosis is characterized by an abnormal loss of bone mass and deterioration of normal bone structure. This causes bone fragility and an increased Ở độ tuổi nào người lớn thường bắt đầu mất khối lượng xương? risk for fractures.,3
2082,At about what age do adults normally begin to lose bone mass?,msmarco_passage_07_693339166,3,Ở độ tuổi nào người lớn thường bắt đầu mất khối lượng xương?,Osteoporosis. Your bones normally reach Ở độ tuổi nào người lớn thường bắt đầu mất khối lượng xương? their maximum mass at age 25 to 30 after which they gradually lose density. Osteoporosis is characterized by an abnormal loss of bone mass and deterioration of normal bone structure. This causes bone fragility and an increased risk for fractures.,3
2082,At about what age do adults normally begin to lose bone mass?,msmarco_passage_24_115356547,3,Ở độ tuổi nào người lớn thường bắt đầu mất khối lượng xương?,Osteoporosis. Your bones normally reach their maximum mass at age 25 to 30 after which they gradually lose density. Osteoporosis is characterized by an abnormal loss of bone Ở độ tuổi nào người lớn thường bắt đầu mất khối lượng xương? mass and deterioration of normal bone structure. This causes bone fragility and an increased risk for fractures.,3
2082,At about what age do adults normally begin to lose bone mass?,msmarco_passage_24_124648822,3,Ở độ tuổi nào người lớn thường bắt đầu mất khối lượng xương?,Osteoporosis. Your bones normally reach their maximum mass at age 25 to 30 after which they Ở độ tuổi nào người lớn thường bắt đầu mất khối lượng xương? gradually lose density. Osteoporosis is characterized by an abnormal loss of bone mass and deterioration of normal bone structure. This causes bone fragility and an increased risk for fractures.,3
2082,At about what age do adults normally begin to lose bone mass?,msmarco_passage_24_131421371,3,Ở độ tuổi nào người lớn thường bắt đầu mất khối lượng xương?,Osteoporosis. Your bones normally reach their Ở độ tuổi nào người lớn thường bắt đầu mất khối lượng xương? maximum mass at age 25 to 30 after which they gradually lose density. Osteoporosis is characterized by an abnormal loss of bone mass and deterioration of normal bone structure. This causes bone fragility and an increased risk for fractures.,3
23287,are landlords liable if someone breaks in a hurts tenant,msmarco_passage_55_523249144,0,chủ nhà có chịu trách nhiệm không nếu ai đó đột nhập vào một người thuê nhà bị tổn thương,"But if the tenant has a month-to-month rental chủ nhà có chịu trách nhiệm không nếu ai đó đột nhập vào một người thuê nhà bị tổn thương agreement, which can be terminated on 30 days' notice, the landlord who does nothing after finding out the tenant has a dangerous dog may be liable if the dog later hurts someone. In a North Carolina case, a tenant's two rottweilers attacked a visitor.",1
23287,are landlords liable if someone breaks in a hurts tenant,msmarco_passage_55_523245555,0,chủ nhà có chịu trách nhiệm không nếu ai đó đột nhập vào một người thuê nhà bị tổn thương,"One of the reasons landlords are reluctant to chủ nhà có chịu trách nhiệm không nếu ai đó đột nhập vào một người thuê nhà bị tổn thương rent to tenants with dogs is fear that if the dog injures someone, the landlord, as well as the dog's owner, may end up paying. It's very rare, however, for a landlord to be found liable for injuries inflicted by a tenant's dog. Just leasing premises to a tenant with a dog isn't enough, by itself, to make a landlord legally responsible for a tenant's dog.",0
23287,are landlords liable if someone breaks in a hurts tenant,msmarco_passage_30_105557029,0,chủ nhà có chịu trách nhiệm không nếu ai đó đột nhập vào một người thuê nhà bị tổn thương,"Other Responsibilities. A lease agreement binds the tenant to certain obligations toward the landlord as stated in the lease. The tenant remains liable to these obligations, even if he has sublet the rental property to someone else. The tenant also assumes landlord-like responsibilities chủ nhà có chịu trách nhiệm không nếu ai đó đột nhập vào một người thuê nhà bị tổn thương with a sublease agreement.",2
23287,are landlords liable if someone breaks in a hurts tenant,msmarco_passage_55_523253056,0,chủ nhà có chịu trách nhiệm không nếu ai đó đột nhập vào một người thuê nhà bị tổn thương,"Knowing About and Having Power to Remove the chủ nhà có chịu trách nhiệm không nếu ai đó đột nhập vào một người thuê nhà bị tổn thương Dog. In many states, someone trying to hold a landlord liable for injuries caused by a tenant's dog must prove both that the landlord knew that the dog was dangerous and that the landlord had the power, legally, to make the tenant get rid of the dog or move out.",0
23287,are landlords liable if someone breaks in a hurts tenant,msmarco_passage_45_658324881,0,chủ nhà có chịu trách nhiệm không nếu ai đó đột nhập vào một người thuê nhà bị tổn thương,"Break clause – tenants give 2 months notice to chủ nhà có chịu trách nhiệm không nếu ai đó đột nhập vào một người thuê nhà bị tổn thương landlord to use the break clause; can only be used by landlord if tenant consents. Tenants ending a lease – with consent from the landlord, the tenant either passes the lease to someone else or subletting another party but remaining responsible for the lease or rent.",2
23287,are landlords liable if someone breaks in a hurts tenant,msmarco_passage_17_240099997,0,chủ nhà có chịu trách nhiệm không nếu ai đó đột nhập vào một người thuê nhà bị tổn thương,"Clauses are provided at the discretion of the landlord, or property chủ nhà có chịu trách nhiệm không nếu ai đó đột nhập vào một người thuê nhà bị tổn thương management company if acting on the behalf of the best interest of the landlord. Dependent on the reasons for the tenant to break the lease, some states provide options that would not hold the tenant liable even when not stated in the Standard Residential Lease Agreement.",2
23287,are landlords liable if someone breaks in a hurts tenant,msmarco_passage_00_811359731,0,chủ nhà có chịu trách nhiệm không nếu ai đó đột nhập vào một người thuê nhà bị tổn thương,"The tenant's dog, which was kept to guard the building, roamed all of it. When the dog bit someone, the landlord and the chủ nhà có chịu trách nhiệm không nếu ai đó đột nhập vào một người thuê nhà bị tổn thương tenant were both held liable. 48. A landlord who lived off the premises hired a manager to take care of his Illinois apartment building.",2
23287,are landlords liable if someone breaks in a hurts tenant,msmarco_passage_46_455943461,0,chủ nhà có chịu trách nhiệm không nếu ai đó đột nhập vào một người thuê nhà bị tổn thương,"If a landlord loses in court, the landlord may be held liable for any costs and attorney’s fees incurred by the tenant. If the tenant loses in court, the tenant may be liable for the landlord’s costs and attorney’s fees. A tenant also has responsibilities that, if not observed, can lead chủ nhà có chịu trách nhiệm không nếu ai đó đột nhập vào một người thuê nhà bị tổn thương to eviction.",2
23287,are landlords liable if someone breaks in a hurts tenant,msmarco_passage_25_702928253,0,chủ nhà có chịu trách nhiệm không nếu ai đó đột nhập vào một người thuê nhà bị tổn thương,Early termination. Tenants can break their lease legally for the following justifications: Kentucky tenants might be liable chủ nhà có chịu trách nhiệm không nếu ai đó đột nhập vào một người thuê nhà bị tổn thương for their former unit until their lease is over. Kentucky landlords are statutorily required to find a new tenant to fill the rental space.,2
23287,are landlords liable if someone breaks in a hurts tenant,msmarco_passage_00_811364025,0,chủ nhà có chịu trách nhiệm không nếu ai đó đột nhập vào một người thuê nhà bị tổn thương,"In practice, that means the landlord must know that chủ nhà có chịu trách nhiệm không nếu ai đó đột nhập vào một người thuê nhà bị tổn thương the dog has already threatened or injured someone. For example, a landlord who knows only that a tenant's dog is kept chained and barks at people who approach probably will not be held liable if the dog bites someone.",0
23287,are landlords liable if someone breaks in a hurts tenant,msmarco_passage_55_523244708,0,chủ nhà có chịu trách nhiệm không nếu ai đó đột nhập vào một người thuê nhà bị tổn thương,"In practice, that means the landlord must know that the dog has already threatened or injured someone. For chủ nhà có chịu trách nhiệm không nếu ai đó đột nhập vào một người thuê nhà bị tổn thương example, a landlord who knows only that a tenant's dog is kept chained and barks at people who approach probably will not be held liable if the dog bites someone.",0
23287,are landlords liable if someone breaks in a hurts tenant,msmarco_passage_59_134694538,0,chủ nhà có chịu trách nhiệm không nếu ai đó đột nhập vào một người thuê nhà bị tổn thương,"A: Unless there is a provision in the chủ nhà có chịu trách nhiệm không nếu ai đó đột nhập vào một người thuê nhà bị tổn thương lease allowing them to break it (for example, if the tenant gives 30 days’ notice that he wants to move, then he can exit the lease), then they are still legally liable for any and all past-due payments and future rent payments until the landlord decides to rent to someone else.",0
23287,are landlords liable if someone breaks in a hurts tenant,msmarco_passage_25_703497698,0,chủ nhà có chịu trách nhiệm không nếu ai đó đột nhập vào một người thuê nhà bị tổn thương,"To chat chủ nhà có chịu trách nhiệm không nếu ai đó đột nhập vào một người thuê nhà bị tổn thương with a North Dakota landlord tenant attorney, Click here. Early termination. North Dakota tenants can break a lease early legally for the following reasons: North Dakota tenants may still be liable for paying the remainder of the rent. Landlords are also required to make a reasonable effort to re-rent a unit.",2
23287,are landlords liable if someone breaks in a hurts tenant,msmarco_passage_62_187711450,0,chủ nhà có chịu trách nhiệm không nếu ai đó đột nhập vào một người thuê nhà bị tổn thương,"If someone slips and falls in your apartment, breaks his/her leg and now cannot work for a period of time, tenant's insurance could protect you financially from this personal liability. Keep in mind that coverage depends on whether you are seen as the liable party, or if the landlord is seen as liable. If you chủ nhà có chịu trách nhiệm không nếu ai đó đột nhập vào một người thuê nhà bị tổn thương have to pay for damages from a cooking fire that damaged your apartment and adjoining apartments in your building, tenant's insurance could protect you in this case, too.",2
23287,are landlords liable if someone breaks in a hurts tenant,msmarco_passage_55_523250853,0,chủ nhà có chịu trách nhiệm không nếu ai đó đột nhập vào một người thuê nhà bị tổn thương,"For example, if a tenant's chủ nhà có chịu trách nhiệm không nếu ai đó đột nhập vào một người thuê nhà bị tổn thương apparently friendly dog bites someone, the landlord isn't liable for the injury. (See, for example, Stokes v. Lyddy, 75 Conn. App. 252 (2002) and Georgianna v. Gizzy, 483 N.Y.S.2d 892, 126 Misc. 2d 766 (1984).) In general, courts hold a landlord liable only if the landlord:",3
23287,are landlords liable if someone breaks in a hurts tenant,msmarco_passage_31_818054000,0,chủ nhà có chịu trách nhiệm không nếu ai đó đột nhập vào một người thuê nhà bị tổn thương,"Once the property is rented to someone else, the tenant is not liable for additional rent unless the unit is sublet. If the property stands vacant for several days, weeks, or months, the landlord will be able chủ nhà có chịu trách nhiệm không nếu ai đó đột nhập vào một người thuê nhà bị tổn thương to deduct from the deposit the actual amount of rent the landlord lost until a new tenant starts paying.",1
23287,are landlords liable if someone breaks in a hurts tenant,msmarco_passage_02_500355930,2,chủ nhà có chịu trách nhiệm không nếu ai đó đột nhập vào một người thuê nhà bị tổn thương,Advertisement. Is a landlord liable if a tenant or visitor is injured on the rental property? A landlord may be liable to the tenant--or others-for injuries caused by dangerous or defective conditions chủ nhà có chịu trách nhiệm không nếu ai đó đột nhập vào một người thuê nhà bị tổn thương on the rental property.,2
23287,are landlords liable if someone breaks in a hurts tenant,msmarco_passage_25_701960361,0,chủ nhà có chịu trách nhiệm không nếu ai đó đột nhập vào một người thuê nhà bị tổn thương,Early termination. Arizona tenants are permitted to legally break a lease early for the following reasons: Early termination clause. Active military duty. Uninhabitable unit. chủ nhà có chịu trách nhiệm không nếu ai đó đột nhập vào một người thuê nhà bị tổn thương Landlord harassment. Tenants who are unable to break a lease for these reasons may be liable to pay the remainder of the lease.,1
23287,are landlords liable if someone breaks in a hurts tenant,msmarco_passage_52_158309266,0,chủ nhà có chịu trách nhiệm không nếu ai đó đột nhập vào một người thuê nhà bị tổn thương,"Although cosigners aren’t the primary tenant, most of the time they share equal responsibility with the tenant for performing the promises under the lease. In legalese, a cosigner is “jointly and severally liable” with the tenant, meaning that in the event the tenant breaks the lease, the landlord can seek compensation from both the tenant chủ nhà có chịu trách nhiệm không nếu ai đó đột nhập vào một người thuê nhà bị tổn thương and the cosigner.",2
23287,are landlords liable if someone breaks in a hurts tenant,msmarco_passage_32_72305075,0,chủ nhà có chịu trách nhiệm không nếu ai đó đột nhập vào một người thuê nhà bị tổn thương,"Further, tenants are not liable for ADA violations that occur in areas exclusively under the control of the landlord. For example, in many circumstances, the tenant is not held liable for ADA violations in the parking lot or violations in the landlord's business office that is open to chủ nhà có chịu trách nhiệm không nếu ai đó đột nhập vào một người thuê nhà bị tổn thương the public. But a landlord, as the owner of the property, can be held liable for ADA compliance on property leased to, and controlled by, a tenant.",0
30611,average age of men at marriage,msmarco_passage_02_448916602,0,Độ tuổi trung bình của đàn ông khi kết hôn,"Age at marriage: Taking all 83 women here, but considering only their marriages to the men who became President or Vice-President, the average age at that marriage was just over 25 and the median just under 23. (For all the women's first marriages, the average age is 23.2 and the Độ tuổi trung bình của đàn ông khi kết hôn median 22.6.)",2
30611,average age of men at marriage,msmarco_passage_13_130713627,0,Độ tuổi trung bình của đàn ông khi kết hôn,"21 Massachusetts: 30.2. Like the nearby state of Maryland, the Bay State's locals prefer to wait a little longer before taking the plunge—with 29.6 as the average marriage age for women, and 30.8 as the average marriage Độ tuổi trung bình của đàn ông khi kết hôn age for men.",2
30611,average age of men at marriage,msmarco_passage_01_391093791,0,Độ tuổi trung bình của đàn ông khi kết hôn,Sex was supposed to be confined to marriage Độ tuổi trung bình của đàn ông khi kết hôn and offenders were punished severely--both parties were punished but the men more severely than the women. The average age for marriage was higher than in any other group of immigrants. For men it was age 26 and for women age 23.,3
30611,average age of men at marriage,msmarco_passage_14_243076180,0,Độ tuổi trung bình của đàn ông khi kết hôn,"Men vs. Women Statistics. Statistically, women get married younger than men, and they are more susceptible to post-divorce financial struggles. In the United States, the average age of women entering their first marriage Độ tuổi trung bình của đàn ông khi kết hôn is 26. For men, the average age is 29.",3
30611,average age of men at marriage,msmarco_passage_20_23031688,0,Độ tuổi trung bình của đàn ông khi kết hôn,"While Độ tuổi trung bình của đàn ông khi kết hôn women would be married once they reached reproductive age, men had to possess independent means of sustenance – to be able to provide for a family – before entering into marriage. For this reason, the average age of marriage for men remained high, in the mid- to late twenties.",3
30611,average age of men at marriage,msmarco_passage_30_590351057,3,Độ tuổi trung bình của đàn ông khi kết hôn,"If American men and women are going to get married at some point in their life, the average age for a first marriage as of 2007 was around: 27 for men, Độ tuổi trung bình của đàn ông khi kết hôn 26 for women. When men and women report how happy they are in their marriage, the trend is that: husbands tend to be happier. One of the benefits of marriage is:",3
30611,average age of men at marriage,msmarco_passage_17_771044914,0,Độ tuổi trung bình của đàn ông khi kết hôn,The United Nations Marriage Statistics Department measures the SMAM difference Độ tuổi trung bình của đàn ông khi kết hôn ( Singulate Mean Age Marriage difference: the difference in average age at first marriage between men and women) across the main regions in the world (refer to Table. 1).,2
30611,average age of men at marriage,msmarco_passage_00_570492458,0,Độ tuổi trung bình của đàn ông khi kết hôn,"Age of Marriage Độ tuổi trung bình của đàn ông khi kết hôn in the U.S. in the 1800s. Between 1800 and 1900, women generally married for the first time between the ages of 20 and 22. Less is known about the average age of first marriages for men during the 19th century.",2
30611,average age of men at marriage,msmarco_passage_62_797638269,0,Độ tuổi trung bình của đàn ông khi kết hôn,"Age of Marriage in the U.S. in the 1800s. Between 1800 and 1900, women generally married for the first time between the ages of 20 and 22. Less is known about the average age of first marriages for men during the 19th Độ tuổi trung bình của đàn ông khi kết hôn century.",1
30611,average age of men at marriage,msmarco_passage_68_4698062,0,Độ tuổi trung bình của đàn ông khi kết hôn,"Their settlement expanded successfully throughout the 1640s. By 1660, with a population of 33,000, this was the most successful New England Độ tuổi trung bình của đàn ông khi kết hôn colony. Love and Marriage. In Puritan society, the average age for marriage was higher than in any other group of immigrants—the average for men was 26, and for women age 23.",3
30611,average age of men at marriage,msmarco_passage_11_59935812,3,Độ tuổi trung bình của đàn ông khi kết hôn,"November 10, 2008. the most recent data from the u.s. census bureau, indicates an average age of 27.5 for men and 25.6 for women for their first marriage. this is data for the year 2007. anon6135. December 17, 2007. Actually, in Sweden, the average age for men Độ tuổi trung bình của đàn ông khi kết hôn to marry is 32, while the average age for women is 30.",3
30611,average age of men at marriage,msmarco_passage_68_19987965,3,Độ tuổi trung bình của đàn ông khi kết hôn,"The average age of marriage Độ tuổi trung bình của đàn ông khi kết hôn right now. According to the most recent estimates from the U.S. Census Bureau, the average age of first marriage for women in 2017 was 27.4 years. For men, it’s slightly older at 29.5 years. That’s the longest Americans have ever waited to get married.",3
112700,crest syndrome esophageal dysfunction,msmarco_passage_30_708720880,0,hội chứng mào rối loạn chức năng thực quản,"Epidermis is the outermost layer of skin that hội chứng mào rối loạn chức năng thực quản inhibits the proliferation of microorganisms. A nurse is assessing a client with the diagnosis of scleroderma for signs of calcium deposits in organs, Raynaud phenomenon, esophageal dysfunction, sclerodactyly, and telangiectasia (CREST syndrome).",2
112700,crest syndrome esophageal dysfunction,msmarco_passage_51_861573006,1,hội chứng mào rối loạn chức năng thực quản,"Additional Information. Scl-70 antibody hội chứng mào rối loạn chức năng thực quản is seen in 20% of patients with scleroderma, and in some patients with CREST syndrome (calcinosis, Raynaud, esophageal dysfunction, sclerodactyly, telangiectasia). These syndromes are also associated with a high frequency of speckled pattern immunofluorescent antinuclear antibody tests.",3
112700,crest syndrome esophageal dysfunction,msmarco_passage_65_861132668,0,hội chứng mào rối loạn chức năng thực quản,"For example, scleroderma is characterized by CREST syndrome, (the build-up of calcium in tissues), Raynaud's syndrome (in which the hands become cold and blue upon exposure to cold temperatures), esophageal dysfunction, sclerodactyly (in which hội chứng mào rối loạn chức năng thực quản the fingers resemble sausages), and telangiectasias (""spider veins""). 13 ﻿.",2
112700,crest syndrome esophageal dysfunction,msmarco_passage_66_50440529,0,hội chứng mào rối loạn chức năng thực quản,"For example, scleroderma is characterized by CREST syndrome, (the build-up of calcium in tissues), Raynaud's syndrome (in which the hands become cold and blue upon exposure hội chứng mào rối loạn chức năng thực quản to cold temperatures), esophageal dysfunction, sclerodactyly (in which the fingers resemble sausages), and telangiectasias (""spider veins""). 13 ﻿.",2
112700,crest syndrome esophageal dysfunction,msmarco_passage_28_560797645,0,hội chứng mào rối loạn chức năng thực quản,"Useful For. Evaluating patients with clinical signs and symptoms compatible with systemic sclerosis including skin involvement, Raynaud phenomenon, and arthralgias. Aiding in the diagnosis of calcinosis, Raynaud phenomenon, esophageal dysfunction, hội chứng mào rối loạn chức năng thực quản sclerodactyly, and telangiectasis (CREST) syndrome.",3
112700,crest syndrome esophageal dysfunction,msmarco_passage_53_362929568,0,hội chứng mào rối loạn chức năng thực quản,"Interpretation Provides information to assist in interpretation of the test results. In various reported clinical studies, centromere antibodies occur in hội chứng mào rối loạn chức năng thực quản 50% to 96% of patients with calcinosis, Raynaud phenomenon, esophageal dysfunction, sclerodactyly, and telangiectasis (CREST) syndrome.",2
112700,crest syndrome esophageal dysfunction,msmarco_passage_53_364335354,0,hội chứng mào rối loạn chức năng thực quản,"Interpretation Provides information to assist in interpretation of the test results. In various reported clinical studies, centromere antibodies occur in 50% to 96% of patients with calcinosis, Raynaud phenomenon, esophageal hội chứng mào rối loạn chức năng thực quản dysfunction, sclerodactyly, and telangiectasis (CREST) syndrome.",2
112700,crest syndrome esophageal dysfunction,msmarco_passage_30_794526953,0,hội chứng mào rối loạn chức năng thực quản,"Uremia, cirrhosis, and hypovolemia are systemic impaired cellular proliferation responses in impaired wound hội chứng mào rối loạn chức năng thực quản healing. A nurse is assessing a client with the diagnosis of scleroderma for signs of calcium deposits in organs, Raynaud phenomenon, esophageal dysfunction, sclerodactyly, and telangiectasia (CREST syndrome).",3
112700,crest syndrome esophageal dysfunction,msmarco_passage_24_201870059,0,hội chứng mào rối loạn chức năng thực quản,"Two forms of this disease exist– (1) progressive systemic sclerosis, characterized by diffuse scleroderma, and a more fulminant form with hội chứng mào rối loạn chức năng thực quản early involvement of internal organs or (2) CREST syndrome, characterized by calcinosis, Raynaud phenomenon, esophageal dysfunction, sclerodactyly, and telangiectasia.",3
112700,crest syndrome esophageal dysfunction,msmarco_passage_53_362932045,1,hội chứng mào rối loạn chức năng thực quản,"Clinical Information Discusses physiology, pathophysiology, and general clinical aspects, as they relate to a laboratory test. hội chứng mào rối loạn chức năng thực quản Centromere antibodies occur primarily in patients with the calcinosis, Raynaud phenomenon, esophageal dysfunction, sclerodactyly, and telangiectasis (CREST) syndrome variant of systemic sclerosis (scleroderma).",3
112700,crest syndrome esophageal dysfunction,msmarco_passage_53_364337831,1,hội chứng mào rối loạn chức năng thực quản,"Clinical Information Discusses physiology, pathophysiology, and general clinical aspects, as they relate to a laboratory test. Centromere antibodies occur primarily in patients with the calcinosis, Raynaud phenomenon, esophageal dysfunction, sclerodactyly, and telangiectasis (CREST) syndrome variant of systemic sclerosis hội chứng mào rối loạn chức năng thực quản (scleroderma).",3
112700,crest syndrome esophageal dysfunction,msmarco_passage_02_289767562,0,hội chứng mào rối loạn chức năng thực quản,"Two forms of this disease exist–(1) progressive systemic sclerosis (PSS), characterized by diffuse hội chứng mào rối loạn chức năng thực quản scleroderma, and a more fulminant form with early involvement of internal organs or (2) CREST syndrome, characterized by calcinosis, Raynaud phenomenon, esophageal dysfunction, sclerodactyly, and telangiectasia.",3
112700,crest syndrome esophageal dysfunction,msmarco_passage_18_252670451,1,hội chứng mào rối loạn chức năng thực quản,CREST syndrome. Other names. Calcinosis-Raynaud phenomenon-esophageal involvement-sclerodactyly-telangiectasia syndrome. CREST hội chứng mào rối loạn chức năng thực quản syndrome (calcinosis and sclerodactyly) Specialty. Rheumatology.,2
112700,crest syndrome esophageal dysfunction,msmarco_passage_21_647207166,1,hội chứng mào rối loạn chức năng thực quản,CREST syndrome. Other names. hội chứng mào rối loạn chức năng thực quản Calcinosis-Raynaud phenomenon-esophageal involvement-sclerodactyly-telangiectasia syndrome. CREST syndrome (calcinosis and sclerodactyly) Specialty. Rheumatology.,2
112700,crest syndrome esophageal dysfunction,msmarco_passage_45_595160987,1,hội chứng mào rối loạn chức năng thực quản,"CREST syndrome is named after its symptoms: calcinosis (calcium accumulation under the skin), Raynaud phenomenon (redness or blueness of fingers and toes), esophageal dysfunction, sclerodactyly (thickening and hội chứng mào rối loạn chức năng thực quản tightness of the skin that surrounds the fingers and toes), and telangiectasia (red skin blotches causes by dilated blood vessels).",3
168329,does light intensity or concentration of carbon dioxide have a higher rate of photosynthesis,msmarco_passage_38_866328621,2,cường độ ánh sáng hoặc nồng độ carbon dioxide có tốc độ quang hợp cao hơn không,"Carbon dioxide. As carbon dioxide concentrations increase, so too does the rate of photosynthesis until a certain point where the graph levels off. At lower carbon dioxide concentrations carbon dioxide is the limiting factor because an increase in carbon dioxide causes an increase in photosynthesis. At higher carbon dioxide concentrations (plateau of graph), further increasing the carbon dioxide concentration does not increase the rate of photosynthesis meaning another factor is cường độ ánh sáng hoặc nồng độ carbon dioxide có tốc độ quang hợp cao hơn không limiting photosynthesis.",2
168329,does light intensity or concentration of carbon dioxide have a higher rate of photosynthesis,msmarco_passage_38_867806832,2,cường độ ánh sáng hoặc nồng độ carbon dioxide có tốc độ quang hợp cao hơn không,"Carbon dioxide. cường độ ánh sáng hoặc nồng độ carbon dioxide có tốc độ quang hợp cao hơn không As carbon dioxide concentrations increase, so too does the rate of photosynthesis until a certain point where the graph levels off. At lower carbon dioxide concentrations carbon dioxide is the limiting factor because an increase in carbon dioxide causes an increase in photosynthesis. At higher carbon dioxide concentrations (plateau of graph), further increasing the carbon dioxide concentration does not increase the rate of photosynthesis meaning another factor is limiting photosynthesis.",2
168329,does light intensity or concentration of carbon dioxide have a higher rate of photosynthesis,msmarco_passage_04_441187954,1,cường độ ánh sáng hoặc nồng độ carbon dioxide có tốc độ quang hợp cao hơn không,"Photosynthesis. cường độ ánh sáng hoặc nồng độ carbon dioxide có tốc độ quang hợp cao hơn không Green plants and algae use light energy to make glucose and oxygen from carbon dioxide and water. Temperature, carbon dioxide concentration and light intensity can affect the rate of photosynthesis.",2
168329,does light intensity or concentration of carbon dioxide have a higher rate of photosynthesis,msmarco_passage_38_866203030,1,cường độ ánh sáng hoặc nồng độ carbon dioxide có tốc độ quang hợp cao hơn không,"Photosynthesis. Green plants and algae use light energy to make glucose and oxygen cường độ ánh sáng hoặc nồng độ carbon dioxide có tốc độ quang hợp cao hơn không from carbon dioxide and water. Temperature, carbon dioxide concentration and light intensity can affect the rate of photosynthesis.",3
168329,does light intensity or concentration of carbon dioxide have a higher rate of photosynthesis,msmarco_passage_16_241333013,2,cường độ ánh sáng hoặc nồng độ carbon dioxide có tốc độ quang hợp cao hơn không,"Temperature, carbon dioxide concentration and light intensity are factors that can limit the rate of photosynthesis. Photosynthesis [photosynthesis: The chemical cường độ ánh sáng hoặc nồng độ carbon dioxide có tốc độ quang hợp cao hơn không change that occurs in the leaves of green plants. It uses light energy to convert carbon dioxide and water into glucose.",2
168329,does light intensity or concentration of carbon dioxide have a higher rate of photosynthesis,msmarco_passage_16_253015386,2,cường độ ánh sáng hoặc nồng độ carbon dioxide có tốc độ quang hợp cao hơn không,"Temperature, carbon dioxide concentration and light intensity are factors that can limit the rate of photosynthesis. Photosynthesis [photosynthesis: The chemical change that occurs in the leaves of green plants. It uses light energy to cường độ ánh sáng hoặc nồng độ carbon dioxide có tốc độ quang hợp cao hơn không convert carbon dioxide and water into glucose.",2
168329,does light intensity or concentration of carbon dioxide have a higher rate of photosynthesis,msmarco_passage_61_661474646,2,cường độ ánh sáng hoặc nồng độ carbon dioxide có tốc độ quang hợp cao hơn không,"Temperature, carbon dioxide concentration and light intensity are factors that can limit the rate of photosynthesis. Photosynthesis summary Photosynthesis [ photosynthesis: The chemical change that occurs in cường độ ánh sáng hoặc nồng độ carbon dioxide có tốc độ quang hợp cao hơn không the leaves of green plants. It uses light energy to convert carbon dioxide and water into glucose.",2
168329,does light intensity or concentration of carbon dioxide have a higher rate of photosynthesis,msmarco_passage_04_93661774,1,cường độ ánh sáng hoặc nồng độ carbon dioxide có tốc độ quang hợp cao hơn không,"What three factors that cường độ ánh sáng hoặc nồng độ carbon dioxide có tốc độ quang hợp cao hơn không affect the rate at which photosynthesis occurs? Temperature, light intensity, and carbon dioxide concentration. What factors affect the rate of photosynthesis? The factors that effect the rate of photosynthesis are: the amount of sunlight, the amount of carbon dioxide, amount of water, intensity of sunlight, and the climate (temperature)",2
168329,does light intensity or concentration of carbon dioxide have a higher rate of photosynthesis,msmarco_passage_04_441186663,0,cường độ ánh sáng hoặc nồng độ carbon dioxide có tốc độ quang hợp cao hơn không,"Photosynthesis. Green plants and algae use light energy to make cường độ ánh sáng hoặc nồng độ carbon dioxide có tốc độ quang hợp cao hơn không glucose and oxygen from carbon dioxide and water. Temperature, carbon dioxide concentration and light intensity can affect the rate of photosynthesis. Part of.",2
168329,does light intensity or concentration of carbon dioxide have a higher rate of photosynthesis,msmarco_passage_38_866201865,0,cường độ ánh sáng hoặc nồng độ carbon dioxide có tốc độ quang hợp cao hơn không,"Photosynthesis. Green plants and algae use cường độ ánh sáng hoặc nồng độ carbon dioxide có tốc độ quang hợp cao hơn không light energy to make glucose and oxygen from carbon dioxide and water. Temperature, carbon dioxide concentration and light intensity can affect the rate of photosynthesis. Part of.",3
168329,does light intensity or concentration of carbon dioxide have a higher rate of photosynthesis,msmarco_passage_38_866204669,0,cường độ ánh sáng hoặc nồng độ carbon dioxide có tốc độ quang hợp cao hơn không,"Photosynthesis. Green plants and algae use light energy to make glucose and oxygen from carbon cường độ ánh sáng hoặc nồng độ carbon dioxide có tốc độ quang hợp cao hơn không dioxide and water. Temperature, carbon dioxide concentration and light intensity can affect the rate of photosynthesis. Part of.",2
168329,does light intensity or concentration of carbon dioxide have a higher rate of photosynthesis,msmarco_passage_04_564923670,2,cường độ ánh sáng hoặc nồng độ carbon dioxide có tốc độ quang hợp cao hơn không,"The three main limiting factors of photosynthesis are light intensity, carbon dioxide concentration and temperature. 31. The cường độ ánh sáng hoặc nồng độ carbon dioxide có tốc độ quang hợp cao hơn không rate at which photosynthesis takes place varies depending on the intensity of light energy.",2
168329,does light intensity or concentration of carbon dioxide have a higher rate of photosynthesis,msmarco_passage_39_507047522,2,cường độ ánh sáng hoặc nồng độ carbon dioxide có tốc độ quang hợp cao hơn không,"The three main limiting factors of photosynthesis are light intensity, carbon dioxide concentration and temperature. 31. The rate at which photosynthesis takes place varies depending on the intensity of cường độ ánh sáng hoặc nồng độ carbon dioxide có tốc độ quang hợp cao hơn không light energy.",2
168329,does light intensity or concentration of carbon dioxide have a higher rate of photosynthesis,msmarco_passage_31_617424078,0,cường độ ánh sáng hoặc nồng độ carbon dioxide có tốc độ quang hợp cao hơn không,"Photosynthesis at Night. Several elements may affect the rate of photosynthesis: carbon dioxide concentration, temperature and light intensity. If there is insufficient carbon dioxide, a plant cannot photosynthesize, even if it has plenty of light. If it is too cold, the rate of photosynthesis will drop. If it cường độ ánh sáng hoặc nồng độ carbon dioxide có tốc độ quang hợp cao hơn không is too hot, plants will not be able to photosynthesize.",2
190623,for what is david w. taylor known,msmarco_passage_23_461676891,0,David W. Taylor được biết đến như thế nào,"Gregory Taylor Mills, Sr. on The Letter David W. Taylor được biết đến như thế nào “G” in Freemasonry Signifies Gnosis. Gregory Taylor Mills, Sr. on The Letter “G” in Freemasonry Signifies Gnosis. Liam J Curtin on Chaos Magickians in Satan’s Kingdom w/ David Livingstone.",0
190623,for what is david w. taylor known,msmarco_passage_54_207993948,1,David W. Taylor được biết đến như thế nào,"Commission Reports and Publications. See Florida manatee sections in chapters on Species of Special Concern in past Annual Reports to Congress. Laist, David W., Taylor, Cynthia, and Reynolds, John E. III. 2013. Winter Habitat Preferences for Florida Manatees and Vulnerability to David W. Taylor được biết đến như thế nào Cold. Laist, David W. and Shaw, Cameron. 2006.",2
190623,for what is david w. taylor known,msmarco_passage_00_680645686,0,David W. Taylor được biết đến như thế nào,"Texico, New Mexico. The first David W. Taylor được biết đến như thế nào known permanent settler at the Texico site was Ira W. Taylor, section foreman for the Pecos Valley and North Eastern Railroad. Taylor is reported to have had a 160 acre claim adjacent to the railroad. W. M.",0
190623,for what is david w. taylor known,msmarco_passage_54_207995369,0,David W. Taylor được biết đến như thế nào,"Lowry, Lloyd, Laist, David David W. Taylor được biết đến như thế nào W., and Taylor, Elizabeth. 2007. Endangered, Threatened, and Depleted Marine Mammals in U.S. Waters. Taylor, Cynthia R. 2006. A Survey of Florida Springs to Determine Accessibility to Florida Manatees ( Trichechus manatus latirostris ): Developing a Sustainable Thermal Network.",0
190623,for what is david w. taylor known,msmarco_passage_20_511222268,0,David W. Taylor được biết đến như thế nào,"The pandemic was the subject of a review document, David W. Taylor được biết đến như thế nào issued in November 2010. The CPHO position was left vacant for 16 months until Dr Gregory W. Taylor was elevated to the post on 24 September 2014. Taylor had filled the position on an interim basis since the departure of David Butler-Jones.",0
190623,for what is david w. taylor known,msmarco_passage_23_461733691,0,David W. Taylor được biết đến như thế nào,"Vaccinegate: Rand Paul on Vaccinations. Recent Comments. Gregory Taylor Mills, Sr. on The Letter “G” in Freemasonry David W. Taylor được biết đến như thế nào Signifies Gnosis. Gregory Taylor Mills, Sr. on The Letter “G” in Freemasonry Signifies Gnosis. Liam J Curtin on Chaos Magickians in Satan’s Kingdom w/ David Livingstone.",0
190623,for what is david w. taylor known,msmarco_passage_04_703823115,0,David W. Taylor được biết đến như thế nào,"At that time, Frederick W. Taylor (1856-1915) introduced scientific management theory. Taylor is also known as the father of Scientific Management. It was called scientific management David W. Taylor được biết đến như thế nào because Taylor focused on solving managerial problems in a scientific way.",0
190623,for what is david w. taylor known,msmarco_passage_40_368820450,0,David W. Taylor được biết đến như thế nào,"At that time, Frederick W. Taylor (1856-1915) introduced scientific management theory. Taylor is also known as the father of Scientific Management. David W. Taylor được biết đến như thế nào It was called scientific management because Taylor focused on solving managerial problems in a scientific way.",0
190623,for what is david w. taylor known,msmarco_passage_24_81055389,0,David W. Taylor được biết đến như thế nào,"Jonathan M. Holmes, Marjean Taylor Kulp, Trevano W. Dean, Donny W. Suh, Raymond T. Kraker, David K. Wallace, David W. Taylor được biết đến như thế nào David B Petersen, Susan A. Cotter, Earl R. Crouch, Ingryd J. Lorenzana, Benjamin H. Ticho, Lisa C. Verderber, Katherine K. Weise. Factors associated with retinopathy of prematurity ophthalmology workload.",0
190623,for what is david w. taylor known,msmarco_passage_06_41635926,0,David W. Taylor được biết đến như thế nào,"The opinions of Robert W. Balch and David Taylor most closely match my David W. Taylor được biết đến như thế nào own, and since they are the two sociologists with the longest-standing research background in the study of the group, their interpretation relies on the most support.",1
190623,for what is david w. taylor known,msmarco_passage_35_832927015,0,David W. Taylor được biết đến như thế nào,"What is the salary of David Taylor? As the Chairman of the Board, President, and Chief Executive Officer of Procter & Gamble Co, the total compensation of David Taylor at Procter & Gamble Co is $22,905,100. There are no executives at Procter & Gamble Co getting paid more. Created with David W. Taylor được biết đến như thế nào Highcharts 7.1.1.",0
190623,for what is david w. taylor known,msmarco_passage_30_678174284,1,David W. Taylor được biết đến như thế nào,D. Andrew H. Foote. ____________ made his first of several David W. Taylor được biết đến như thế nào expeditions in 1886 that placed him in the vanguard of Arctic explorers. A. Albert A. Michelson. B. Robert Edwin Peary. C. David W. Taylor.,1
190623,for what is david w. taylor known,msmarco_passage_05_598763431,0,David W. Taylor được biết đến như thế nào,Suffice it to say here that the old masters did not refer the registers to changes in the laryngeal action. The Psychology of Singing | David C. Taylor. Not David W. Taylor được biết đến như thế nào only have all investigators failed to define exactly what the correct laryngeal action is. The Psychology of Singing | David C. Taylor.,0
190623,for what is david w. taylor known,msmarco_passage_40_370985028,0,David W. Taylor được biết đến như thế nào,"Frederick Taylor's Scientific Management. Frederick W. Taylor (1856-1915) was among the first to study worker productivity and how best to optimize it. Taylor, who had a background David W. Taylor được biết đến như thế nào in mechanical engineering, conducted controlled experiments that led him to develop four principles of scientific management known as ""Taylorism."".",0
190623,for what is david w. taylor known,msmarco_passage_13_161674296,0,David W. Taylor được biết đến như thế nào,"No matter what medical profession you are in, an otoscope can be an excellent tool to perform ear checks. So, consider buying an David W. Taylor được biết đến như thế nào otoscope for your home or clinic as there is a perfect option available for all! Dr. David Taylor. Dr. David Taylor is a medical professional and an avid blogger.",1
190623,for what is david w. taylor known,msmarco_passage_40_119020381,0,David W. Taylor được biết đến như thế nào,"Learn More in these related Britannica articles: Frederick W. Taylor. His system of industrial David W. Taylor được biết đến như thế nào management, known as Taylorism, greatly influenced the development of industrial engineering and production management throughout the world.…. production management.",0
190623,for what is david w. taylor known,msmarco_passage_49_568877679,0,David W. Taylor được biết đến như thế nào,"W. Kent Taylor (1956-2021), American restaurateur, founder and CEO of Texas Roadhouse. Gene Taylor (1952-2021), David W. Taylor được biết đến như thế nào American musician, known for his work with Canned Heat, The Blasters and The Fabulous Thunderbirds.",2
190623,for what is david w. taylor known,msmarco_passage_30_678173837,1,David W. Taylor được biết đến như thế nào,"C. David W. Taylor. D. Albert A. Michelson. David W. Taylor được biết đến như thế nào ______________ commanded gunboats off North Carolina, led daring incursions into coastal enemy inlets, and sunk the ironclad ram CSS Albemarle with a spar torpedo attached to a steam launch. B. William Barker Cushing. C. David D. Porter.",0
190623,for what is david w. taylor known,msmarco_passage_16_441596136,0,David W. Taylor được biết đến như thế nào,"January 16, 1863, Col. David Webb, succeeded, on his death, by Col. Alfred W. Taylor, and he by Col. Henry S. Gansevoort, was authorized to recruit the Horatio Seymour Cavalry. January 28, 1863, Col. G. W. B. Tompkins received authority to recruit the Tompkins David W. Taylor được biết đến như thế nào Cavalry.",0
226975,how does my baby get submitted for medicaid after birth,msmarco_passage_17_97011100,0,làm thế nào để em bé của tôi được nộp cho Medicaid sau khi sinh,Why do my guppies die after giving birth? Do guppies eat their own poop? How many guppies should I get? How long does it take baby guppies to get their color? Do guppies tails grow back? Do Guppy fry need air pump? Will guppies breed in làm thế nào để em bé của tôi được nộp cho Medicaid sau khi sinh a community tank? What do I feed my baby guppies?,0
226975,how does my baby get submitted for medicaid after birth,msmarco_passage_38_608836375,0,làm thế nào để em bé của tôi được nộp cho Medicaid sau khi sinh,"What does it làm thế nào để em bé của tôi được nộp cho Medicaid sau khi sinh mean for a baby to be in the posterior position? How common is it for a baby to be in posterior position? How will I know if my baby is in posterior position? If my baby is posterior, does that mean I'll have back labor? If my baby is posterior at birth, how will it affect my delivery?",0
226975,how does my baby get submitted for medicaid after birth,msmarco_passage_38_604886595,0,làm thế nào để em bé của tôi được nộp cho Medicaid sau khi sinh,how soon after implantation do you get a BFP ? - Getting pregnant - BabyCenter Australia. Birth Clubs. All Birth Clubs. làm thế nào để em bé của tôi được nộp cho Medicaid sau khi sinh Groups by topic. View all groups Getting pregnant Pregnancy Baby & Toddler Local groups Family life Grief and Loss Fun & photos My baby journal My pregnancy journal.,1
226975,how does my baby get submitted for medicaid after birth,msmarco_passage_22_752323735,0,làm thế nào để em bé của tôi được nộp cho Medicaid sau khi sinh,I am likely just having a bigger baby this time (both of my previous babies were under 7lbs) My BF was measuring 2 weeks ahead from week 28-39. She was told her baby was going to be close to 10lbs...she gave birth after 39 weeks to làm thế nào để em bé của tôi được nộp cho Medicaid sau khi sinh a 7lb12oz baby. How you measure does not relate to when you give birth.,0
226975,how does my baby get submitted for medicaid after birth,msmarco_passage_00_319806697,0,làm thế nào để em bé của tôi được nộp cho Medicaid sau khi sinh,"On December 11, 2014, my wife and I gave birth to a healthy baby boy. We were amazing by our newborn’s tiny feet làm thế nào để em bé của tôi được nộp cho Medicaid sau khi sinh and hands, but surprised by how much this little guy can consume. After birth, every new parent wonders the same questions: How much milk does our baby need?",1
226975,how does my baby get submitted for medicaid after birth,msmarco_passage_12_208890878,0,làm thế nào để em bé của tôi được nộp cho Medicaid sau khi sinh,"How long after giving birth can I làm thế nào để em bé của tôi được nộp cho Medicaid sau khi sinh get a tummy tuck? I want to get a tummy tuck after i have my baby. I was wondering how much is the cost and how long do I have to wait after I give birth? Update: this will be my second baby and last. I got stretch marks and never was able to shrink my stomach back my first is already 5 years old so I expect more lose skin, I know a tummy tuck is the only thing that will make me feel better about my self.",0
226975,how does my baby get submitted for medicaid after birth,msmarco_passage_41_433096217,0,làm thế nào để em bé của tôi được nộp cho Medicaid sau khi sinh,How long will my baby be in the hospital? This is a birth abnormality with one of làm thế nào để em bé của tôi được nộp cho Medicaid sau khi sinh the longest lengths of stay after birth. Babies with gastroschisis are in the hospital an average of 42 days. The reason is that the intestines of babies with gastroschisis do not work for a few weeks after birth.,0
226975,how does my baby get submitted for medicaid after birth,msmarco_passage_66_694032311,0,làm thế nào để em bé của tôi được nộp cho Medicaid sau khi sinh,"How HCV Affects Your Baby. One in 20 infants born to mothers làm thế nào để em bé của tôi được nộp cho Medicaid sau khi sinh with HCV gets the virus. That can happen in the womb, during delivery, or after the baby is born. The disease usually does not affect your baby before birth.",0
226975,how does my baby get submitted for medicaid after birth,msmarco_passage_12_264631080,0,làm thế nào để em bé của tôi được nộp cho Medicaid sau khi sinh,Does medicaid for pregnant women cover eye exams? My girlfriend is pregnant i i want to know if she gets medicaid will the medicaid cover her làm thế nào để em bé của tôi được nộp cho Medicaid sau khi sinh eye exams?? or how does it work?,2
226975,how does my baby get submitted for medicaid after birth,msmarco_passage_04_303106779,0,làm thế nào để em bé của tôi được nộp cho Medicaid sau khi sinh,How long after my tax return is accepted does my tax return get approved? How long does it take refund bars to move to approve? How long does it typically take the irs to approve a làm thế nào để em bé của tôi được nộp cho Medicaid sau khi sinh return after submitted electronically? How long between tax return being accepted and being approved?,0
226975,how does my baby get submitted for medicaid after birth,msmarco_passage_27_447348801,0,làm thế nào để em bé của tôi được nộp cho Medicaid sau khi sinh,Review the details provided in the sections below: How to Submit a Minnesota Medicaid Application for làm thế nào để em bé của tôi được nộp cho Medicaid sau khi sinh Children and Adults Without Children. How to Submit a Minnesota Medicaid Application for Seniors. How to Submit a Minnesota Medicaid Application for People With Disabilities. How to Get Medicaid Application Form Assistance in Minnesota.,2
