qid,query,pid,relevance,query_hi,passage_injected,coverage
2055480,how many incidents of corneal abrasion,msmarco_passage_17_337333989,0,कॉर्नियल एब्रेशन की कितनी घटनाएं होती हैं,"Avoid antibiotics containing neomycin (eg, कॉर्नियल एब्रेशन की कितनी घटनाएं होती हैं Neosporin) because of the high incidence of allergy to neomycin in the general population. The use of prophylactic periocular injections or systemic administration of antibiotics after corneal abrasions is controversial. Previous.",1
2055480,how many incidents of corneal abrasion,msmarco_passage_60_758361227,0,कॉर्नियल एब्रेशन की कितनी घटनाएं होती हैं,"Just as it is nearly impossible to see a corneal abrasion with the naked eye, the same is true for recurrent corneal erosion. What is most important is the time course. In recurrent corneal erosion, the patient can remember having had a corneal abrasion कॉर्नियल एब्रेशन की कितनी घटनाएं होती हैं relatively recently (usually within the past 3–10 days) and then, most often when first opening the eye in the morning, feels a sudden burst of pain accompanied by symptoms of a corneal abrasion, which are:",0
2055480,how many incidents of corneal abrasion,msmarco_passage_44_327673510,0,कॉर्नियल एब्रेशन की कितनी घटनाएं होती हैं,"What is Corneal Abrasion? The cornea is the transparent, dome-shaped ""window"" that covers the front of the eye. A nick, scratch or scrape of the cornea is called a corneal abrasion. Corneal abrasions are one of the most common forms of कॉर्नियल एब्रेशन की कितनी घटनाएं होती हैं eye injury. In some cases, they are caused by the direct impact of a sharp object, such as a pencil, staple, nail or sewing pin.",0
2055480,how many incidents of corneal abrasion,msmarco_passage_17_34499450,0,कॉर्नियल एब्रेशन की कितनी घटनाएं होती हैं,"What is Corneal Abrasion? The cornea is the transparent, dome-shaped ""window"" that covers the front of the eye. A nick, scratch or scrape of the cornea is called a corneal abrasion. Corneal abrasions are one कॉर्नियल एब्रेशन की कितनी घटनाएं होती हैं of the most common forms of eye injury. In some cases, they are caused by the direct impact of a sharp object, such as a pencil, staple, nail or sewing pin.",0
2055480,how many incidents of corneal abrasion,msmarco_passage_60_131762631,2,कॉर्नियल एब्रेशन की कितनी घटनाएं होती हैं,"Corneal Abrasion. Corneal abrasions account for 10% of new patients seeking medical attention कॉर्नियल एब्रेशन की कितनी घटनाएं होती हैं in emergency departments for eye problems. From: Pediatric Clinical Advisor (Second Edition), 2007. Download as PDF.",2
2055480,how many incidents of corneal abrasion,msmarco_passage_18_472748600,1,कॉर्नियल एब्रेशन की कितनी घटनाएं होती हैं,"Diagnostic method. Slit lamp exam. Differential diagnosis. Corneal ulcer, globe rupture. Prevention. Eye protection. Frequency. 3 per 1,000 per year (United States) Corneal abrasion is a scratch to the कॉर्नियल एब्रेशन की कितनी घटनाएं होती हैं surface of the cornea of the eye.",2
2055480,how many incidents of corneal abrasion,msmarco_passage_21_646580075,0,कॉर्नियल एब्रेशन की कितनी घटनाएं होती हैं,"Diagnostic method. Slit lamp exam. Differential diagnosis. Corneal ulcer, globe rupture. Prevention. Eye protection. Frequency. 3 per 1,000 per year (United States) Corneal abrasion कॉर्नियल एब्रेशन की कितनी घटनाएं होती हैं is a scratch to the surface of the cornea of the eye.",2
2055480,how many incidents of corneal abrasion,msmarco_passage_00_637453033,0,कॉर्नियल एब्रेशन की कितनी घटनाएं होती हैं,"In case of further complications, such as corneal ulcer, vision is restored after about a year from corneal transplant. Studies reveal that around 28 percent people with traumatic corneal abrasions experience recurrent symptoms of कॉर्नियल एब्रेशन की कितनी घटनाएं होती हैं corneal abrasion up to 3 months from the time of injury.",1
2055480,how many incidents of corneal abrasion,msmarco_passage_25_289619181,0,कॉर्नियल एब्रेशन की कितनी घटनाएं होती हैं,"S05.0 Injury of conjunctiva and corneal abrasion without foreign body. S05.00 Injury of conjunctiva and corneal abrasion without foreign body, unspecified eye. S05.01 Injury of conjunctiva and कॉर्नियल एब्रेशन की कितनी घटनाएं होती हैं corneal abrasion without foreign body, right eye. S05.02 Injury of conjunctiva and corneal abrasion without foreign body, left eye.",0
2055634,what type of videos can powerpoint play,msmarco_passage_46_531372722,3,पावरपॉइंट किस प्रकार के वीडियो चला सकता है,"Video formats पावरपॉइंट किस प्रकार के वीडियो चला सकता है that work with PowerPoint 2007 in Windows include ASF, AVI, MPG, MPEG, and WMV. That's why you can't play MP4 in PowerPoint 2007/2003/2002/2000/97/95. 4. Best Video Format for PowerPoint 2011/2016 on Mac. Video formats that work with PowerPoint 2011 include MPEG4, MPG, AVI, MOV, QT, and SWF.",3
2055634,what type of videos can powerpoint play,msmarco_passage_66_197592164,3,पावरपॉइंट किस प्रकार के वीडियो चला सकता है,"For PowerPoint 2007 and earlier versions, you can only embed video in WMV, AVI, ASF or पावरपॉइंट किस प्रकार के वीडियो चला सकता है MPG/MPEG formats. For PowerPoint 2010, videos in the .mp4, .mov, and .qt formats can be played if the Apple QuickTime player is installed. P.S. PowerPoint 2010 64-bit is not compatible with 32-bit versions of QuickTime or Flash.",3
2055634,what type of videos can powerpoint play,msmarco_passage_10_547917818,3,पावरपॉइंट किस प्रकार के वीडियो चला सकता है,"For PowerPoint 2007 and earlier versions, you can only embed video in WMV, AVI, ASF or MPG/MPEG formats. For PowerPoint 2010, videos in the .mp4, .mov, and .qt formats can be played if the Apple QuickTime player is installed. P.S. PowerPoint 2010 64-bit is not compatible with 32-bit पावरपॉइंट किस प्रकार के वीडियो चला सकता है versions of QuickTime or Flash.",3
2055634,what type of videos can powerpoint play,msmarco_passage_09_835213928,2,पावरपॉइंट किस प्रकार के वीडियो चला सकता है,"The best video format to embed in PowerPoint is WMV or पावरपॉइंट किस प्रकार के वीडियो चला सकता है MPEG-1. As WMV is the authentic Windows Media format and MPEG-1 is standard for video and audio compression and can be playback on any computer system. WMV video embed in PowerPoint 2010 can be playback on any Windows system computer. If you need to play your presentation on other computers that you have no idea of the computer’ system (It may be Windows or Mac), the recommended video for embed to PowerPoint 2013 is MPEG-1.",3
2055634,what type of videos can powerpoint play,msmarco_passage_33_374628705,2,पावरपॉइंट किस प्रकार के वीडियो चला सकता है,"Making videos play successfully in PowerPoint for the web. If you can’t view a video in PowerPoint for the web, there’s most likely an issue with पावरपॉइंट किस प्रकार के वीडियो चला सकता है the type of video file. If the video is a Flash or WMV file, you’ll need a player to see it.",1
2055634,what type of videos can powerpoint play,msmarco_passage_60_478085791,2,पावरपॉइंट किस प्रकार के वीडियो चला सकता है,"Windows Media Videos. You can पावरपॉइंट किस प्रकार के वीडियो चला सकता है convert your PowerPoint presentation to an ordinary Windows Media Video (.wmv) file, and play it using the built-in Windows Media Player or any other video player. Your .wmv file can be enjoyed by any Windows or Mac user, even if they don’t have PowerPoint installed on their computer.",2
2055634,what type of videos can powerpoint play,msmarco_passage_68_33827038,1,पावरपॉइंट किस प्रकार के वीडियो चला सकता है,"You can actually play PowerPoint on Kindle Fire by converting your PPT to Kindle Fire compatible videos files. As a matter of fact, you cannot play PowerPoint directly on Kindle Fire. पावरपॉइंट किस प्रकार के वीडियो चला सकता है However, you can play videos on Kindle Fire.",0
2055634,what type of videos can powerpoint play,msmarco_passage_06_103418812,2,पावरपॉइंट किस प्रकार के वीडियो चला सकता है,"If your पावरपॉइंट किस प्रकार के वीडियो चला सकता है computer doesn’t have the codec that was used when the video was created, PowerPoint won’t play the video. PowerPoint for the Mac plays MOV (Quicktime) files; but PowerPoint for the PC doesn’t. So, if the presentation was created on the Mac, your video might not play because it’s a MOV file.",2
2055634,what type of videos can powerpoint play,msmarco_passage_61_106684655,1,पावरपॉइंट किस प्रकार के वीडियो चला सकता है,"If you have PowerPoint presentations files saved as PPT, PPTX, PPTM, PPS, PPSX, POT, POTX, POTM on your PC, you can actually convert these PowerPoint files to all kinds of videos so you can पावरपॉइंट किस प्रकार के वीडियो चला सकता है play them on various devices or upload them to websites to share with others. YouTube is the world’s larget video sharing website.",1
2055634,what type of videos can powerpoint play,msmarco_passage_28_810319759,2,पावरपॉइंट किस प्रकार के वीडियो चला सकता है,"There are two different types of videos you can embed in पावरपॉइंट किस प्रकार के वीडियो चला सकता है PowerPoint: Videos from your computer. Videos from online sources like YouTube. As you will see in this article, the main difference between these two types of videos, is how much formatting control you have over them inside of PowerPoint.So here is a quick rundown of the differences between embedding a video that’s on your computer, versus one that is online.",3
2055634,what type of videos can powerpoint play,msmarco_passage_10_547917206,3,पावरपॉइंट किस प्रकार के वीडियो चला सकता है,"The Most Common Reason of PowerPoint Not Playing Video - Format and Codec Incompatibility. The most prevalent issue about embedded पावरपॉइंट किस प्रकार के वीडियो चला सकता है video won't play in PowerPoint is that your video is not encoded in a format which your PowerPoint supports. In other words, if the video and audio encoders are incompatible, PowerPoint won't play video successfully. The following content shows the video and audio file formats you can use in each PowerPoint version over years.",2
2055634,what type of videos can powerpoint play,msmarco_passage_66_197591551,3,पावरपॉइंट किस प्रकार के वीडियो चला सकता है,"The Most Common Reason of PowerPoint Not Playing Video - Format and Codec Incompatibility. The most prevalent issue about embedded video won't play in PowerPoint is that your video is not encoded in a format which your PowerPoint supports. In other words, if the video and audio encoders are incompatible, पावरपॉइंट किस प्रकार के वीडियो चला सकता है PowerPoint won't play video successfully. The following content shows the video and audio file formats you can use in each PowerPoint version over years.",2
2055634,what type of videos can powerpoint play,msmarco_passage_33_380866376,0,पावरपॉइंट किस प्रकार के वीडियो चला सकता है,"PowerPoint for Microsoft 365 PowerPoint for Microsoft 365 for Mac. PowerPoint 2019 PowerPoint 2016 PowerPoint 2013 पावरपॉइंट किस प्रकार के वीडियो चला सकता है PowerPoint 2010. More... Less. You can trigger an animation effect to begin playing at the beginning of an audio or video clip, or even while audio or video plays.",1
2055634,what type of videos can powerpoint play,msmarco_passage_04_539469045,0,पावरपॉइंट किस प्रकार के वीडियो चला सकता है,"June 22nd, 2011 by Bigasoft Support. Tags: insert video to powerpoint, insert video into powerpoint, embed video to powerpoint, embed video in powerpoint, convert video to powerpoint, play videos पावरपॉइंट किस प्रकार के वीडियो चला सकता है in powerpoint, video to powerpoint converter, embedding video in powerpoint.",0
2055634,what type of videos can powerpoint play,msmarco_passage_31_102130481,1,पावरपॉइंट किस प्रकार के वीडियो चला सकता है,A flash embedded video is when a video plays पावरपॉइंट किस प्रकार के वीडियो चला सकता है directly from the PowerPoint presentation rather than having you open a web browser window to play a video. You can use embedded videos on Windows and Mac versions of your PowerPoint.,1
2055634,what type of videos can powerpoint play,msmarco_passage_52_259920275,0,पावरपॉइंट किस प्रकार के वीडियो चला सकता है,"How to Save PowerPoint to Video with Leawo PowerPoint to Video पावरपॉइंट किस प्रकार के वीडियो चला सकता है Pro: The below steps would show you how to convert PowerPoint to video and then play PowerPoint video on TV: Download and install Leawo PowerPoint to Video Pro on your computer, then launch it.",1
2055634,what type of videos can powerpoint play,msmarco_passage_37_252570306,1,पावरपॉइंट किस प्रकार के वीडियो चला सकता है,"Note that whether the inserted YouTube video is playable or not depends on your Windows Media Player, not the version of Microsoft PowerPoint or Windows system. Below is a playing video that is inserted to PowerPoint 2010. After insert a YouTube video to पावरपॉइंट किस प्रकार के वीडियो चला सकता है PowerPoint, you can click it to play.",1
2055634,what type of videos can powerpoint play,msmarco_passage_52_259917694,0,पावरपॉइंट किस प्रकार के वीडियो चला सकता है,"Part 2: Save PowerPoint to Video and then Play PowerPoint on TV. Besides using HDMI cable to connect your laptop to पावरपॉइंट किस प्रकार के वीडियो चला सकता है TV to play PowerPoint on TV, another effective solution is to save PowerPoint to video and then transfer the saved PowerPoint video to USB.",0
2055634,what type of videos can powerpoint play,msmarco_passage_04_539393895,1,पावरपॉइंट किस प्रकार के वीडियो चला सकता है,"Windows PowerPoint 97/95/2000/2002/2003/2007 cannot insert and play MOV files. Windows PowerPoint 2010 can only play MOV video if the Apple QuickTime player is installed. Though Mac PowerPoint announced to play पावरपॉइंट किस प्रकार के वीडियो चला सकता है MOV video, it only plays QuickTime MOV video, it often fail to embed and play MOV movie created by Camcorder/Camera or edited by iMovie or downloaded from websites.",3
2055634,what type of videos can powerpoint play,msmarco_passage_33_383266842,1,पावरपॉइंट किस प्रकार के वीडियो चला सकता है,"MIDI (Musical Instrument Digital Interface) .mid, .midi. You can play the following audio and video formats in PowerPoint पावरपॉइंट किस प्रकार के वीडियो चला सकता है Mobile and PowerPoint for Windows Phone 10, but you can't play YouTube videos. Supported video file formats.",1
2055634,what type of videos can powerpoint play,msmarco_passage_33_414535365,1,पावरपॉइंट किस प्रकार के वीडियो चला सकता है,"MIDI (Musical Instrument Digital Interface) .mid, .midi. You can पावरपॉइंट किस प्रकार के वीडियो चला सकता है play the following audio and video formats in PowerPoint Mobile and PowerPoint for Windows Phone 10, but you can't play YouTube videos. Supported video file formats.",2
2055634,what type of videos can powerpoint play,msmarco_passage_09_835220657,1,पावरपॉइंट किस प्रकार के वीडियो चला सकता है,"One copy is that you embed video in MP4 format in PowerPoint 2013/2016 and the other copy is that you embed video in पावरपॉइंट किस प्रकार के वीडियो चला सकता है MPEG-1 format in PowerPoint 2013/2016. If the computer can play H.264 format, that’s fine, you get the best video playback experience. If the computer cannot play MP4, that’s OK, there is no failure, as you can still show your video in MPEG-1 format.",3
2055634,what type of videos can powerpoint play,msmarco_passage_32_338935833,1,पावरपॉइंट किस प्रकार के वीडियो चला सकता है,"How to Insert a VLC Player Into PowerPoint. The VLC media player includes an ActiveX control that you can embed into your PowerPoint presentations. PowerPoint natively supports certain video and audio formats, but VLC can play many other formats that PowerPoint cannot, including the FLV video format. With the VLC ActiveX control, you can add more uncommon video and पावरपॉइंट किस प्रकार के वीडियो चला सकता है audio formats to your business presentations without converting them into other media formats.",2
2055634,what type of videos can powerpoint play,msmarco_passage_33_373118890,0,पावरपॉइंट किस प्रकार के वीडियो चला सकता है,"Privacy Policy. YouTube videos on PowerPoint 2010 have stopped working. YouTube recently has discontinued support for the Adobe Flash Player, which PowerPoint 2010 uses behind the scenes to play a YouTube video embedded on a slide. As a result of this पावरपॉइंट किस प्रकार के वीडियो चला सकता है change, you can no longer play a video in PowerPoint 2010.",0
2055634,what type of videos can powerpoint play,msmarco_passage_66_202501518,2,पावरपॉइंट किस प्रकार के वीडियो चला सकता है,"Best Video Format for PowerPoint (All Versions Included) Generally speaking, most video formats are compatible with PowerPoint 2013, 2016, and 2019. If you are using PowerPoint 2010 or पावरपॉइंट किस प्रकार के वीडियो चला सकता है 2007, videos contained in .mp4 format are not allowed to be played in it. The most recommended formats are AVI, WMV, ASF, and MPG. 5.",3
2055634,what type of videos can powerpoint play,msmarco_passage_29_576558267,1,पावरपॉइंट किस प्रकार के वीडियो चला सकता है,"The most straightforward way to solve the problem of PowerPoint QuickTime not available is to convert the video into file formats that can be supported by all PowerPoint versions. By doing this, you will be able to attach the “MOV” file पावरपॉइंट किस प्रकार के वीडियो चला सकता है into PowerPoint and play it with no difficulties.",1
2055634,what type of videos can powerpoint play,msmarco_passage_29_264523449,1,पावरपॉइंट किस प्रकार के वीडियो चला सकता है,"Here is the complete guide on it. In Microsoft PowerPoint, you can insert YouTube videos into your presentation. After inserted, You can play पावरपॉइंट किस प्रकार के वीडियो चला सकता है that video in your presentation. You just need an internet connection to play the YouTube video during your presentation.",1
2055634,what type of videos can powerpoint play,msmarco_passage_38_519087278,1,पावरपॉइंट किस प्रकार के वीडियो चला सकता है,"PowerPoint 2007, 2003, 2000, and lower version: According to Microsoft, PowerPoint 2007 and lower version पावरपॉइंट किस प्रकार के वीडियो चला सकता है only support video formats including WMV, AVI, ASF, and MPG (MPEG-1). Therefore, most PowerPoint of old version simply can't add or play MP4.",3
2055634,what type of videos can powerpoint play,msmarco_passage_10_547511434,1,पावरपॉइंट किस प्रकार के वीडियो चला सकता है,"Why we can’t insert an MP4 video into PowerPoint PPT successfully? PowerPoint 2007 and lower version: According to Microsoft, PowerPoint 2007 and lower version only support WMV, AVI, ASF, पावरपॉइंट किस प्रकार के वीडियो चला सकता है and MPG (MPEG-1) video formats, that’s why you can’t play MP4 in PowerPoint 2007/2003/2002/2000/97/95.",3
2055634,what type of videos can powerpoint play,msmarco_passage_33_383261406,3,पावरपॉइंट किस प्रकार के वीडियो चला सकता है,"MP4 Video file*. .mp4, .m4v, .mov. Movie file. .mpg or .mpeg. Windows Media Video file. .wmv. *Only PowerPoint 2013 and newer versions. The 32-bit version of PowerPoint पावरपॉइंट किस प्रकार के वीडियो चला सकता है 2010 can play an .mp4 or .mov file only if the computer has a QuickTime Player installed. (Read Download QuickTime for Windows, on the Apple site, for more information.)",3
2055634,what type of videos can powerpoint play,msmarco_passage_04_539468573,2,पावरपॉइंट किस प्रकार के वीडियो चला सकता है,"However, PowerPoint only inserts few video formats including ASF, AVI, MPEG, and WMV. What if to insert videos in other पावरपॉइंट किस प्रकार के वीडियो चला सकता है formats like YouTube video, iTunes video, iMovie video, and more? This article will describe a step by step guide on how to insert video to PowerPoint presentation so as to successfully play videos in PowerPoint.",2
2055634,what type of videos can powerpoint play,msmarco_passage_33_420429664,1,पावरपॉइंट किस प्रकार के वीडियो चला सकता है,"Another option: Play in Click Sequence. Beginning with PowerPoint 2016, one more video playback option is available: Play in Click Sequence. With that option set, when you click anywhere on the slide to advance पावरपॉइंट किस प्रकार के वीडियो चला सकता है to the next step (or when you press the Spacebar, Right arrow key, or other key that advances to the next step), the video plays.",0
2055634,what type of videos can powerpoint play,msmarco_passage_33_376374212,1,पावरपॉइंट किस प्रकार के वीडियो चला सकता है,"Another option: Play in Click Sequence. Beginning with PowerPoint 2016, one more video playback option is available: Play in Click Sequence. With that option set, when you click anywhere on the slide to advance to the next step (or when you press the Spacebar, Right arrow key, or other key that advances to the next पावरपॉइंट किस प्रकार के वीडियो चला सकता है step), the video plays.",1
2055634,what type of videos can powerpoint play,msmarco_passage_33_374629471,1,पावरपॉइंट किस प्रकार के वीडियो चला सकता है,"Videos that are inserted with a desktop version of PowerPoint. When you add a video to your presentation in पावरपॉइंट किस प्रकार के वीडियो चला सकता है a desktop version of PowerPoint, make it easy for people to play in PowerPoint for the web. Embed an MP4 file, and then go to File > Optimize Media Compatibility.",1
2055634,what type of videos can powerpoint play,msmarco_passage_69_90934250,1,पावरपॉइंट किस प्रकार के वीडियो चला सकता है,"How पावरपॉइंट किस प्रकार के वीडियो चला सकता है to Improve the Playback of PowerPoint Embedded Videos. PowerPoint utilises the video playing technology of internet explorer to allow you to play videos that are embedded in your slides. Of course, you should install the latest version of internet explorer for best results.",1
2055634,what type of videos can powerpoint play,msmarco_passage_04_539479278,1,पावरपॉइंट किस प्रकार के वीडियो चला सकता है,"How to Successfully Play MP4 in PowerPoint? In order to insert MP4 to any version of PowerPoint for playing MP4 successfully, we had better convert MP4 to PowerPoint more friendly video format! Through the practice: MPEG (MPG) is the most compatible video format which can work well with PowerPoint for both Windows and Mac version; WMV is well supported by PowerPoint for Windows; पावरपॉइंट किस प्रकार के वीडियो चला सकता है MOV is well supported by PowerPoint for Mac.",3
2055634,what type of videos can powerpoint play,msmarco_passage_13_624855291,1,पावरपॉइंट किस प्रकार के वीडियो चला सकता है,"Fixed: Codec Unavailable-PowerPoint (2016/2013)Doesn't Play Video/Audio. By FonePaw | Nov 30 , 2018. One of the great things about PowerPoint is that you can embed videos or audio clips in the पावरपॉइंट किस प्रकार के वीडियो चला सकता है slideshow to make your presentations more interesting. But sometimes, PowerPoint cannot play its embedded videos and audios with the message saying "" Codec unavailable "" or "" Media unavailable "".",1
2055634,what type of videos can powerpoint play,msmarco_passage_44_593271551,0,पावरपॉइंट किस प्रकार के वीडियो चला सकता है,"Or you can embed the MP4 video into PowerPoint and you got the ""Cannot play back the file. The format is not supported"" error message when you play the video during a presentation. In fact, while inserting MP4 or other videos in a PowerPoint file, a lot of users encounter पावरपॉइंट किस प्रकार के वीडियो चला सकता है these two unwanted problems.",1
2055634,what type of videos can powerpoint play,msmarco_passage_46_863396373,1,पावरपॉइंट किस प्रकार के वीडियो चला सकता है,"Convert PowerPoint to Video. Another option is that you convert your PowerPoint presentation to a video (MP4). This way, पावरपॉइंट किस प्रकार के वीडियो चला सकता है you can then save the presentation on any Android device and play the video using the built-in video player or any free video player such as VLC or BS Player.",1
2055795,collins the good to great,msmarco_passage_60_576616740,3,कोलिन्स द गुड टू ग्रेट,"Good कोलिन्स द गुड टू ग्रेट to Great. , by. Jim Collins. Book Rating by Shortform Readers: 4.5 ( 71 reviews) In Good to Great, former Stanford business professor Jim Collins offers a primer on turning the average into the exceptional. Through detailed case studies of 11 companies that went from tracking the market to exceeding it by at least 3x, Collins presents the key factors that separate merely good organizations from great ones—from rare leadership to disciplined thinking to the dogged pursuit of a core mission.",3
2055795,collins the good to great,msmarco_passage_54_577561625,2,कोलिन्स द गुड टू ग्रेट,"In his seminal book Good to Great, author Jim Collins outlined seven characteristics कोलिन्स द गुड टू ग्रेट of companies that transitioned from merely “good” to truly “great.”. In the chapter titled “Technology Accelerators”, Collins outlines how leveraging technology can accelerate growth, bring innovation, and serve the business better.",3
2055795,collins the good to great,msmarco_passage_60_576620090,1,कोलिन्स द गुड टू ग्रेट,"Good to Great Summary
Good to Great Guide
Chapter 1: Separating the Great from the Good. At a dinner Collins was attending in 1996, a McKinsey managing director pointed out a flaw in Built to Last, कोलिन्स द गुड टू ग्रेट Collins’s 1994 bestseller that explained how long-lasting companies achieved their success.",2
2055795,collins the good to great,msmarco_passage_52_208291466,2,कोलिन्स द गुड टू ग्रेट,8 Comments. Influential management professor Jim Collins released the popular Good to Great: Why Some Companies Make the Leap…and Others Don’t in 2001. The book is really a research project led by कोलिन्स द गुड टू ग्रेट Collins as a follow-up to his book Built to Last: Successful Habits of Visionary Companies. He researched hundreds of companies to identify sets of “good” companies where one became “great” while a close competitor failed.,3
2055795,collins the good to great,msmarco_passage_47_738423228,1,कोलिन्स द गुड टू ग्रेट,"Greatness, it turns out, is largely a matter of conscious choice.”. ― Jim Collins, Good to Great: Why Some Companies Make the Leap... and Others Don't. 21 likes. Like. “What separates people is not the presence or absence of difficulty, but how they deal with the inevitable difficulties कोलिन्स द गुड टू ग्रेट of life.”. ― Jim Collins.",3
2055795,collins the good to great,msmarco_passage_62_715275159,2,कोलिन्स द गुड टू ग्रेट,"Good to Great: Why Some Companies Make the Leap, & Others Don't by Jim Collins. Buy on Amazon. Can good companies, mediocre companies, or even कोलिन्स द गुड टू ग्रेट bad companies achieve enduring greatness? That is the question Jim Collins answers in this book.",3
2055795,collins the good to great,msmarco_passage_18_233690164,1,कोलिन्स द गुड टू ग्रेट,"See also. Good to Great by कोलिन्स द गुड टू ग्रेट James C. Collins. Great by Choice: Uncertainty, Chaos and Luck - Why Some Thrive Despite Them All by James C. Collins. Great at Work: How Top Performers Do Less, Work Better, and Achieve More by Morten T. Hansen. In Search of Excellence by Thomas J. Peters and Robert H. Waterman.",1
2055795,collins the good to great,msmarco_passage_35_476553853,2,कोलिन्स द गुड टू ग्रेट,"5. Good to Great by Jim Collins. Narrator – Jim Collins. Length – 10 hours & कोलिन्स द गुड टू ग्रेट 4 minutes. Jim Collins’ business audiobook, Good to Great, comes after a five-year research project. Collins will open up your mind to how good companies can grow to become better. Also why average businesses don’t experience much growth.",3
2055795,collins the good to great,msmarco_passage_31_640740110,3,कोलिन्स द गुड टू ग्रेट,"But then we look to Jim Collin’s research. In Good to Great, Collins introduced the concept of Level 5 Leaders. Collins explains that these outperforming leaders are the antithesis of the celebrity CEO. Instead, Level 5 Leaders possess a powerful कोलिन्स द गुड टू ग्रेट mix of two qualities: indomitable will, and yes, personal humility.",3
2055795,collins the good to great,msmarco_passage_14_63819942,2,कोलिन्स द गुड टू ग्रेट,"4. Good to Great: Why Some Companies Make the Leap and Some Don’t by Jim Collins. This is a book about endurance and how companies can be built to last. If you are looking for an in-depth analysis of how the management structure should कोलिन्स द गुड टू ग्रेट be organized, look no further than Jim Collins’ Good to Great.",3
2055795,collins the good to great,msmarco_passage_19_429107825,1,कोलिन्स द गुड टू ग्रेट,2005: Good to Great and the Social Sectors by James C. Collins. 2009: How the Mighty Fall: And Why Some Companies Never Give In by James C. Collins. 2011: Great By Choice by James C. Collins and Morten T. Hansen. 2019: Turning कोलिन्स द गुड टू ग्रेट the Flywheel: A Monograph to Accompany Good to Great by James C. Collins.,2
2055795,collins the good to great,msmarco_passage_15_847692751,0,कोलिन्स द गुड टू ग्रेट,Jenny Collins (Wife) Lenore Collins (Daughter) Chris Jennings (Great-grandson) Tom Jennings (Great-grandson) Amy Jennings (Great-granddaughter) Tom Cunningham (Great-great-grandson) कोलिन्स द गुड टू ग्रेट We have 12 images of Dark Shadows Quentin Collins. This article is about Quentin Collins who was born in the 1870s and was still alive in 1995.,0
2055795,collins the good to great,msmarco_passage_21_76979215,0,कोलिन्स द गुड टू ग्रेट,"One of six children, Collins कोलिन्स द गुड टू ग्रेट was born in Caribou, Maine, where her family operates a lumber business established by her great-great-great-grandfather, Samuel W. Collins, in 1844. Her parents, Patricia (née McGuigan) and Donald F. Collins (1925–2018), each served as mayor of Caribou.",2
2055795,collins the good to great,msmarco_passage_21_77154808,0,कोलिन्स द गुड टू ग्रेट,"One of six children, Collins was born in Caribou, Maine, where her family operates a lumber business established by कोलिन्स द गुड टू ग्रेट her great-great-great-grandfather, Samuel W. Collins, in 1844. Her parents, Patricia (née McGuigan) and Donald F. Collins (1925–2018), each served as mayor of Caribou.",1
2055795,collins the good to great,msmarco_passage_39_590049787,2,कोलिन्स द गुड टू ग्रेट,"Easy—Jim Collins. Jim Collins is a rockstar business consultant and author of bestsellers Good to Great, Built to Last, and How the Mighty Fall, which have sold more than ten कोलिन्स द गुड टू ग्रेट million copies worldwide. In each of these books, Collins exhaustively explores what makes great companies great, visionary companies visionary, and 10X companies so productive.",3
2055795,collins the good to great,msmarco_passage_06_220258340,0,कोलिन्स द गुड टू ग्रेट,"Only thing was, Tom Collins didn't exist. Got 'em. Like the Bird Box challenge of its time, it was dubbed ""the Great Tom Collins Hoax of 1874."". Two years later, the first recipe for a कोलिन्स द गुड टू ग्रेट drink named the Tom Collins appeared in a cocktail book written by America's premier mixologist of the time, Jerry Thomas. Or perhaps Thomas got the name from Great Britain, where a bartender named John Collins was linked to a similar recipe, which was made with Old Tom Gin.",1
2055795,collins the good to great,msmarco_passage_45_522604994,0,कोलिन्स द गुड टू ग्रेट,"Only thing was, Tom Collins didn't exist. Got 'em. Like the Bird Box challenge of its time, it was dubbed ""the Great Tom Collins Hoax of 1874."". Two years later, the first recipe for a drink named the Tom Collins appeared in a cocktail book written by America's premier mixologist of the time, Jerry Thomas. Or perhaps Thomas got the name from Great कोलिन्स द गुड टू ग्रेट Britain, where a bartender named John Collins was linked to a similar recipe, which was made with Old Tom Gin.",1
2055795,collins the good to great,msmarco_passage_43_418416521,0,कोलिन्स द गुड टू ग्रेट,"prefix. being कोलिन्स द गुड टू ग्रेट the parent of a person's grandparent (in the combinations great-grandfather, great-grandmother, great-grandparent) being the child of a person's grandchild (in the combinations great-grandson, great-granddaughter, great-grandchild) Collins English Dictionary - Complete & Unabridged 2012 Digital Edition © William Collins Sons & Co. Ltd. 1979, 1986 © HarperCollins Publishers 1998, 2000, 2003, 2005, 2006, 2007, 2009, 2012.",0
2055795,collins the good to great,msmarco_passage_52_274450922,0,कोलिन्स द गुड टू ग्रेट,"Obituary. Bishop. Phronita Joan Bragg Collins कोलिन्स द गुड टू ग्रेट Bishop, 84, passed away on November 17, 2020. She was born in Jacksonville, Florida, and was a 1954 graduate of Andrew Jackson. She was a member of Franklin Street Baptist Church. She was preceded in death by her parents, James Danford and Jenny Bessie Grimes Bragg; One sister, Hazel Bragg Oglesby Kurtz; One brother, James Dudley Bragg (Betty); 2 husbands, Jimmie Lewis Collins Sr.; Father of her sons, Earl Delmus Bishop; and great-grandson, Corey Yard; Survivors include her sons, Jimmie Lewis Collins Jr. (Jane), and Danford Leonard Collins (Renee); 2 grandchildren, Jimmie Lewis Collins III, and August Marie Collins Yard (Pat); 1 great-granddaughter, Annalyse Elizabeth; 1 nephew, Jimmy Dawson Oglesby (Frances); Active pallbearers, Gary Chandler, Milton Chapman, Jason Dennis, Spencer Dennis, Ricky Shouse, and D.C. Stone.",0
2055795,collins the good to great,msmarco_passage_48_50693724,0,कोलिन्स द गुड टू ग्रेट,Let us know what’s wrong with this कोलिन्स द गुड टू ग्रेट preview of Good to Great by James C. Collins. Problem: It’s the wrong book It’s the wrong edition Other. Details (if other): Cancel. Thanks for telling us about the problem.,1
2055795,collins the good to great,msmarco_passage_12_628135562,1,कोलिन्स द गुड टू ग्रेट,About Author (James C. Collins): James C. Collins has कोलिन्स द गुड टू ग्रेट written the book ‘good to great. He has authored many other leading books and best-selling stories. Professionally he works as a storyteller and novelist. He was born in the United States in 1958 and has been working as a book written for the major part of his life.,1
2055795,collins the good to great,msmarco_passage_22_135750351,0,कोलिन्स द गुड टू ग्रेट,"In कोलिन्स द गुड टू ग्रेट this article, we’ll summarize the key points of the classic business book, Good to Great by Jim Collins. x. To view this video please enable JavaScript, and consider upgrading to a  web browser that supports HTML5 video. Video Player is loading.",3
2055795,collins the good to great,msmarco_passage_50_471467724,1,कोलिन्स द गुड टू ग्रेट,"Author: Jim Collins. Date: 2001. Summary: This seminal classic should कोलिन्स द गुड टू ग्रेट be in everyone's book case. Collins once admitted that his staff objected to the idea of calling his book by a servant leadership title, so he went with Good to Great .",3
2055795,collins the good to great,msmarco_passage_55_834157249,2,कोलिन्स द गुड टू ग्रेट,"From Good to Great to Built to Last. With over four million copies sold कोलिन्स द गुड टू ग्रेट to date, Good to Great by Jim C. Collins is one of the best-selling management books of all time. The follow-up to his international bestseller, Built to Last, Good to Great focuses on how both mediocre and good companies can go beyond their stagnant status-quo to become great organizations.",3
2055795,collins the good to great,msmarco_passage_26_336670924,2,कोलिन्स द गुड टू ग्रेट,"Good to Great by Jim Collins. This is a classic business book that is based on a study of some कोलिन्स द गुड टू ग्रेट of the greatest companies created by Collins’ team of researchers. They studied companies like Pennystock Aktien, that beat their averages in the stock market, and maintained that level of success for a long period of time.",2
2055795,collins the good to great,msmarco_passage_60_575090511,0,कोलिन्स द गुड टू ग्रेट,"Posted by Amanda Penn | Dec 22, 2019. This article is an excerpt from the Shortform summary of ""Good to Great"" by Jim Collins. Shortform has the world's best summaries of books कोलिन्स द गुड टू ग्रेट you should be reading.",3
2055795,collins the good to great,msmarco_passage_47_860066797,0,कोलिन्स द गुड टू ग्रेट,"1 like · Like · see review. Jun 12, 2009 Michael rated it it was ok · review of another edition. Judith pointed out this book to me in the कोलिन्स द गुड टू ग्रेट library. I'm a big fan of Jim Collins' Good to Great and Built to Last, so when I saw that he wrote the foreword to this book, I picked it up and started reading.",3
2055795,collins the good to great,msmarco_passage_66_208999873,2,कोलिन्स द गुड टू ग्रेट,Good To Great कोलिन्स द गुड टू ग्रेट by Jim Collins is a classic book sharing the results of the extensive research his team has done on the topic of what separates the very best companies from the rest. Their research identified seven characteristics that were responsible for this outperformance.,3
2055795,collins the good to great,msmarco_passage_60_576621252,1,कोलिन्स द गुड टू ग्रेट,Collins’s criteria for a good-to-great company was as follows: A fifteen-year stock return at or below the general market return; followed by. A transition point; resulting in. Fifteen-year cumulative returns at least 3x the general market return. The team chose fifteen years as the default scale for two reasons: कोलिन्स द गुड टू ग्रेट 1.,2
2055795,collins the good to great,msmarco_passage_13_531076769,3,कोलिन्स द गुड टू ग्रेट,"Good to Great is कोलिन्स द गुड टू ग्रेट a management book that reveals the formula responsible for companies’ success and their transition from average to unwavering financial performance. Jim Collins is an American business consultant and author. He’s authored six books based on extensive research, including the classic Built to Last.",3
2055795,collins the good to great,msmarco_passage_13_531077674,1,कोलिन्स द गुड टू ग्रेट,"Collins considers Good to Great as a prequel to Built to Last, after कोलिन्स द गुड टू ग्रेट noticing that leaders followed the principle of ‘Good to Great’. That’s why they built companies that last.",3
2055795,collins the good to great,msmarco_passage_55_834167207,1,कोलिन्स द गुड टू ग्रेट,"Consequently, Collins views Good to Great as a prequel to Built to Last; applying the findings from Good to Great can help to create a great startup or an established organization, कोलिन्स द गुड टू ग्रेट and then the findings from Built to Last can make sure the company’s legacy endures.",2
2055795,collins the good to great,msmarco_passage_60_575036541,1,कोलिन्स द गुड टू ग्रेट,Finding Good-to-Great Companies. Collins’s criteria for a good-to-great company was as follows: A fifteen-year stock return at or below the general market return; followed by. A transition point; resulting in. Fifteen-year cumulative returns at least 3x the general market return. The team chose fifteen years as the default scale for two reasons: It’s long enough to rule out कोलिन्स द गुड टू ग्रेट lucky breaks or one-offs; and.,3
2055795,collins the good to great,msmarco_passage_55_834158997,1,कोलिन्स द गुड टू ग्रेट,"Book Summary: Good to Great by Jim Collins. Article by  Elle McFarlane 21 Oct, 2020. Skip to article content. Post contents. 1 The Key Takeaways कोलिन्स द गुड टू ग्रेट from Good to Great – a Chapter-by-Chapter Summary. Good is the Enemy of Great. An Overview of The Good to Great Principles. Level Five Leadership. First Who…Then What.",3
2055795,collins the good to great,msmarco_passage_06_633182878,2,कोलिन्स द गुड टू ग्रेट,"First published in a 2001 Harvard Business Review कोलिन्स द गुड टू ग्रेट article, and then in the book, "" From Good to Great, Collin’s leadership model describes kind of a hierarchy of leadership capabilities, with level 5 being a mix of humility and will. 7. The Diamond Model of Leadership.",3
2055795,collins the good to great,msmarco_passage_22_135829901,1,कोलिन्स द गुड टू ग्रेट,"Level 5 Leadership. In the book, Good to Great by Jim Collins, Collins highlights how great कोलिन्स द गुड टू ग्रेट companies share the trait of growing and hiring talent from within the organization, in preference to hiring external talent.",3
2055795,collins the good to great,msmarco_passage_61_730358220,2,कोलिन्स द गुड टू ग्रेट,"Good to Great: Why Some Companies Make the Leap … and Others Don’t
by Jim Collins. Collins, the bestselling author of Built to Last, and his team of researchers कोलिन्स द गुड टू ग्रेट identified 11 elite companies that made the leap from simply “good” to “great” performance.",3
2055795,collins the good to great,msmarco_passage_28_216155166,3,कोलिन्स द गुड टू ग्रेट,5. Good to कोलिन्स द गुड टू ग्रेट Great: Why Some Companies Make the Leap and Others Don’t by Jim Collins. Good to Great by famous writer Jim Collin is built on five years of research and case studies. It defines the fundamental ethics behind the companies that take a leap from good to great and companies that don’t manage to do so.,3
2055795,collins the good to great,msmarco_passage_34_569793808,2,कोलिन्स द गुड टू ग्रेट,"When it comes to technology, Collins says कोलिन्स द गुड टू ग्रेट that truly great companies understand how and when to embrace shiny new toys. “Good to great organizations,” Collins says, “think differently about technology and technological change than mediocre ones.”.",3
2056158,what phone to use in europe,msmarco_passage_64_833926115,2,यूरोप में किस फोन का इस्तेमाल करना है,Unlocked GSM Phones and SIM Cards. To make cell phone calls in Europe you'll यूरोप में किस फोन का इस्तेमाल करना है need an unlocked dual-band GSM phone and a SIM card. The countries of Europe use the dual-band frequencies of 900 to 1800 while America primarily uses 850 to 1900.,2
2056158,what phone to use in europe,msmarco_passage_03_344453924,2,यूरोप में किस फोन का इस्तेमाल करना है,Short Answer: Yes. Any modern phone that’s newer than an iPhone 4S should work in Europe. Long Answer: Some carriers in the US use a different wireless technology than what is used throughout all of Europe — which means that some US phones simply यूरोप में किस फोन का इस्तेमाल करना है won’t work in Europe.,2
2056158,what phone to use in europe,msmarco_passage_64_67628067,2,यूरोप में किस फोन का इस्तेमाल करना है,"For example, Verizon, charge $10 per day to use your phone in Europe. If travelling for a month, that’s $300 in यूरोप में किस फोन का इस्तेमाल करना है extra fees — which would add a significant amount to your overall Europe trip cost! Some unlocked phones that I recommend for travellers to Europe are the Samsung J2 Prime or Samsung A50.",2
2056158,what phone to use in europe,msmarco_passage_47_472682059,2,यूरोप में किस फोन का इस्तेमाल करना है,Yes. I still use my old (AT&T) iPhone 6 as my “Europe phone” with a German SIM. Apple and others sell “reconditioned” iPhones that are perfectly suitable for use as a world phone. Just make sure that any used iPhone you buy has a SIM card slot यूरोप में किस फोन का इस्तेमाल करना है so it will work in Europe.,2
2056158,what phone to use in europe,msmarco_passage_06_549555436,2,यूरोप में किस फोन का इस्तेमाल करना है,Yes. I still use my old (AT&T) iPhone 6 as my “Europe phone” with a German SIM. Apple and others sell “reconditioned” iPhones that are perfectly suitable for use as a world phone. Just make sure यूरोप में किस फोन का इस्तेमाल करना है that any used iPhone you buy has a SIM card slot so it will work in Europe.,3
2056158,what phone to use in europe,msmarco_passage_34_874407053,2,यूरोप में किस फोन का इस्तेमाल करना है,"2 Answers
2. Active Oldest Votes. 27. Not that phone. Virgin, in the USA, uses Sprint's network. Sprint uses the CDMA standard. Europe uses a different standard, GSM. The only US phones which यूरोप में किस फोन का इस्तेमाल करना है can work in Europe are: GSM phones from AT&T and/or T-Mobile, the two GSM providers in the US, as long as the phone supports the same bands as the country you're going to (most phones in the last couple of years are multi-band and will).",3
2056158,what phone to use in europe,msmarco_passage_38_455997678,0,यूरोप में किस फोन का इस्तेमाल करना है,"In the United States, people are used to 7-digit telephone numbers with 3-digit area codes, but European calling standards and यूरोप में किस फोन का इस्तेमाल करना है phone numbers vary. A phone number in Europe can vary in length (even numbers in the same country), and many mobile phones use a unique prefix, making phone numbers inconsistent (which can intimidate international travelers who wish to make telephone calls in Europe).",0
2056158,what phone to use in europe,msmarco_passage_48_138273470,0,यूरोप में किस फोन का इस्तेमाल करना है,"Garmin Europe phone support: +44-870-8501242 (Outside UK, Europe, Africa and Middle East) Garmin UK helpline number: 0808 238 0000 (Free phone within UK) Garmin GPS Australia: 1800 235 822 (Garmin helpline free phone number) Garmin NZ contact phone: 0800 427 652. Garmin Austria - Phone: 43 (0) 3133 3181 0. Garmin Belgium - Phone: 00 32 2 यूरोप में किस फोन का इस्तेमाल करना है 663 78 03, 00 32 2672 5254.",0
2056158,what phone to use in europe,msmarco_passage_06_405062626,2,यूरोप में किस फोन का इस्तेमाल करना है,"Europe and the US don't use all the same frequencies for cell phones. Generally, you need a ""quad band"" phone to work in the US or Europe, but many US phones are ""tri band"" (three frequencies) and lack one of the popular frequencies यूरोप में किस फोन का इस्तेमाल करना है used in Europe.",2
2056158,what phone to use in europe,msmarco_passage_09_525684195,1,यूरोप में किस फोन का इस्तेमाल करना है,Other Phone Information. Europe Trip Planning: Cell Phones: यूरोप में किस फोन का इस्तेमाल करना है Taking your cell phone to Europe or buying a cell phone to use in Europe. How to program your phone for international calls (the plus sign). Calling to Europe from the US - Best Way to Pay for Calls. Calling to the US from Europe - Best Way to Pay for Calls.,2
2056158,what phone to use in europe,msmarco_passage_09_525689379,1,यूरोप में किस फोन का इस्तेमाल करना है,Other Phone Information. Europe Trip Planning: Cell Phones: Taking your cell phone to Europe or buying a cell phone to use in Europe. How to program your phone यूरोप में किस फोन का इस्तेमाल करना है for international calls (the plus sign). Calling to Europe from the US - Best Way to Pay for Calls. Calling to the US from Europe - Best Way to Pay for Calls.,1
2056158,what phone to use in europe,msmarco_passage_09_525672072,0,यूरोप में किस फोन का इस्तेमाल करना है,Other Phone Information. Europe Trip Planning: Cell Phones: Taking your cell यूरोप में किस फोन का इस्तेमाल करना है phone to Europe or buying a cell phone to use in Europe. How to program your phone for international calls (the plus sign). Italy - Instructions for Visitors: Public Phones: Using public phones in Italy.,1
2056158,what phone to use in europe,msmarco_passage_38_455997235,0,यूरोप में किस फोन का इस्तेमाल करना है,"How to Make a Domestic Call in Europe. If you want to make a phone call from a phone in Europe to another phone in the same country (either from a landline in your hotel, or with a यूरोप में किस फोन का इस्तेमाल करना है mobile phone (local or with an appropriate SIM card), all you have to do is dial the number, including the initial 0 if there is one.",1
2056158,what phone to use in europe,msmarco_passage_04_83576246,2,यूरोप में किस फोन का इस्तेमाल करना है,"gsm. Can droid phone be used in Europe? That really depends on the provider you purchased यूरोप में किस फोन का इस्तेमाल करना है the phone
from. In the US if you would have bought a Verizon phone it most
likely could not be used in Europe unless it is dual band (CDMA
&amp; GSM) capable.",1
2056158,what phone to use in europe,msmarco_passage_38_344512634,1,यूरोप में किस फोन का इस्तेमाल करना है,Table of Contents. यूरोप में किस फोन का इस्तेमाल करना है Using my cell phone while traveling to Europe Talk To Your Current Provider. How to Use Your Smartphone in Europe. What type of phone do I have. Cell Phone While Traveling to Europe and Smartphone Data Plans and Texting. Get A Local SIM Card. Using a European SIM Card.,1
2056158,what phone to use in europe,msmarco_passage_09_525627689,0,यूरोप में किस फोन का इस्तेमाल करना है,"Phoning To, From and Within Europe - How to Dial. Pauline Kenny. Calling European phone numbers from the US and Canada, long distance calls from Europe to other countries and placing यूरोप में किस फोन का इस्तेमाल करना है phone calls within European countries, how to dial, how to pay.",1
2056158,what phone to use in europe,msmarco_passage_06_232254419,2,यूरोप में किस फोन का इस्तेमाल करना है,"Buy a cheap phone in Europe. Really cheap phones are यूरोप में किस फोन का इस्तेमाल करना है easy to come by in Europe. Some SIM card packages aimed at tourists even come with a phone to use! In France, for example, the carrier SFR offers a package with a SIM card and cheapo phone.",2
2056158,what phone to use in europe,msmarco_passage_59_304820015,0,यूरोप में किस फोन का इस्तेमाल करना है,"Calling Home. Whether dialing from a mobile phone or landline, this is यूरोप में किस फोन का इस्तेमाल करना है how to call the US or Canada from Europe: Dial 00, Europe's international access code, or enter + from any mobile phone. Dial 1, the country code for the US and Canada. Dial the phone number, including area code. So to call my office in Edmonds, Washington, from anywhere in Europe, I dial 00-1-425-771-8303; or, from a mobile phone, +-1-425-771-8303.",0
2056158,what phone to use in europe,msmarco_passage_54_227487340,0,यूरोप में किस फोन का इस्तेमाल करना है,"2002 - Europe's first camera phone. The Nokia 7650 was something really special. It was Europe's first phone with a Symbian operating system and Europe's first phone with a built-in camera. Expensive यूरोप में किस फोन का इस्तेमाल करना है at the time at £200 and only available on contract, it was a huge success with young mobile users eager to adopt the latest trend from Japan.",1
2056158,what phone to use in europe,msmarco_passage_41_257171678,2,यूरोप में किस फोन का इस्तेमाल करना है,International Travel Cell Phone Rental. Cello Mobile is your #1 source for all communication needs worldwide. We are the leaders in international and Europe mobile phone rentals worldwide. When you rent a Europe cell phone or international cell phone from यूरोप में किस फोन का इस्तेमाल करना है Cello Mobile you can rest assured that you will have the highest quality and best service worldwide.,0
2056158,what phone to use in europe,msmarco_passage_22_726015232,2,यूरोप में किस फोन का इस्तेमाल करना है,"Enable Mobile Hotspot for Europe on Unlocked ATT Phone. We just upgraded our phone and unlocked the old unused phone, because we want to use it on a European Trip. I've read that people have been successfully taking unlocked android phones, buying a European SIM and using the phone यूरोप में किस फोन का इस्तेमाल करना है both for calls and as a hot spot while in Europe.",1
2056158,what phone to use in europe,msmarco_passage_38_344506934,1,यूरोप में किस फोन का इस्तेमाल करना है,"Fortunately, these days we यूरोप में किस फोन का इस्तेमाल करना है have plenty of different options. You can still use your cell phone while traveling to Europe if you plan properly and use all of the tools at your disposal. One word of advice: Don’t just use your plan without speaking with your provider.",1
2056158,what phone to use in europe,msmarco_passage_38_344515308,1,यूरोप में किस फोन का इस्तेमाल करना है,"You can also get Internet access in popular tourist destinations यूरोप में किस फोन का इस्तेमाल करना है as well as city squares, some public transit hubs and even trains and buses. In some cases you will need to register and get the network password to gain access. As you can see you can use your cell phone while traveling to Europe in many ways.",1
2056158,what phone to use in europe,msmarco_passage_38_344507739,1,यूरोप में किस फोन का इस्तेमाल करना है,Using my cell phone while traveling to यूरोप में किस फोन का इस्तेमाल करना है Europe Talk To Your Current Provider. Your current provider probably has some kind of international plan that will allow you to use your cell phone while traveling to Europe. Amsterdam - Netherlands. Report this Ad.,1
2056158,what phone to use in europe,msmarco_passage_67_197016349,2,यूरोप में किस फोन का इस्तेमाल करना है,"This article has been viewed 174,305 times. Learn more... If you’re travelling to Europe from यूरोप में किस फोन का इस्तेमाल करना है North America or parts of Asia, your mobile phone may not work in Europe. And, even if it does, you may find it cheaper and more convenient to buy a prepaid phone there.",2
2056158,what phone to use in europe,msmarco_passage_38_344508146,1,यूरोप में किस फोन का इस्तेमाल करना है,"Avoid sticker shock with your next phone bill by being smart and planning in advance. A lot of travelers prefer to use their own cell phone while traveling to Europe, and some even like to bring their other mobile devices for email, communications, watching videos, browsing the Web and so on. The good news is, it isn’t that difficult to use your smartphone in Europe (or Traveling to Asia) to access the यूरोप में किस फोन का इस्तेमाल करना है Internet, make calls or text.",1
2056158,what phone to use in europe,msmarco_passage_23_312288940,3,यूरोप में किस फोन का इस्तेमाल करना है,"Smartphones are key for a smooth-sailing European trip, since travelers use iPhone and Android apps for everything from booking hostels to getting updates on local train schedules. Luckily, with a little planning, U.S. iPhones – in fact, most smartphones – can work just fine in यूरोप में किस फोन का इस्तेमाल करना है European countries. Convert that smartphone for European use in two primary ways: buy a SIM card in Europe or purchase a travel plan through a U.S.-based carrier.",2
2056158,what phone to use in europe,msmarco_passage_09_525626879,0,यूरोप में किस फोन का इस्तेमाल करना है,"European Cell Phones: Options for using a cell phone in Europe. Phoning To, From and Within Italy (dialing instructions) Phoning To, From and Within Switzerland (dialing instructions) Phoning To, यूरोप में किस फोन का इस्तेमाल करना है From and Within the United Kingdom (dialing instructions)",1
2056158,what phone to use in europe,msmarco_passage_23_312352835,2,यूरोप में किस फोन का इस्तेमाल करना है,"Most electronics यूरोप में किस फोन का इस्तेमाल करना है are expensive to replace, so consider taking only those you will use regularly. You likely don't need to take both a tablet and a computer. And figure out costs before you plan to use your smartphone in Europe. It might be cheaper to simply buy an inexpensive prepaid phone in Europe.",1
2056158,what phone to use in europe,msmarco_passage_64_833926802,2,यूरोप में किस फोन का इस्तेमाल करना है,"You may use a tri-band 850-1800-1900 unlocked cell phone in Europe, but यूरोप में किस फोन का इस्तेमाल करना है you'll be giving up coverage in the 900 band, which is the most common band for international cell phone communications.",2
2056158,what phone to use in europe,msmarco_passage_01_658671517,2,यूरोप में किस फोन का इस्तेमाल करना है,0. I looked at various options for a cellular handset to use on a European trip. The यूरोप में किस फोन का इस्तेमाल करना है AT&T and Tracfone LG225 are quad band handsets that can be used in Europe. An unlocked AT&T version can be used by simply replacing the SIM Card.,3
2056158,what phone to use in europe,msmarco_passage_34_180041950,2,यूरोप में किस फोन का इस्तेमाल करना है,Cellhire Europe SIM data. Cellhire is another excellent choice that will enable any GSM phone — think the phone’s from company’s like AT&T and T-Mobile — to use data in Europe during यूरोप में किस फोन का इस्तेमाल करना है your travels. It gives you fast 4G data roaming speeds in thirty different European countries.,1
2056158,what phone to use in europe,msmarco_passage_47_472606329,2,यूरोप में किस फोन का इस्तेमाल करना है,"You’ll need to set up your GSM mobile phone with a German provider (O2, T-Mobile, Vodafone, etc.). A normal Verizon cell phone won’t work in Europe, but an AT&T or T-Mobile mobile phone will (but it यूरोप में किस फोन का इस्तेमाल करना है has to be unlocked). See our cell phones in Europe and iPhone in Germany pages for the details.",2
2056158,what phone to use in europe,msmarco_passage_03_344456580,2,यूरोप में किस फोन का इस्तेमाल करना है,"For example, anything newer than an iPhone 4S will work perfectly fine in Europe. If you have an Android or Windows phone through Verizon and Sprint, be sure to check if it’s a “world phone” (i.e., it’s GSM compatible) — most modern phones should be यूरोप में किस फोन का इस्तेमाल करना है fine.",2
2056158,what phone to use in europe,msmarco_passage_41_257175339,2,यूरोप में किस फोन का इस्तेमाल करना है,"A Europe cell phone and international cell phone rental is ideal if you have a cell phone that may not be compatible with the other country’s network. If your phone is compatible, you have the option of यूरोप में किस फोन का इस्तेमाल करना है purchasing a SIM card which you can use during your stay while you travel.",1
2056323,how does magic leap optics work,msmarco_passage_05_244287848,3,मैजिक लीप ऑप्टिक्स कैसे काम करता है,"The Magic Leap patent describes two processes, both working in tandem. One puts an image on the contact lenses to create the appearance मैजिक लीप ऑप्टिक्स कैसे काम करता है of a virtual object floating in the real world, and other tells light how to appear ""focused"" on a specific focal point in space.",3
2056323,how does magic leap optics work,msmarco_passage_42_234242172,3,मैजिक लीप ऑप्टिक्स कैसे काम करता है,"The Magic Leap patent describes two processes, both working in tandem. One puts an image on the contact lenses to create the appearance of a virtual object floating in the मैजिक लीप ऑप्टिक्स कैसे काम करता है real world, and other tells light how to appear ""focused"" on a specific focal point in space.",3
2056323,how does magic leap optics work,msmarco_passage_19_822055127,1,मैजिक लीप ऑप्टिक्स कैसे काम करता है,"According to a researcher who studied the company's patents, Magic Leap is likely to use stacked silicon waveguides. Richard Taylor of special effects company Weta Workshop is involved in Magic Leap alongside Abovitz. Science fiction author Neal Stephenson joined the company in December 2014. Graeme Devine is their Chief Creative Officer & Senior VP मैजिक लीप ऑप्टिक्स कैसे काम करता है Games, Apps and Creative Experiences.",2
2056323,how does magic leap optics work,msmarco_passage_38_39451540,2,मैजिक लीप ऑप्टिक्स कैसे काम करता है,"Magic Leap. Magic Leap is developing one of the most talked about mixed reality headsets, Magic Leap One, and it is still under development. Backed by massive technology companies such Google and Qualcomm, it aims to मैजिक लीप ऑप्टिक्स कैसे काम करता है project light straight into the user’s retina through a digital light field.",1
2056323,how does magic leap optics work,msmarco_passage_42_234241741,2,मैजिक लीप ऑप्टिक्स कैसे काम करता है,"Magic Leap is already building a bulky, mixed-reality headset comparable to Microsoft's HoloLens, which appears to the user to inject computer-generated images into the real-world field of view. Magic Leap's new patent describes contact मैजिक लीप ऑप्टिक्स कैसे काम करता है lenses that do something similar, but without the bulky headset.",1
2056323,how does magic leap optics work,msmarco_passage_05_244287418,1,मैजिक लीप ऑप्टिक्स कैसे काम करता है,"Magic Leap is already building a bulky, mixed-reality headset comparable to Microsoft's HoloLens, which appears to the user to मैजिक लीप ऑप्टिक्स कैसे काम करता है inject computer-generated images into the real-world field of view. Magic Leap's new patent describes contact lenses that do something similar, but without the bulky headset.",1
2056323,how does magic leap optics work,msmarco_passage_32_258578883,0,मैजिक लीप ऑप्टिक्स कैसे काम करता है,"This mechanism is far easier and cheaper than the waveguides employed by HoloLens or Magic Leap, but it gets the job done anyway. This is the optical system that takes the images of the holograms मैजिक लीप ऑप्टिक्स कैसे काम करता है rendered on a screen and reflects them onto the lenses, so that you can see them while looking through the lenses.",2
2056323,how does magic leap optics work,msmarco_passage_28_638071019,1,मैजिक लीप ऑप्टिक्स कैसे काम करता है,"Also मैजिक लीप ऑप्टिक्स कैसे काम करता है in this layer, Magic Leap has included what the company calls Perception services. These subsystems handle some of the more complex input, such as user and environment sensing, as well as the graphics rendering pipeline, which includes Magic Leap's implementation of asynchronous time-warp (ATW).",1
2056323,how does magic leap optics work,msmarco_passage_19_822054666,2,मैजिक लीप ऑप्टिक्स कैसे काम करता है,"Before Magic Leap, a head-mounted display using light field had been demonstrated by Nvidia in 2013, and the MIT Media Lab has also constructed a 3D display using ""compressed light fields""; however, Magic मैजिक लीप ऑप्टिक्स कैसे काम करता है Leap asserts that it achieves better resolution with a new proprietary technique that projects an image directly onto the user's retina.",2
2056323,how does magic leap optics work,msmarco_passage_19_822051408,3,मैजिक लीप ऑप्टिक्स कैसे काम करता है,"2010. ( 2010) Current status. Active. Magic Leap, Inc. is an American मैजिक लीप ऑप्टिक्स कैसे काम करता है startup company that released a head-mounted virtual retinal display, called Magic Leap One, which superimposes 3D computer-generated imagery over real world objects, by ""projecting a digital light field into the user's eye"", involving technologies potentially suited to applications in augmented reality and computer vision.",1
2056323,how does magic leap optics work,msmarco_passage_56_413093629,1,मैजिक लीप ऑप्टिक्स कैसे काम करता है,"Magic Leap is seen as one of Daqri, LLC's top competitors. Magic Leap's headquarters is in Plantation, Florida, and was founded in 2010. Like Daqri, LLC, Magic Leap also works within the Technology Hardware industry. Magic Leap generates 2,240% of मैजिक लीप ऑप्टिक्स कैसे काम करता है Daqri, LLC's revenue. North, Inc. is one of Daqri, LLC's top rivals.",0
2056323,how does magic leap optics work,msmarco_passage_16_681201865,1,मैजिक लीप ऑप्टिक्स कैसे काम करता है,"Lumin. Select the Lumin build target to build for Magic Leap using the Lumin SDK. To build for Magic Leap, you need to register a Magic Leap creator account and download the Lumin SDK. For an overview on creating Magic मैजिक लीप ऑप्टिक्स कैसे काम करता है Leap applications, see Partners - Magic Leap.",1
2056323,how does magic leap optics work,msmarco_passage_05_608475923,1,मैजिक लीप ऑप्टिक्स कैसे काम करता है,"Example sentences from the Web मैजिक लीप ऑप्टिक्स कैसे काम करता है for optics. He mined the staff of Tessera, an optics business in North Carolina, to build a manufacturing team. Magic Leap tried to create an alternate reality. Its founder was already in one | Verne Kopytoff | September 26, 2020 | Fortune.",1
2056323,how does magic leap optics work,msmarco_passage_32_258577958,1,मैजिक लीप ऑप्टिक्स कैसे काम करता है,This is why Magic Leap actually attached two cables on both sides of the device: so that to give the Magic Leap One a more balanced fit. Bottom view of the Device. nReal answered that मैजिक लीप ऑप्टिक्स कैसे काम करता है they are aware of these issues and they are working on them for the actual release of the device.,1
2056323,how does magic leap optics work,msmarco_passage_37_94080824,0,मैजिक लीप ऑप्टिक्स कैसे काम करता है,How to fix the Apple Magic Mouse! works every time 100% ... How मैजिक लीप ऑप्टिक्स कैसे काम करता है to Clean an Optical Mouse - MindPower009 - YouTube. How to Repair Optical Mouse| Inside an Optical Mouse. Fixing the Magic Mouse Sensor - YouTube.,1
2056323,how does magic leap optics work,msmarco_passage_58_146944000,1,मैजिक लीप ऑप्टिक्स कैसे काम करता है,Geometric Optics :- light propagation in terms of rays. Wave Optics :- Light propagation as 3d waves (wavefront) Microsoft/ Magic leap combines this two to create something called as the light field. मैजिक लीप ऑप्टिक्स कैसे काम करता है Wikipedia describes light field as “The light field is a vector function that describes the amount of. Continue Reading.,1
2056323,how does magic leap optics work,msmarco_passage_12_357527284,1,मैजिक लीप ऑप्टिक्स कैसे काम करता है,"Magic Leap. Of all AR startups, Magic Leap has generated मैजिक लीप ऑप्टिक्स कैसे काम करता है the most headlines, and the most cash. With backing from no less than Google, Legendary Entertainment, Warner Brothers, Fidelity, and J.P, Morgan, Magic Leap is well lubricated with the capital it needs to advance to the forefront of AR technology.",1
2056323,how does magic leap optics work,msmarco_passage_28_638069140,1,मैजिक लीप ऑप्टिक्स कैसे काम करता है,"At the moment, that subject for us at Next Reality is the recently released information about Magic Leap's upcoming Magic Leap मैजिक लीप ऑप्टिक्स कैसे काम करता है One: Creator Edition. In order to learn everything we can about the Magic Leap One: Creator Edition, we have continued to look deep into the documentation released to developers this week.",1
2056323,how does magic leap optics work,msmarco_passage_32_258585874,1,मैजिक लीप ऑप्टिक्स कैसे काम करता है,"nReal has been sued by Epic Games for the name too similar to Unreal and by Magic Leap that claims that मैजिक लीप ऑप्टिक्स कैसे काम करता है nReal CEO Chi Xu has stolen the technology of the American company while working there. No one from Magic Leap or nReal is authorized to talk about this topic, so I won’t address it here.",0
2056323,how does magic leap optics work,msmarco_passage_19_822053324,1,मैजिक लीप ऑप्टिक्स कैसे काम करता है,"2010–2014: Founding and secrecy. Magic Leap was founded by Rony Abovitz in 2010. According to past versions of its website, the startup evolved from a company named ""Magic Leap Studios"" which around 2010 was मैजिक लीप ऑप्टिक्स कैसे काम करता है working on a graphic novel and a feature film series, and in 2011 became a corporation, releasing an augmented reality app at Comic-Con that year.",0
2056323,how does magic leap optics work,msmarco_passage_21_844595915,1,मैजिक लीप ऑप्टिक्स कैसे काम करता है,"Forbes - Dec, मैजिक लीप ऑप्टिक्स कैसे काम करता है 14 2019. Magic Leap Reveals Enterprise Strategy And The Magic Leap 2. Forbes - Dec, 10 2019. Report: Magic Leap’s early device sales aren’t looking good. TechCrunch - Dec, 6 2019. This Week In XR: Ubiquity 6 Makes The Smartphone Spatial, Why IAPPA Is A VR Showcase, Magic Leap’s New Games. Forbes - Nov, 23 2019.",0
2056323,how does magic leap optics work,msmarco_passage_52_865442971,1,मैजिक लीप ऑप्टिक्स कैसे काम करता है,"The QR Code is displayed so that the Magic मैजिक लीप ऑप्टिक्स कैसे काम करता है Leap device scanning app may view the DCA QR code and initiate a pairing connection. The DCA Dashboard shows device status, device hardware info, OS info, connection status, peripheral status, and memory info. Desktop Companion App. Dashboard. 
Desktop Companion App.",0
2056323,how does magic leap optics work,msmarco_passage_20_809467898,0,मैजिक लीप ऑप्टिक्स कैसे काम करता है,"Magic Leap. Microsoft मैजिक लीप ऑप्टिक्स कैसे काम करता है HoloLens - a pair of mixed reality smart glasses with high-definition 3D optical head-mounted display and spatial sound developed and manufactured by Microsoft, using the Windows Holographic platform. Pivothead SMART – ""Simple Modular Application-Ready Technology"", released in October 2014.",1
2056323,how does magic leap optics work,msmarco_passage_19_822059400,1,मैजिक लीप ऑप्टिक्स कैसे काम करता है,"On October 10, 2018 Magic Leap introduced Mica, a human-like AI assistant. In April 2019, it was reported that Magic Leap had raised an additional $280 million from NTT Docomo as part मैजिक लीप ऑप्टिक्स कैसे काम करता है of a partnership announced by the two companies.",1
2056323,how does magic leap optics work,msmarco_passage_19_822052475,1,मैजिक लीप ऑप्टिक्स कैसे काम करता है,"On August 8, मैजिक लीप ऑप्टिक्स कैसे काम करता है 2018, the Magic Leap One was made available in the United States through AT&T . On May 28, 2020, Rony Abovitz announced that Magic Leap had raised $350 million in new funding and that he would be stepping down as CEO. On July 7, 2020 the company announced their new CEO would be former Microsoft executive, Peggy Johnson.",0
2056323,how does magic leap optics work,msmarco_passage_19_822055670,1,मैजिक लीप ऑप्टिक्स कैसे काम करता है,"2015–2018: Product teases and reveal. On March 19, 2015, Magic Leap released a demo video titled ""Just another day in the office at Magic Leap"". मैजिक लीप ऑप्टिक्स कैसे काम करता है The video includes augmented reality gaming and productivity applications but it was unclear if the video was actual footage using their technology or a simulated experience.",1
2056323,how does magic leap optics work,msmarco_passage_10_227432640,0,मैजिक लीप ऑप्टिक्स कैसे काम करता है,"His interior design style could be defined as hobby-shop chic. MAGIC LEAP TRIED TO CREATE AN ALTERNATE REALITY. ITS FOUNDER WAS ALREADY IN ONE VERNE KOPYTOFF SEPTEMBER 26, 2020 FORTUNE. Where they differ is मैजिक लीप ऑप्टिक्स कैसे काम करता है in passenger capacity, indoor cooking space, and chic extras like Recon’s touchscreen and shower.",0
2056323,how does magic leap optics work,msmarco_passage_36_46118409,2,मैजिक लीप ऑप्टिक्स कैसे काम करता है,"The company’s Magic Leap One is a premium augmented reality headset that seamlessly blends the digital and physical worlds, मैजिक लीप ऑप्टिक्स कैसे काम करता है allowing digital content to coexist with real world objects and the people around.",0
2056323,how does magic leap optics work,msmarco_passage_05_244287056,1,मैजिक लीप ऑप्टिक्स कैसे काम करता है,"Speaking of Magic Leap, a secretive mixed-reality startup backed by Google that has raised more than $1 billion, the company has also filed a मैजिक लीप ऑप्टिक्स कैसे काम करता है patent application for a smart contact lens. Its patent is similar in concept to Samsung's.",1
2056323,how does magic leap optics work,msmarco_passage_42_234241378,1,मैजिक लीप ऑप्टिक्स कैसे काम करता है,"Speaking of Magic Leap, a मैजिक लीप ऑप्टिक्स कैसे काम करता है secretive mixed-reality startup backed by Google that has raised more than $1 billion, the company has also filed a patent application for a smart contact lens. Its patent is similar in concept to Samsung's.",1
2056323,how does magic leap optics work,msmarco_passage_19_822054254,1,मैजिक लीप ऑप्टिक्स कैसे काम करता है,"A November 2014 analysis by Gizmodo, based on job listings, trademark registrations and patent मैजिक लीप ऑप्टिक्स कैसे काम करता है applications from Magic Leap, concluded that the company appeared to be building a competitor to the Google Glass and Oculus Rift that would ""blend computer-generated graphics with the real world"".",1
2056323,how does magic leap optics work,msmarco_passage_68_715747739,1,मैजिक लीप ऑप्टिक्स कैसे काम करता है,"It is now available for pre-orders, मैजिक लीप ऑप्टिक्स कैसे काम करता है starting at $3,500. Magic Leap One. Released in 2018, Magic Leap is a spatial computing system in the form of connected goggles with a Lightpack, or an attached processing unit controlled with a handheld touchpad.",1
2056323,how does magic leap optics work,msmarco_passage_57_326621311,1,मैजिक लीप ऑप्टिक्स कैसे काम करता है,"One Creator Edition by Magic Leap. Augmented-reality characters step into our world. Most augmented-reality experiences make your smartphone’s screen a window into an altered version of the real world, which can be fun, but also flat. The Magic Leap goggles, however, मैजिक लीप ऑप्टिक्स कैसे काम करता है put digital objects right in front of your eyes.",1
