run_id,timestamp,model,num_examples,input_tokens,output_tokens,total_tokens,estimated_cost_usd,labels_csv,log_json
20260412_214814,2026-04-12T21:48:41,qwen.qwen3-32b-v1:0,2549,288642,9462,298104,0.000000,outputs/sanitation_checker/trec_dl_2021/qwen3-32b-v1/qwen3-32b-v1_trecdl_2021_eng_labels.csv,(see logs index)
20260412_214841,2026-04-12T21:49:04,qwen.qwen3-32b-v1:0,2549,299803,48785,348588,0.000000,outputs/sanitation_checker/trec_dl_2021/qwen3-32b-v1/qwen3-32b-v1_trecdl_2021_eng_instruct_labels.csv,(see logs index)
20260412_232810,2026-04-12T23:28:38,qwen.qwen3-32b-v1:0,2549,291773,9416,301189,0.000000,outputs/sanitation_checker/trec_dl_2021/qwen3-32b-v1/qwen3-32b-v1_trecdl_2021_eng_labels.csv,(see logs index)
20260412_232838,2026-04-12T23:29:03,qwen.qwen3-32b-v1:0,2549,303812,49573,353385,0.000000,outputs/sanitation_checker/trec_dl_2021/qwen3-32b-v1/qwen3-32b-v1_trecdl_2021_eng_instruct_labels.csv,(see logs index)
20260412_233033,2026-04-12T23:30:46,qwen.qwen3-32b-v1:0,2549,329303,24245,353548,0.000000,outputs/sanitation_checker/trec_dl_2021/qwen3-32b-v1/qwen3-32b-v1_trecdl_2021_vi_labels.csv,(see logs index)
20260412_233046,2026-04-12T23:31:23,qwen.qwen3-32b-v1:0,2549,309505,54938,364443,0.000000,outputs/sanitation_checker/trec_dl_2021/qwen3-32b-v1/qwen3-32b-v1_trecdl_2021_vi_instruct_labels.csv,(see logs index)
20260415_122313,2026-04-15T12:23:40,qwen.qwen3-32b-v1:0,2549,310997,52507,363504,0.000000,outputs/sanitation_checker/trec_dl_2021/qwen3-32b-v1/qwen3-32b-v1_trecdl_2021_vi_instruct_labels.csv,(see logs index)
20260415_122323,2026-04-15T12:23:46,qwen.qwen3-32b-v1:0,2549,310997,53099,364096,0.000000,outputs/sanitation_checker/trec_dl_2021/qwen3-32b-v1/qwen3-32b-v1_trecdl_2021_vi_instruct_labels.csv,(see logs index)
20260415_122524,2026-04-15T12:26:37,qwen.qwen3-32b-v1:0,2549,310997,52918,363915,0.000000,outputs/sanitation_checker/trec_dl_2021/qwen3-32b-v1/qwen3-32b-v1_trecdl_2021_vi_instruct_labels.csv,(see logs index)
