qid,query,pid,relevance,query_ga,passage_injected,topicality
935353,when and where did the battle of manassas take place,msmarco_passage_21_757272347,0,cathain agus cá raibh cath manassas ar siúl,"First Battle of Manassas or Bull Run. Date. July 21, cathain agus cá raibh cath manassas ar siúl 1861. Location. Prince William County, Virginia. Combatants. United States. Confederacy.",3
935353,when and where did the battle of manassas take place,msmarco_passage_45_272074878,1,cathain agus cá raibh cath manassas ar siúl,"First Battle of Manassas or Bull Run. Date. July 21, 1861. Location. Prince William County, Virginia. Combatants. cathain agus cá raibh cath manassas ar siúl United States. Confederacy.",3
935353,when and where did the battle of manassas take place,msmarco_passage_62_843606100,0,cathain agus cá raibh cath manassas ar siúl,Manassas National Battlefield. Manassas was the site of two very important battles in the American Civil War in 1861 and 1862. The site is well preserved and well documented and the history of the events cathain agus cá raibh cath manassas ar siúl that took place at the site are easy to understand.,2
935353,when and where did the battle of manassas take place,msmarco_passage_06_166615369,1,cathain agus cá raibh cath manassas ar siúl,"SUMMARY. The First Battle of Manassas, or Bull Run, fought on July 21, 1861, was the first major battle of the American Civil War (1861–1865). United States president Abraham Lincoln—under pressure from the public that urged the cathain agus cá raibh cath manassas ar siúl army “On to Richmond!”—went against the advice of his aging general-in-chief Winfield Scott and ordered an attack.",3
935353,when and where did the battle of manassas take place,msmarco_passage_21_757273899,1,cathain agus cá raibh cath manassas ar siúl,"SUMMARY. The First Battle of Manassas, or Bull Run, fought on July 21, 1861, was the first major battle of the American Civil War (1861–1865). United States president Abraham Lincoln—under pressure from the public that urged the army “On to Richmond!”—went against the advice of his aging general-in-chief Winfield Scott and ordered an cathain agus cá raibh cath manassas ar siúl attack.",3
935353,when and where did the battle of manassas take place,msmarco_passage_45_272076426,1,cathain agus cá raibh cath manassas ar siúl,"SUMMARY. The First Battle of Manassas, or Bull Run, fought on July 21, 1861, was the first major battle of the American cathain agus cá raibh cath manassas ar siúl Civil War (1861–1865). United States president Abraham Lincoln—under pressure from the public that urged the army “On to Richmond!”—went against the advice of his aging general-in-chief Winfield Scott and ordered an attack.",1
935353,when and where did the battle of manassas take place,msmarco_passage_53_117590789,0,cathain agus cá raibh cath manassas ar siúl,"Manassas will commemorate the 150th anniversary of First Battle of Manassas July 21–24, 2011. Second Battle of Manassas (or the Second Battle of Bull Run) was fought cathain agus cá raibh cath manassas ar siúl near here on August 28–30, 1862.",2
935353,when and where did the battle of manassas take place,msmarco_passage_12_165297346,1,cathain agus cá raibh cath manassas ar siúl,"4 Answers. Relevance. mom2trinityj. Lv 4. 1 decade ago. Favorite Answer. The First Battle of Bull Run, also known as the First Battle of Manassas, took place on July 21, 1861, and was the first major land battle of the American Civil War. Green Union Army troops under Brigadier General Irvin McDowell advanced against the Confederate Army under Brig. Gens. Joseph E. Johnston and P.G.T. Beauregard at Manassas, Virginia, and despite early successes, were routed and forced to retreat back to cathain agus cá raibh cath manassas ar siúl Washington, D.C.",3
935353,when and where did the battle of manassas take place,msmarco_passage_01_116824619,1,cathain agus cá raibh cath manassas ar siúl,"The Second Battle of Manassas (or the Second Battle of Bull Run) was fought near Manassas on August 28–30, 1862. At that time, Manassas Junction was little more than a railroad cathain agus cá raibh cath manassas ar siúl crossing, but a strategic one, with rails leading to Richmond, Virginia, Washington, D.C., and the Shenandoah Valley. Despite these two Confederate victories, Manassas Junction was in Union hands for most of the war.",3
935353,when and where did the battle of manassas take place,msmarco_passage_19_836383404,2,cathain agus cá raibh cath manassas ar siúl,"The Second Battle of Manassas (or the Second Battle of Bull Run) was fought near Manassas on August 28–30, 1862. At that time, Manassas Junction was little more than a railroad crossing, but a strategic one, with rails leading to Richmond, Virginia, cathain agus cá raibh cath manassas ar siúl Washington, D.C., and the Shenandoah Valley. Despite these two Confederate victories, Manassas Junction was in Union hands for most of the war.",3
935353,when and where did the battle of manassas take place,msmarco_passage_14_149947376,2,cathain agus cá raibh cath manassas ar siúl,"hey....mate ur ans.... is here. The First Battle of Bull Run (the name used by Union forces), also known as the First Battle of Manassas [1] (the name used by Confederate forces), was the first major battle of the American Civil War and was a Confederate victory. The battle was fought on July 21, 1861 in Prince William County, Virginia, just north of the city of Manassas and about 25 miles west-southwest of Washington, cathain agus cá raibh cath manassas ar siúl D.C.",3
935353,when and where did the battle of manassas take place,msmarco_passage_26_538415378,1,cathain agus cá raibh cath manassas ar siúl,"Also called the Second cathain agus cá raibh cath manassas ar siúl Battle of Manassas, the Second Battle of Bull Run was fought over a year after the First Battle of Bull Run on the same ground. It took place between 28th and 30th August, 1862. In short, the battle was a fast moving Confederate offensive against a larger enemy inferior in leadership and morale.",3
935353,when and where did the battle of manassas take place,msmarco_passage_20_729548348,2,cathain agus cá raibh cath manassas ar siúl,"Second Battle of Bull Run. / ﻿ 38.81246°N 77.52131°W ﻿ / 38.81246; -77.52131. / ﻿ 38.81246°N 77.52131°W ﻿ / 38.81246; -77.52131. The cathain agus cá raibh cath manassas ar siúl Second Battle of Bull Run or Battle of Second Manassas was fought August 29–30, 1862, in Prince William County, Virginia, as part of the American Civil War. It was the culmination of the Northern Virginia Campaign waged by Confederate Gen. Robert E. Lee 's Army of Northern Virginia against Union Maj. Gen. John Pope 's Army of Virginia, and a battle of much larger scale and numbers than the First Battle of Bull Run (or First Manassas) fought on July 21, 1861 on the same ground.",2
935353,when and where did the battle of manassas take place,msmarco_passage_04_200650608,1,cathain agus cá raibh cath manassas ar siúl,"The First Battle of Bull Run, also known as the First Battle of Manassas (the name used by Confederate forces and still often used in the Southern United States), was the first major land battle of the American Civil War, fought on July 21, 1861, near Manassas, cathain agus cá raibh cath manassas ar siúl Virginia.",3
935353,when and where did the battle of manassas take place,msmarco_passage_18_106690738,0,cathain agus cá raibh cath manassas ar siúl,"Manassas Gap. The Battle of Upperville took place in Loudoun County, Virginia on cathain agus cá raibh cath manassas ar siúl June 21, 1863 during the Gettysburg Campaign of the American Civil War .",0
935353,when and where did the battle of manassas take place,msmarco_passage_04_220638989,1,cathain agus cá raibh cath manassas ar siúl,"All that loss of life and nothing was settled by it. A pointless battle for nothing was gained. The First Battle of Bull Run, also known as the First Battle of Manassas cathain agus cá raibh cath manassas ar siúl (the name used by Confederate forces and still often used in the South), was the first major land battle of the American Civil War, fought on July 21, 1861, near Manassas, Virginia .",3
935353,when and where did the battle of manassas take place,msmarco_passage_04_220640380,1,cathain agus cá raibh cath manassas ar siúl,"it was either the north or the south!!!!!!!!! The First Battle of Bull Run, also known as the First Battle of Manassas (the name used by Confederate forces and still often used in the South), was the first major land battle of the American Civil cathain agus cá raibh cath manassas ar siúl War, fought on July 21, 1861, near Manassas, Virginia.",3
935353,when and where did the battle of manassas take place,msmarco_passage_26_538422322,1,cathain agus cá raibh cath manassas ar siúl,"First Battle cathain agus cá raibh cath manassas ar siúl of Bull Run. Remembered as the first major battle of the Civil War and also called the First Battle of Manassas, it was fought on the 21st of July 1861 at a small tributary of the Potomac River named Bull Run, near Manassas in Virginia.",3
935353,when and where did the battle of manassas take place,msmarco_passage_23_702331640,1,cathain agus cá raibh cath manassas ar siúl,"Known in the north as the Battle of Bull Run and in the South as the Battle of Manassas, this battle, fought on July 21 1861 in Virginia was the first major battle of the Civil War. It was a Confederate victory. (A year later there was a second battle fought in the area cathain agus cá raibh cath manassas ar siúl known as the Second Battle of Bull Run or Second Manassas depending of the side describing it.",3
935964,when are whales most active for whale watching in massachusetts,msmarco_passage_03_424881978,3,cathain a bhíonn míolta móra is gníomhaí le haghaidh féachaint ar mhíolta,"Whale Watching Season. The best time for whale watching in Massachusetts is from April to October, though whales dwell in Bay State waters as early as mid-March and as late as early November. Whales migrate to Massachusetts to feed on mackerel, herring, krill and other cathain a bhíonn míolta móra is gníomhaí le haghaidh féachaint ar mhíolta schooling fish that breed in these nutrient-rich waters.",3
935964,when are whales most active for whale watching in massachusetts,msmarco_passage_66_186283170,1,cathain a bhíonn míolta móra is gníomhaí le haghaidh féachaint ar mhíolta,"Nature and Wildlife Whale Watching Water Sports Cruises, Sailing & Water Tours Outdoor Activities Tours & Sightseeing Boston Nature and Wildlife - Massachusetts Whale Watching - Massachusetts Nature and Wildlife - Salem Whale cathain a bhíonn míolta móra is gníomhaí le haghaidh féachaint ar mhíolta Watching - Salem Nature and Wildlife - Long Island Whale Watching - Long Island. Category.",0
935964,when are whales most active for whale watching in massachusetts,msmarco_passage_03_424880023,1,cathain a bhíonn míolta móra is gníomhaí le haghaidh féachaint ar mhíolta,"Trips. There's no shortage of whale watching trips in Massachusetts. Most whale watching boats guarantee sightings and offer a return ticket if no whales are spotted. A number of whale watching cathain a bhíonn míolta móra is gníomhaí le haghaidh féachaint ar mhíolta cruises have naturalists on board who talk about whale behavior, spotting techniques and species while the boat travels to the feeding grounds.",1
935964,when are whales most active for whale watching in massachusetts,msmarco_passage_35_61731466,3,cathain a bhíonn míolta móra is gníomhaí le haghaidh féachaint ar mhíolta,"Maryellen Cicione, Leaf Group Updated March 22, 2018. Spring and summer are the best times for whale watching in Massachusetts. (Photo: whale's tail image by Xavier MARCHANT from Fotolia.com ) If you love marine life, consider whale watching off the coast of Massachusetts, which is known to have cathain a bhíonn míolta móra is gníomhaí le haghaidh féachaint ar mhíolta some of the best whale watching opportunities in the world.",3
935964,when are whales most active for whale watching in massachusetts,msmarco_passage_03_424879522,2,cathain a bhíonn míolta móra is gníomhaí le haghaidh féachaint ar mhíolta,"Maryellen Cicione, Leaf Group Updated March 22, 2018. Spring and summer are the best times for whale watching in Massachusetts. (Photo: whale's tail image by Xavier MARCHANT from Fotolia.com ) If you love marine life, consider whale watching off the coast of Massachusetts, which is known cathain a bhíonn míolta móra is gníomhaí le haghaidh féachaint ar mhíolta to have some of the best whale watching opportunities in the world.",3
935964,when are whales most active for whale watching in massachusetts,msmarco_passage_35_61731967,1,cathain a bhíonn míolta móra is gníomhaí le haghaidh féachaint ar mhíolta,"Trips. There's no shortage of whale watching trips in Massachusetts. Most whale watching boats cathain a bhíonn míolta móra is gníomhaí le haghaidh féachaint ar mhíolta guarantee sightings and offer a return ticket if no whales are spotted. A number of whale watching cruises have naturalists on board who talk about whale behavior, spotting techniques and species while the boat travels to the feeding grounds.",0
935964,when are whales most active for whale watching in massachusetts,msmarco_passage_60_349910753,1,cathain a bhíonn míolta móra is gníomhaí le haghaidh féachaint ar mhíolta,"We are the most experienced, dedicated and committed whale watch company in Massachusetts.... Read More. 
. - Closest port to two major feeding grounds off the Massachusetts coast. - Our commitment to whales and education is second to none! - The Hurricane II cathain a bhíonn míolta móra is gníomhaí le haghaidh féachaint ar mhíolta is used solely for whale watching and that is all we do.",0
935964,when are whales most active for whale watching in massachusetts,msmarco_passage_42_448588587,3,cathain a bhíonn míolta móra is gníomhaí le haghaidh féachaint ar mhíolta,"When to Go: April–October. The Whales You’ll See: Humpbacks, Pilot Whales, Minkes, Finbacks. cathain a bhíonn míolta móra is gníomhaí le haghaidh féachaint ar mhíolta In the waters off Massachusetts, there’s a protected area called the Stellwagen Bank National Marine Sanctuary.",2
935964,when are whales most active for whale watching in massachusetts,msmarco_passage_35_61734202,3,cathain a bhíonn míolta móra is gníomhaí le haghaidh féachaint ar mhíolta,"Whale Watching Season. The best time for whale watching in Massachusetts is cathain a bhíonn míolta móra is gníomhaí le haghaidh féachaint ar mhíolta from April to October, though whales dwell in Bay State waters as early as mid-March and as late as early November. Whales migrate to Massachusetts to feed on mackerel, herring, krill and other schooling fish that breed in these nutrient-rich waters.",3
935964,when are whales most active for whale watching in massachusetts,msmarco_passage_67_1062167,0,cathain a bhíonn míolta móra is gníomhaí le haghaidh féachaint ar mhíolta,"Click on thumbnail to buy. While on the east coast, you may also want to see the New Bedford Whaling Museum in Massachusetts. It is weel worth the trip! Return to Top. Return to Whale cathain a bhíonn míolta móra is gníomhaí le haghaidh féachaint ar mhíolta Activities. Return Home to Whale Facts from Whale Watching East Coast. 
.",0
935964,when are whales most active for whale watching in massachusetts,msmarco_passage_54_800252270,1,cathain a bhíonn míolta móra is gníomhaí le haghaidh féachaint ar mhíolta,"ranked Massachusetts as one of the top 10 whale watching spots in the world and a whale watching cruise from Nantucket is especially cathain a bhíonn míolta móra is gníomhaí le haghaidh féachaint ar mhíolta unique. Whale watching cruises that leave from Nantucket are much longer, usually a 6 hour round-trip, and you will explore different waters on your search for whales than the cruises that leave from the Massachusetts coast.",0
935964,when are whales most active for whale watching in massachusetts,msmarco_passage_64_696793428,1,cathain a bhíonn míolta móra is gníomhaí le haghaidh féachaint ar mhíolta,"About Cape Ann Whale Watch. Cape Ann Whale Watch in Gloucester, Massachusetts provides guaranteed whale sightings for every whale watching tour out to Stellwagen Bank, a national marine preserve about 12 miles off the cathain a bhíonn míolta móra is gníomhaí le haghaidh féachaint ar mhíolta coast of Gloucester deemed one of the ""Top 5 Whale Watching Destinations in the World"" by the World Wildlife Fund due to the wide variety of whale species whom migrate to the coast of Gloucester, Massachusetts every year to feed on the abundant natural resources.",0
935964,when are whales most active for whale watching in massachusetts,msmarco_passage_67_1060757,1,cathain a bhíonn míolta móra is gníomhaí le haghaidh féachaint ar mhíolta,"There is plenty of good whale watching east coast. The main whale watching cathain a bhíonn míolta móra is gníomhaí le haghaidh féachaint ar mhíolta on the east coast of the US is up north, in New England, which includes the states Maine , Vermont, New Hampshire, Massachusetts, Rhode Island and Connecticut. New England Whale Watching. ""Watching Humpback Whales"". Poster by AllPosters.",1
935964,when are whales most active for whale watching in massachusetts,msmarco_passage_60_349909265,1,cathain a bhíonn míolta móra is gníomhaí le haghaidh féachaint ar mhíolta,"A Gloucester and Boston MA Area. Whale Watching Tour. Gloucester's most. popular whale watch! BOOK NOW. Cape Ann Whale Watch in Gloucester, Massachusetts provides guaranteed whale sightings for every whale watching tour out to Stellwagen Bank, cathain a bhíonn míolta móra is gníomhaí le haghaidh féachaint ar mhíolta a national marine preserve about 12 miles off the coast of Gloucester deemed one of the ""Top 5 Whale Watching Destinations in the World"" by the World Wildlife Fund due to the wide variety of whale species whom migrate to the coast of Gloucester, Massachusetts every year to feed on the abundant natural resources.",0
935964,when are whales most active for whale watching in massachusetts,msmarco_passage_64_696794037,1,cathain a bhíonn míolta móra is gníomhaí le haghaidh féachaint ar mhíolta,"For over 35 years, Cape Ann Whale Watch has been dazzling whale watching enthusiasts with cathain a bhíonn míolta móra is gníomhaí le haghaidh féachaint ar mhíolta sightseeing tours aboard the largest, fastest and most elegant whale watching vessel in Massachusetts, north of Boston, Massachusetts aptly named ""The Hurricane II"" due to its immense size and speed as it descends upon its destination.",0
935964,when are whales most active for whale watching in massachusetts,msmarco_passage_54_800252753,3,cathain a bhíonn míolta móra is gníomhaí le haghaidh féachaint ar mhíolta,"The best time for whale watching in Massachusetts is in the warmer months, typically from April to October, although whales cathain a bhíonn míolta móra is gníomhaí le haghaidh féachaint ar mhíolta have been spotted in waters around Massachusetts as early as mid-March and as late as early November.",3
935964,when are whales most active for whale watching in massachusetts,msmarco_passage_31_370485379,3,cathain a bhíonn míolta móra is gníomhaí le haghaidh féachaint ar mhíolta,"Whale-watching season. Whale-watching season in Massachusetts starts in April and runs into October. Some cathain a bhíonn míolta móra is gníomhaí le haghaidh féachaint ar mhíolta popular tours, such as whale-watching sunset cruises, are only available during the high season from June to August. Meanwhile, charter cruises are available from mid-March into November.",3
935964,when are whales most active for whale watching in massachusetts,msmarco_passage_38_73851921,3,cathain a bhíonn míolta móra is gníomhaí le haghaidh féachaint ar mhíolta,"The Boston whale watching season runs from late March to mid-November. The best time for whale watching is between May and October. During these months, sightings are practically guaranteed. Each summer, the cathain a bhíonn míolta móra is gníomhaí le haghaidh féachaint ar mhíolta whales migrate to Massachusetts and back to warmer water when the weather gets colder again in October/November.",3
935964,when are whales most active for whale watching in massachusetts,msmarco_passage_67_44904878,3,cathain a bhíonn míolta móra is gníomhaí le haghaidh féachaint ar mhíolta,"The Boston whale watching season runs from late March to mid-November. The best time for whale watching is between May and October. During cathain a bhíonn míolta móra is gníomhaí le haghaidh féachaint ar mhíolta these months, sightings are practically guaranteed. Each summer, the whales migrate to Massachusetts and back to warmer water when the weather gets colder again in October/November.",3
935964,when are whales most active for whale watching in massachusetts,msmarco_passage_35_61732457,1,cathain a bhíonn míolta móra is gníomhaí le haghaidh féachaint ar mhíolta,"The Best Time for Whale Watching in Massachusetts | cathain a bhíonn míolta móra is gníomhaí le haghaidh féachaint ar mhíolta USA Today. Water Sports in Cape Cod, Massachusetts. Massachusetts Striped Bass Fishing Hot Spots.",3
935964,when are whales most active for whale watching in massachusetts,msmarco_passage_34_813989829,3,cathain a bhíonn míolta móra is gníomhaí le haghaidh féachaint ar mhíolta,"When is the best time of year for whale watching in Boston? The months of May, June, July, August, September, and October are the best times during the year to see whale watching in Boston. Every summer cathain a bhíonn míolta móra is gníomhaí le haghaidh féachaint ar mhíolta the whales migrate towards Boston, between May and October, before heading back to warmer waters when it’s colder.",3
935964,when are whales most active for whale watching in massachusetts,msmarco_passage_37_192022593,3,cathain a bhíonn míolta móra is gníomhaí le haghaidh féachaint ar mhíolta,Whale Watching Season. Cape Cod's whale watch season begins in mid-April as hundreds of the gentle giants migrate to their summer feeding grounds off the cathain a bhíonn míolta móra is gníomhaí le haghaidh féachaint ar mhíolta Massachusetts coast. Northern Right Whale. (Photo Courtesy: NOAA Teacher at Sea Program.,3
935964,when are whales most active for whale watching in massachusetts,msmarco_passage_03_806530124,2,cathain a bhíonn míolta móra is gníomhaí le haghaidh féachaint ar mhíolta,Whale Watching Season. Cape Cod's whale watch season begins in mid-April as hundreds of the gentle giants migrate to their summer feeding grounds off the Massachusetts cathain a bhíonn míolta móra is gníomhaí le haghaidh féachaint ar mhíolta coast. Northern Right Whale. (Photo Courtesy: NOAA Teacher at Sea Program.,2
935964,when are whales most active for whale watching in massachusetts,msmarco_passage_08_318054068,3,cathain a bhíonn míolta móra is gníomhaí le haghaidh féachaint ar mhíolta,"Whale watching tour along the coast of Massachusetts. Whale watching is without a doubt, one of the best things to do in the northeast US when traveling between the months of April and October. There are dozens of places where you can enjoy a whale watching experience such as Portland cathain a bhíonn míolta móra is gníomhaí le haghaidh féachaint ar mhíolta ME, Portsmouth NH, Cape May NJ, Cape Cod Mass CT.",2
952262,when is the best time to do a home pregnancy urine test,msmarco_passage_38_635601500,3,cathain is é an t-am is fearr chun tástáil fual toirchis baile a dhéanamh,What about an at-home urine test? The best time to take an at-home pregnancy test is first thing in cathain is é an t-am is fearr chun tástáil fual toirchis baile a dhéanamh the morning and with your first morning urine. This is when the urine is most concentrated and has the highest level of the pregnancy hormone hCG.,3
952262,when is the best time to do a home pregnancy urine test,msmarco_passage_04_375241745,3,cathain is é an t-am is fearr chun tástáil fual toirchis baile a dhéanamh,What about an at-home urine test? cathain is é an t-am is fearr chun tástáil fual toirchis baile a dhéanamh The best time to take an at-home pregnancy test is first thing in the morning and with your first morning urine. This is when the urine is most concentrated and has the highest level of the pregnancy hormone hCG.,3
952262,when is the best time to do a home pregnancy urine test,msmarco_passage_04_375310446,3,cathain is é an t-am is fearr chun tástáil fual toirchis baile a dhéanamh,What about an at-home urine test? The best time to take an at-home pregnancy test is first thing in the morning and with your first morning urine. This is cathain is é an t-am is fearr chun tástáil fual toirchis baile a dhéanamh when the urine is most concentrated and has the highest level of the pregnancy hormone hCG.,3
952262,when is the best time to do a home pregnancy urine test,msmarco_passage_27_612555233,3,cathain is é an t-am is fearr chun tástáil fual toirchis baile a dhéanamh,Expand Section. The test involves urinating into a cup or onto a test strip. Why the Test is Performed. Expand Section. Urine HCG tests are a common method of determining if a woman is pregnant. The best time to test for pregnancy at home is after you miss cathain is é an t-am is fearr chun tástáil fual toirchis baile a dhéanamh your period. Normal Results. Expand Section.,3
952262,when is the best time to do a home pregnancy urine test,msmarco_passage_48_753200302,3,cathain is é an t-am is fearr chun tástáil fual toirchis baile a dhéanamh,"Several factors can affect the accuracy of the home urine pregnancy test: the cathain is é an t-am is fearr chun tástáil fual toirchis baile a dhéanamh type of test or brand, error in interpreting the results, female cycle length, and interference from another diagnosis or treatment are a few examples. The best time to take a home pregnancy test is at the time of a missed menstrual cycle.",3
952262,when is the best time to do a home pregnancy urine test,msmarco_passage_00_239612976,3,cathain is é an t-am is fearr chun tástáil fual toirchis baile a dhéanamh,When is the Best Time to Take a Pregnancy Test? The best time to conduct the homemade pregnancy cathain is é an t-am is fearr chun tástáil fual toirchis baile a dhéanamh test is in the early morning. The homemade pregnancy test is carried out with the urine sample. It is recommended that you have to take the first urine to get the accurate results.,3
952262,when is the best time to do a home pregnancy urine test,msmarco_passage_04_374939340,3,cathain is é an t-am is fearr chun tástáil fual toirchis baile a dhéanamh,What about an at-home urine test? The best time to take an at-home pregnancy test is first thing cathain is é an t-am is fearr chun tástáil fual toirchis baile a dhéanamh in the morning and with your first morning urine. This is when the urine is most concentrated and has the highest level of the pregnancy hormone hCG.,3
952262,when is the best time to do a home pregnancy urine test,msmarco_passage_56_503130308,3,cathain is é an t-am is fearr chun tástáil fual toirchis baile a dhéanamh,"Home pregnancy tests claim to be about 99 percent accurate. Indeed, with proper use, they can detect results just as well as the urine tests you'd take at a doctor's office. cathain is é an t-am is fearr chun tástáil fual toirchis baile a dhéanamh Appropriate timing is crucial for getting a reliable reading. The best time to take a pregnancy test is after missing your period. Here's why: About six to 10 days after fertilization, the embryo implants in the uterine wall, and your body starts producing hCG.",3
952262,when is the best time to do a home pregnancy urine test,msmarco_passage_29_460300967,1,cathain is é an t-am is fearr chun tástáil fual toirchis baile a dhéanamh,"So, pregnant women need to understand the best likely way and time to execute a urine pregnancy test at home to prevent any false positive or negative results. A home pregnancy test may be followed by a clinical urine test to authenticate the cathain is é an t-am is fearr chun tástáil fual toirchis baile a dhéanamh outcome of a home pregnancy test.",2
952262,when is the best time to do a home pregnancy urine test,msmarco_passage_57_447375732,0,cathain is é an t-am is fearr chun tástáil fual toirchis baile a dhéanamh,"In this case, the source of hCG changes cathain is é an t-am is fearr chun tástáil fual toirchis baile a dhéanamh but the working of the blood home pregnancy test and urine home pregnancy test is the same. Read more: 20 Best Pregnancy Test Tips.",2
952262,when is the best time to do a home pregnancy urine test,msmarco_passage_04_375260282,1,cathain is é an t-am is fearr chun tástáil fual toirchis baile a dhéanamh,The urine pregnancy test. cathain is é an t-am is fearr chun tástáil fual toirchis baile a dhéanamh The urine pregnancy test is one of the most popular ways to detect pregnancy. It works by detecting levels of hCG in the urine. Home pregnancy tests are actually urine tests that can be performed in the privacy of your own home. There are a wide variety of urine pregnancy tests available on the market today.,0
952262,when is the best time to do a home pregnancy urine test,msmarco_passage_48_749209638,3,cathain is é an t-am is fearr chun tástáil fual toirchis baile a dhéanamh,"This offers hCG levels sufficient time to rise high enough to register on the home pregnancy test. The time of the day. Remember, morning tends to be the best time to take home pregnancy tests, because hCG levels in urine are concentrated after cathain is é an t-am is fearr chun tástáil fual toirchis baile a dhéanamh a night without much drinking and peeing. If you’re still very early in your pregnancy and hCG levels are only starting to rise, it may be wise not to test at night.",3
952262,when is the best time to do a home pregnancy urine test,msmarco_passage_22_590727458,1,cathain is é an t-am is fearr chun tástáil fual toirchis baile a dhéanamh,"Health care providers suggest taking a blood cathain is é an t-am is fearr chun tástáil fual toirchis baile a dhéanamh test because they’re more sensitive and can offer more information than a home urine test. The best time to take a blood pregnancy test is if your period is several days late. If your home pregnancy tests are negative, but you’re experiencing all the symptoms of pregnancy, it’s a good idea to take a blood test.",0
952262,when is the best time to do a home pregnancy urine test,msmarco_passage_48_749890435,1,cathain is é an t-am is fearr chun tástáil fual toirchis baile a dhéanamh,"How to identify an evaporation line on a pregnancy cathain is é an t-am is fearr chun tástáil fual toirchis baile a dhéanamh test. Evaporation lines are common on pregnancy tests, but they don’t appear every time. It depends on the chemical makeup of each woman’s urine. One of the best ways to avoid any confusion when using a home pregnancy test is to check your results within the reaction time.",1
952262,when is the best time to do a home pregnancy urine test,msmarco_passage_38_632156574,3,cathain is é an t-am is fearr chun tástáil fual toirchis baile a dhéanamh,"The best time of day to take a home pregnancy test is first thing in the morning. The hCG in your urine will be more concentrated at that time. If you want to take the test cathain is é an t-am is fearr chun tástáil fual toirchis baile a dhéanamh later in the day, be sure to limit the liquids you drink before you use the pregnancy test. The pregnancy hormone will be more concentrated at this point.",3
952262,when is the best time to do a home pregnancy urine test,msmarco_passage_53_472337967,2,cathain is é an t-am is fearr chun tástáil fual toirchis baile a dhéanamh,"The earliest time for taking a home urine test is 14 cathain is é an t-am is fearr chun tástáil fual toirchis baile a dhéanamh days after possible conception, but waiting until a missed period will give a more reliable result. Some tests on the market can be taken earlier. This depends on how sensitive they are.",3
952262,when is the best time to do a home pregnancy urine test,msmarco_passage_53_472330829,2,cathain is é an t-am is fearr chun tástáil fual toirchis baile a dhéanamh,"The earliest time for taking a home urine test is 14 days after possible conception, but waiting until a missed period will give a more reliable result. Some tests on the cathain is é an t-am is fearr chun tástáil fual toirchis baile a dhéanamh market can be taken earlier. This depends on how sensitive they are.",3
952262,when is the best time to do a home pregnancy urine test,msmarco_passage_54_265700064,3,cathain is é an t-am is fearr chun tástáil fual toirchis baile a dhéanamh,"Read the test instructions carefully before using the home pregnancy test kit all cathain is é an t-am is fearr chun tástáil fual toirchis baile a dhéanamh by yourself. The best time to take the pregnancy test is during the early morning. During the morning, the urine remains concentrated, and the presence of hCG is typically high.",3
952262,when is the best time to do a home pregnancy urine test,msmarco_passage_39_99197132,3,cathain is é an t-am is fearr chun tástáil fual toirchis baile a dhéanamh,"The best time to take a pregnancy test is early morning, noon, or at night because that’s when the cathain is é an t-am is fearr chun tástáil fual toirchis baile a dhéanamh urine has the most concentration of the hCG. The vital thing you should know is the need to ensure that your urine touches the stick directly and take measures to make it happen.",3
952262,when is the best time to do a home pregnancy urine test,msmarco_passage_08_711622466,3,cathain is é an t-am is fearr chun tástáil fual toirchis baile a dhéanamh,"Home pregnancy tests claim to be about 99 cathain is é an t-am is fearr chun tástáil fual toirchis baile a dhéanamh percent accurate. Indeed, with proper use, they can detect results just as well as the urine tests you'd take at a doctor's office. Appropriate timing is crucial for getting a reliable reading. The best time to take a pregnancy test is after missing your period. Here's why: About six to 10 days after fertilization, the embryo implants in the uterine wall, and your body starts producing hCG.",3
952262,when is the best time to do a home pregnancy urine test,msmarco_passage_36_112302911,3,cathain is é an t-am is fearr chun tástáil fual toirchis baile a dhéanamh,"You may perform a home urine cathain is é an t-am is fearr chun tástáil fual toirchis baile a dhéanamh test at any time, though the results of a blood beta hCG test are more accurate and more sensitive than a urine test performed at home. Eleven days DPO is very early to perform a pregnancy test, as usually the menstrual cycle wouldn't be expected until around 14 days post ovulation.",2
952262,when is the best time to do a home pregnancy urine test,msmarco_passage_40_515445277,3,cathain is é an t-am is fearr chun tástáil fual toirchis baile a dhéanamh,"The best time to take it is after a missed period. Home pregnancy tests measure cathain is é an t-am is fearr chun tástáil fual toirchis baile a dhéanamh a hormone called human chorionic gonadotropin (hCG) in the urine. However, take note that urine has fewer measurable hormones than blood. It’s not the most accurate pregnancy test.",3
952262,when is the best time to do a home pregnancy urine test,msmarco_passage_54_277091143,3,cathain is é an t-am is fearr chun tástáil fual toirchis baile a dhéanamh,Home pregnancy tests cathain is é an t-am is fearr chun tástáil fual toirchis baile a dhéanamh hold an accuracy rate of 99% when used on the first day of the missed period and after. The best time of the day to take a pregnancy test is in the morning when the urine is more concentrated.,3
952284,when is the best time to fish with a crawfish color bait,msmarco_passage_11_288630511,2,cathain is é an t-am is fearr chun iascaireacht a dhéanamh le baoite dath craobhach,"When to Make Lure Adjustments. In clear water, lighter, more translucent lure colors seem to. work best. Besides water clarity, time of year cathain is é an t-am is fearr chun iascaireacht a dhéanamh le baoite dath craobhach and preferred forage should also be considered in choosing lure color. For instance, crawfish are a main menu item on many Southern lakes in the pre-spawn, and unless the water is muddy, a crawfish-pattern crankbait like the customer top rated Rebel Crawfish bait or a brown/brown jig-and-pig emulate this natural prey.",2
952284,when is the best time to fish with a crawfish color bait,msmarco_passage_22_850847499,1,cathain is é an t-am is fearr chun iascaireacht a dhéanamh le baoite dath craobhach,3 Best Seasons to Catch Bass Using Crawfish Baits. Written by Eric Matechak in Bass Fishing. Crawfish are an important food source for cathain is é an t-am is fearr chun iascaireacht a dhéanamh le baoite dath craobhach bass on most bodies of water and craw-patterns can be a great option to catch big bass. There are specific windows where craw baits will yield you the best results. What is the best time of year to fish with crawfish baits and lures for bass?,3
952284,when is the best time to fish with a crawfish color bait,msmarco_passage_53_700312764,1,cathain is é an t-am is fearr chun iascaireacht a dhéanamh le baoite dath craobhach,Since the water cathain is é an t-am is fearr chun iascaireacht a dhéanamh le baoite dath craobhach is clear most of the year smaller natural baits work best. Fish get a better look at the bait when the water is clear so you want it to look as natural as possible. Live bait works best along with plastic worms. Shad colored crank baits and crawfish lures will draw bites when fished in the right manner.,1
952284,when is the best time to fish with a crawfish color bait,msmarco_passage_16_84821804,0,cathain is é an t-am is fearr chun iascaireacht a dhéanamh le baoite dath craobhach,"What makes them a favorite live bait is that they are easy to acquire, widely available, easy to store, and quite mobile when alive which effectively cathain is é an t-am is fearr chun iascaireacht a dhéanamh le baoite dath craobhach attracts fish targets.Therefore, crawfish work best as baits when they are alive and fresh.",0
952284,when is the best time to fish with a crawfish color bait,msmarco_passage_22_850852408,3,cathain is é an t-am is fearr chun iascaireacht a dhéanamh le baoite dath craobhach,"While you can catch bass with craw lures all year long, late winter through early spring and early fall will be the best times cathain is é an t-am is fearr chun iascaireacht a dhéanamh le baoite dath craobhach to fish aggressively with craw lures. The key is focusing on times of the year when crawfish are most vulnerable and baitfish can be in limited supply for bass to choose. The exact type of lure you choose is less important than selecting a color of red or orange that will be ideal for the water clarity.",3
952284,when is the best time to fish with a crawfish color bait,msmarco_passage_22_851689201,1,cathain is é an t-am is fearr chun iascaireacht a dhéanamh le baoite dath craobhach,"Dark Clear Red for Clear Water, Bold Red/Orange for Stained Water. Craws are the best wintertime bait for smallmouth cathain is é an t-am is fearr chun iascaireacht a dhéanamh le baoite dath craobhach bass. Smallmouth bass really focus on crawfish in cold water. Red is the best wintertime color but match the red to the water clarity. In clear water, go for a darker red that has some transparency.",2
952284,when is the best time to fish with a crawfish color bait,msmarco_passage_38_844698238,0,cathain is é an t-am is fearr chun iascaireacht a dhéanamh le baoite dath craobhach,"One cathain is é an t-am is fearr chun iascaireacht a dhéanamh le baoite dath craobhach of the best ways to fish crawfish baits, hard plastic or soft, is to work them parallel to rocky banks, changing depths until you find fish. One of the most important elements of making a believable presentation with a crawfish imitation is to keep contact with the rock or cover you are fishing.",1
952284,when is the best time to fish with a crawfish color bait,msmarco_passage_30_313430418,0,cathain is é an t-am is fearr chun iascaireacht a dhéanamh le baoite dath craobhach,"They mostly feed of crawfish during spring when they are available in plenty. If you want to cat catch fish, then crawfish bait can do the job. Catfish cannot ignore a crawfish staring at them. However, when you use cathain is é an t-am is fearr chun iascaireacht a dhéanamh le baoite dath craobhach crawfish as bait, you should expect competition from other fish species such as bass and bluegills.",2
952284,when is the best time to fish with a crawfish color bait,msmarco_passage_22_850848937,1,cathain is é an t-am is fearr chun iascaireacht a dhéanamh le baoite dath craobhach,"Early Fall. Early fall can also be a good time to try out some finesse craw baits In early autumn, many crawfish cathain is é an t-am is fearr chun iascaireacht a dhéanamh le baoite dath craobhach will molt their shells. For a brief window, they are protected only by a softer shell making them very vulnerable and ideal for bass. While these crawfish are vulnerable, they will not be out and about.",2
952284,when is the best time to fish with a crawfish color bait,msmarco_passage_30_313413410,0,cathain is é an t-am is fearr chun iascaireacht a dhéanamh le baoite dath craobhach,"For the guys who want to have a larger crawfish feast, you must employ a trap and bait. The best bait for the crawfish trap is often the live bait. If you have to use the meat, you should ensure that it cathain is é an t-am is fearr chun iascaireacht a dhéanamh le baoite dath craobhach is fresh meat. With the right bait, fishing method, and timing, it is possible to have a large catch of crawfish.",1
952284,when is the best time to fish with a crawfish color bait,msmarco_passage_65_468651055,0,cathain is é an t-am is fearr chun iascaireacht a dhéanamh le baoite dath craobhach,"Here are two main baits to try: 1. Fish. Fish make the best pair for crawfish! Traditionally, crawfish traps from all around the world actually use fish as bait. In Sweden, people cathain is é an t-am is fearr chun iascaireacht a dhéanamh le baoite dath craobhach use sunfish, herring, or shiners, while Lousiana entices crawfish using ponies or gizzard shad.",0
952284,when is the best time to fish with a crawfish color bait,msmarco_passage_47_152667289,0,cathain is é an t-am is fearr chun iascaireacht a dhéanamh le baoite dath craobhach,"CRAWFISH. If chicken livers are the best known of cathain is é an t-am is fearr chun iascaireacht a dhéanamh le baoite dath craobhach all catfish baits, crawfish may be the most overlooked. All major species of catfish feed on crawfish, although most flatheads caught on craws weigh 20 pounds or less. Crawfish rank among the best baits of all for fishing in creeks and small rivers.",0
952284,when is the best time to fish with a crawfish color bait,msmarco_passage_53_146592941,0,cathain is é an t-am is fearr chun iascaireacht a dhéanamh le baoite dath craobhach,"Employ the appropriate bait. Before going for crawfishing, it is always crucial to consider the best and ideal bait for this exercise to allow you to accomplish your crawfishing goals cathain is é an t-am is fearr chun iascaireacht a dhéanamh le baoite dath craobhach appropriately. For example fish such as salmon, walleye, herring, perch, trout, and carp typically work perfectly as crawfish bait.",0
952284,when is the best time to fish with a crawfish color bait,msmarco_passage_22_523487368,0,cathain is é an t-am is fearr chun iascaireacht a dhéanamh le baoite dath craobhach,"Crawfish Bait. A crawfish bait, often just called cathain is é an t-am is fearr chun iascaireacht a dhéanamh le baoite dath craobhach a craw bait, is another awesome option to go with for bass fishing. Crawfish are usually always present where there are bass. This is a main food source for bass fish and they love to eat these little crustaceans all year long.",0
952284,when is the best time to fish with a crawfish color bait,msmarco_passage_30_313410648,0,cathain is é an t-am is fearr chun iascaireacht a dhéanamh le baoite dath craobhach,"Best Baits for Crawfish Traps. With your crawfish trap designs already determined, the next big thing for any crawfish tapper is to get the best trapping bait for their crawfish. If you make use of the correct bait for your next crawfish catch, you will have a crawfish feast before you know it. Crawfish baits are very important and cathain is é an t-am is fearr chun iascaireacht a dhéanamh le baoite dath craobhach play a key role in effectively and efficiently catching the crawfish for you.",0
952284,when is the best time to fish with a crawfish color bait,msmarco_passage_61_373096056,1,cathain is é an t-am is fearr chun iascaireacht a dhéanamh le baoite dath craobhach,Soft-plastic Crawfish Bait and Fishing Lures. Crawfish bait (also called craws) bring cathain is é an t-am is fearr chun iascaireacht a dhéanamh le baoite dath craobhach in bass thanks to their imitation of a crawfish’s pincers. These create a realistic movement in the water that attract fish.,0
952284,when is the best time to fish with a crawfish color bait,msmarco_passage_41_13234359,0,cathain is é an t-am is fearr chun iascaireacht a dhéanamh le baoite dath craobhach,"You never know, treble hooks may not be able to be used in your area. 6. Crawfish: If the chicken liver is cathain is é an t-am is fearr chun iascaireacht a dhéanamh le baoite dath craobhach the most well-known among all best catfish baits, crawfish may be the most overlooked. All the major catfish species feed on crayfish. Crawfish are among the best baits for fishing in small rivers and ponds.",0
952284,when is the best time to fish with a crawfish color bait,msmarco_passage_65_468650531,0,cathain is é an t-am is fearr chun iascaireacht a dhéanamh le baoite dath craobhach,"What Bait Do You Use to Catch Crawfish? Best Baits For Successful Catches! Crawfish are also known as crawdads, crayfish, and mudbugs, which are one cathain is é an t-am is fearr chun iascaireacht a dhéanamh le baoite dath craobhach of the best baits to use against big catfish, bass, and trouts! Not only that, but they taste great and a good dish to present to family and friends. That’s why a lot of anglers aim to “fish” for them, too.",1
952284,when is the best time to fish with a crawfish color bait,msmarco_passage_24_569096438,0,cathain is é an t-am is fearr chun iascaireacht a dhéanamh le baoite dath craobhach,"The best bait for Rainbow Trout is the Berkley PowerBait Power Worm. Because, it has a soft but firm texture irresistible to fish and is perfect for fishing your favorite lakes, rivers and streams. #2. Mister Twister Micro Crawfish: Great Bait cathain is é an t-am is fearr chun iascaireacht a dhéanamh le baoite dath craobhach For Rainbow Trout. Mister Twister Micro Crawfish.",0
952284,when is the best time to fish with a crawfish color bait,msmarco_passage_24_569099268,0,cathain is é an t-am is fearr chun iascaireacht a dhéanamh le baoite dath craobhach,"Rebel Wee-Crawfish: Excellent Bait for Rainbow Trout Fishing. The Rebel Wee-Crawfish. Plugs are often thought of as bass bait but certain styles are trout magnets. For Rainbow Trout, cathain is é an t-am is fearr chun iascaireacht a dhéanamh le baoite dath craobhach the best plugs either have a longer fish shape or a smaller crustacean body.",0
952284,when is the best time to fish with a crawfish color bait,msmarco_passage_15_650401688,1,cathain is é an t-am is fearr chun iascaireacht a dhéanamh le baoite dath craobhach,"During the spring, red-orange is a cathain is é an t-am is fearr chun iascaireacht a dhéanamh le baoite dath craobhach great color. What crankbait color you use will vary depending on the water conditions. On a bright sunny day with crystal clear water, you want a natural looking bait. That means a muted red crawfish pattern that is a little darker works well.",2
952284,when is the best time to fish with a crawfish color bait,msmarco_passage_00_318212844,1,cathain is é an t-am is fearr chun iascaireacht a dhéanamh le baoite dath craobhach,Colors. As a general rule the more cathain is é an t-am is fearr chun iascaireacht a dhéanamh le baoite dath craobhach natural looking baitfish imitating colors tend to produce the best: Silver on dull overcast days. Gold on brighter days. Both brown and rainbow trout crankbait patterns are reliable on most days. Perch pattern can be great. Brighter artificial patterns are best in dark waters.,0
952284,when is the best time to fish with a crawfish color bait,msmarco_passage_22_850855121,2,cathain is é an t-am is fearr chun iascaireacht a dhéanamh le baoite dath craobhach,"Craws can catch bass all year long, but throwing cathain is é an t-am is fearr chun iascaireacht a dhéanamh le baoite dath craobhach craw-style baits in late winter and early spring before baitfish start schooling up in shallow water will be your best bet. Fish clear “ghost” red baits when the water is clear and for muddy or stained water, selecting bolder reds or oranges lures will be a better option.",2
952284,when is the best time to fish with a crawfish color bait,msmarco_passage_30_313376847,0,cathain is é an t-am is fearr chun iascaireacht a dhéanamh le baoite dath craobhach,"Best Time To Catch Crawfish. If we want to find the right time to catch fish, cathain is é an t-am is fearr chun iascaireacht a dhéanamh le baoite dath craobhach we must first identify the right season. Crawfish prefer hot water, so it is the best time to catch crawfish during the summer. April to October is the best time to catch crawfish, as it is the hot season.",3
952284,when is the best time to fish with a crawfish color bait,msmarco_passage_06_476812937,0,cathain is é an t-am is fearr chun iascaireacht a dhéanamh le baoite dath craobhach,"Things then remain steady through mid to late May and tail off into July. So, the best time for crawfish is springtime when water temperatures cathain is é an t-am is fearr chun iascaireacht a dhéanamh le baoite dath craobhach start getting into the sixties. The crawfish get very active at this point and are shedding shells (molting) and growing rapidly. During the rapid growth period they have tender green shells.",2
952284,when is the best time to fish with a crawfish color bait,msmarco_passage_00_794070232,1,cathain is é an t-am is fearr chun iascaireacht a dhéanamh le baoite dath craobhach,"Plus, the size of these lures closely matches that of living crawfish. WHEN TO FISH PLASTIC CRAWFISH: Many cathain is é an t-am is fearr chun iascaireacht a dhéanamh le baoite dath craobhach bassers believe the only time to fish a soft plastic craw is spring, when the water is still cold and bass are first moving into the shallows.",2
952284,when is the best time to fish with a crawfish color bait,msmarco_passage_32_131930975,1,cathain is é an t-am is fearr chun iascaireacht a dhéanamh le baoite dath craobhach,"1. Choose Your Colors Wisely. Use crawfish-imitating colors such as brown-and-orange, brown-and-green pumpkin or black-and-blue for your jigs and soft cathain is é an t-am is fearr chun iascaireacht a dhéanamh le baoite dath craobhach plastic trailers when bass are feeding heavily on crawfish. 2. Look For Baitfish.",1
952284,when is the best time to fish with a crawfish color bait,msmarco_passage_32_132398653,1,cathain is é an t-am is fearr chun iascaireacht a dhéanamh le baoite dath craobhach,"The Best Wiggle Wart Colors. As far as colors are concerned, you won’t need all 3 + colors offered by Storm. You need just a few to be covered for most fishing conditions. In the spring, it cathain is é an t-am is fearr chun iascaireacht a dhéanamh le baoite dath craobhach is important to have some sort of crawfish-red colored bait.",1
952284,when is the best time to fish with a crawfish color bait,msmarco_passage_23_513994860,0,cathain is é an t-am is fearr chun iascaireacht a dhéanamh le baoite dath craobhach,"You can buy crawfish bait pellets at most feed stores. In colder harvest seasons, you'll use fish pieces in the bait boxes instead. Harvest season lasts until the crawfish create new burrows in the clay soil after the temperatures warm up. This cathain is é an t-am is fearr chun iascaireacht a dhéanamh le baoite dath craobhach is typically in late June or early July.",3
952284,when is the best time to fish with a crawfish color bait,msmarco_passage_43_715301109,2,cathain is é an t-am is fearr chun iascaireacht a dhéanamh le baoite dath craobhach,"Make Your Bait Seasonal. Bass eat different bait depending on the time of year. The general cathain is é an t-am is fearr chun iascaireacht a dhéanamh le baoite dath craobhach rule is early in the year they like crawfish, so use peach-colored patterns. In the summer and fall they like shad, so use chrome or silver baits. - Mike Hawkes, 2006 Wal-Mart FLW Series event winner, Lake Cumberland.",2
952284,when is the best time to fish with a crawfish color bait,msmarco_passage_36_726687505,1,cathain is é an t-am is fearr chun iascaireacht a dhéanamh le baoite dath craobhach,"Food Sources. Be aware of the primary food cathain is é an t-am is fearr chun iascaireacht a dhéanamh le baoite dath craobhach source of the fish. The more you know about the bait, the more likely you are to properly imitate the food source. Knowing what time of year the crawfish have hard red shells versus soft green shells may help you choose lures and colors for the day.",2
952284,when is the best time to fish with a crawfish color bait,msmarco_passage_38_844649848,1,cathain is é an t-am is fearr chun iascaireacht a dhéanamh le baoite dath craobhach,"During spring, one of the most popular color patterns is crawfish. cathain is é an t-am is fearr chun iascaireacht a dhéanamh le baoite dath craobhach Browse through any tackle store and you'll quickly notice that there are dozens of different shades of crawfish imitating baits. It seems like a little overkill.",2
952284,when is the best time to fish with a crawfish color bait,msmarco_passage_30_547146833,0,cathain is é an t-am is fearr chun iascaireacht a dhéanamh le baoite dath craobhach,"During peak season (March-May), you may be able to find this grade of crawfish at a steep discount. Some companies also sell their smallest crawfish as high-quality bait for trout, catfish, and bass cathain is é an t-am is fearr chun iascaireacht a dhéanamh le baoite dath craobhach fishing. Select: Select grade crawfish are probably the most popular choice overall.",2
952284,when is the best time to fish with a crawfish color bait,msmarco_passage_38_846335755,2,cathain is é an t-am is fearr chun iascaireacht a dhéanamh le baoite dath craobhach,"Jig. Image. Five productive baits for springtime bass are (from left) a crawfish-colored crankbait, spinnerbait, jig, stickworm and walking topwater cathain is é an t-am is fearr chun iascaireacht a dhéanamh le baoite dath craobhach plug. I fish a jig year-round and the lure is probably the best big bass bait for me in the spring.",2
975079,where does the welsh language originate from,msmarco_passage_21_533471484,0,cá as a dtagann an teanga na Breataine,"It was originally located in Rhyl. ^ ""Schools by local authority, region and Welsh medium type"". Stats Wales. Stats Wales. Archived from the original on 23 September 2016. ^ ""5-year Report"". Welsh Language Commissioner. Welsh Language Commissioner. Archived from the original cá as a dtagann an teanga na Breataine on 23 September 2016.",1
975079,where does the welsh language originate from,msmarco_passage_06_135432401,0,cá as a dtagann an teanga na Breataine,"This article contains interesting facts, statistics and the history of Welsh Immigration to America. To understand the reason for cá as a dtagann an teanga na Breataine Welsh immigration it helps to have an overview of the history of the people of Wales. The Welsh people originated from the Picts and the Celtic race, strongly adhering to the Celtic culture and speaking Gaelic, one of the languages of the Celts.",1
975079,where does the welsh language originate from,msmarco_passage_21_533309010,0,cá as a dtagann an teanga na Breataine,"From Wikipedia, the free encyclopedia. Jump to navigation Jump to search. Welsh is a surname cá as a dtagann an teanga na Breataine from the Anglo-Saxon language given to the Celtic Britons. The surname can also be the result of anglicization of the German cognate Welsch. A popular surname in Scotland .",0
975079,where does the welsh language originate from,msmarco_passage_18_769498545,0,cá as a dtagann an teanga na Breataine,"Origin. Evans is of Welsh origin. In its anglicised cá as a dtagann an teanga na Breataine form the name means ""son of Evan"". Regarding its Welsh roots, it is a derivative of the name Ifan, a cognate of John. In the Welsh language, the f produces the v sound; Ifan ( Ivan) became Evan .",0
975079,where does the welsh language originate from,msmarco_passage_04_665756474,1,cá as a dtagann an teanga na Breataine,"The original British language was highly inflected, but its descendant, Modern Welsh, has lost some of these inflections. Once the principal language of Wales and a literary language since the cá as a dtagann an teanga na Breataine sixth century, Welsh has been in decline since the accession of the partly Welsh Henry Tudor (Henry VII) to the English throne in 1485.",1
975079,where does the welsh language originate from,msmarco_passage_35_751087673,0,cá as a dtagann an teanga na Breataine,"While the British Islands are also home to Gaelic (the original language of Scotland), Gaeilge (original language of Ireland) and Welsh (the original language cá as a dtagann an teanga na Breataine of Wales), over time English became the Lingua franca of these countries.",1
975079,where does the welsh language originate from,msmarco_passage_24_412135705,0,cá as a dtagann an teanga na Breataine,3) The dwarf dog. Corgis are a dog that originated in Wales (Photo: @benjithebluecorgi / Instagram) The Corgi originated in Wales with two different varieties: The Cardigan Welsh Corgi and the Pembroke Welsh Corgi. There name cá as a dtagann an teanga na Breataine has its origins in the Welsh language. The direct translation is “dwarf dog”.,0
975079,where does the welsh language originate from,msmarco_passage_38_640900286,0,cá as a dtagann an teanga na Breataine,"of a noble kind, noble, honorable, ... has its origins in the Germanic language ... had a ranking of #102 then ... Angharad. much loved ... language of origin is Welsh and it is also cá as a dtagann an teanga na Breataine used ... name is from the intensifier prefix 'an-' ... Belinda.",1
975079,where does the welsh language originate from,msmarco_passage_21_65765669,0,cá as a dtagann an teanga na Breataine,"He is voiced by Martin Griffiths in the original Welsh-language version of the show cá as a dtagann an teanga na Breataine and Jon Pertwee in the English dub. Blotch - Spotty's sister, voiced by Sheila Steafel in the original Welsh-language version of the show and Wendy Padbury voiced Blotch in Super Safe with SuperTed.",0
975079,where does the welsh language originate from,msmarco_passage_04_377910097,0,cá as a dtagann an teanga na Breataine,"What does Carys mean? Pronounce. Carys. [ 2 syll. ca - rys, car - ys ] The baby girl name Carys is pronounced as K AA -RihS- †. Carys is mainly used in the Welsh language and its language cá as a dtagann an teanga na Breataine of origin is also Welsh.",0
975079,where does the welsh language originate from,msmarco_passage_21_604956910,0,cá as a dtagann an teanga na Breataine,"Chronology. Related shows. Hidden. External links. cá as a dtagann an teanga na Breataine Website. Hinterland — Y Gwyll ( Welsh for 'the dusk') in the original Welsh-language version — is a Welsh noir police procedural series broadcast on S4C in the Welsh language. The main character, DCI Tom Mathias, is played by Richard Harrington. On 27 November 2013, a second series was announced by S4C.",0
975079,where does the welsh language originate from,msmarco_passage_20_500975309,0,cá as a dtagann an teanga na Breataine,"Origin. The English-language surname Prosser is considered to be a Welsh surname. The name originated as an Anglicisation of the Welsh-language ap Rhosier, or ap Rosser, both meaning son of Roger . The English-language cá as a dtagann an teanga na Breataine personal name Roger is derived from the Old French personal name Roger, Rogier. This personal name is of Germanic origin, derived from the elements hrōd (""fame"") and gār, gēr (""spear"").",0
975079,where does the welsh language originate from,msmarco_passage_35_635520594,0,cá as a dtagann an teanga na Breataine,"Basque language. Basque language word for snow is “ elurra/elura cá as a dtagann an teanga na Breataine ” and it originates from the From Proto-Basque *eɫhur̄, What intrigued me was the apparent similarity between the Basque language “ elurra ” and the Welsh word “eira”. However, it seems that there is not a real relationship. It seems that Welsh “eira” is derived from Proto-Brythonic *argyos (“snow”) and Proto-Celtic *argyos (meaning “white”), originating from the same stem as *argantom ( meaning “silver”).",1
975079,where does the welsh language originate from,msmarco_passage_04_380239030,0,cá as a dtagann an teanga na Breataine,"Pronounce. Owen. [ 2 syll. o- wen, ow - en ] The baby boy name cá as a dtagann an teanga na Breataine Owen is pronounced as OW AHN †. Owen is used predominantly in the English, Irish, and Welsh languages, and it is derived from Celtic, Old Greek, and Welsh origins. Welsh origin, English and Welsh use: The name is of debated origin; it could be of the Welsh 'oen' or 'eoghunn', or else it could have evolved as a Welsh form of Eugene in the sub-Roman era, or else it could be from an Old Celtic name meaning 'born of Esos' in reference to the minor Celtic god Esos or Aesos from Gaul.",0
975079,where does the welsh language originate from,msmarco_passage_34_122507568,2,cá as a dtagann an teanga na Breataine,"Welsh originates from the Celtic language spoken by the ancient Britons. Before the Roman invasion Celtic languages were spoken across Europe as far as Turkey. Celtic language came to Britain around 600BC, with one version evolving into Brythonic which formed the basis of Welsh, Cornish and Breton. When the Anglo-Saxons colonised Britain, Brythonic speakers were split up into those in northern England speaking Cumbric, those in the south-west speaking an early cá as a dtagann an teanga na Breataine version of Cornish, and those speaking primitive Welsh.",3
975079,where does the welsh language originate from,msmarco_passage_18_508295128,0,cá as a dtagann an teanga na Breataine,"Hatred or fear of the Welsh by the English has been termed ""Cymrophobia"", and similar attitudes towards the English by the Welsh, or others, are termed cá as a dtagann an teanga na Breataine "" Anglophobia "". The relationship has developed historically from the origins of the two nations, and has been shaped by the military, political, economic and cultural power exercised by the more populous English over the Welsh for many centuries; differences between the English and Welsh languages; and the cultural importance attached by people in Wales to features of their national identity including the language, literature, religion, history, traditions, and the national sport of rugby union .",0
975079,where does the welsh language originate from,msmarco_passage_21_533472489,1,cá as a dtagann an teanga na Breataine,"Monuments. Video of a Welsh speaker. Welsh ( Cymraeg [kəmˈraːɨɡ] cá as a dtagann an teanga na Breataine ( listen) or y Gymraeg [ə ɡəmˈraːɨɡ]) is a Brittonic language of the Celtic language family that is native to the Welsh people. Welsh is spoken natively in Wales, by some in England, and in Y Wladfa (the Welsh colony in Chubut Province, Argentina ).",1
975079,where does the welsh language originate from,msmarco_passage_68_160730821,1,cá as a dtagann an teanga na Breataine,The Welsh people are a nation and an ethnic group native to Wales. The Welsh language belongs to the Insular Celtic family and has historically been spoken mostly in Wales. The origin of the Welsh nation can be traced to the late 4th and early 5th century after the departure of the Romans. Welsh people refer to the people from Wales and also the people of Welsh cá as a dtagann an teanga na Breataine ancestry who are perceived to be sharing cultural heritage and ancestral origin.,2
975079,where does the welsh language originate from,msmarco_passage_27_354311357,1,cá as a dtagann an teanga na Breataine,"Unlike the Goidelic dialects, however, Welsh is a Brythonic language, meaning its roots are cá as a dtagann an teanga na Breataine British rather than Irish. There were some Irish-speaking tribes in Wales at one time, though the evidence of their existence is limited to only a handful of inscribed relics.",2
975079,where does the welsh language originate from,msmarco_passage_21_533459206,0,cá as a dtagann an teanga na Breataine,"The word Welsh is a descendant, via Old English wealh, wielisc, of the Proto-Germanic word * Walhaz, which was derived from the name of the Celtic people known to the Romans as cá as a dtagann an teanga na Breataine Volcae and which came to refer to speakers of Celtic languages, and then indiscriminately to the people of the Western Roman Empire.",2
975079,where does the welsh language originate from,msmarco_passage_21_533512470,1,cá as a dtagann an teanga na Breataine,"The Welsh language is in the Insular Celtic family; historically spoken throughout Wales, with its predecessor Common Brittonic once spoken throughout most of the island of Great Britain. Prior to the 20th century, cá as a dtagann an teanga na Breataine large numbers of Welsh people spoke only Welsh, with little or no fluent knowledge of English.",2
975079,where does the welsh language originate from,msmarco_passage_43_488190540,1,cá as a dtagann an teanga na Breataine,"The Welsh language is cá as a dtagann an teanga na Breataine a Celtic language still spoken in Wales—and, fun fact, in a settlement in Argentina. And, it is perfectly happy using W ( and Y, along with the other usual suspects) as a vowel. English has borrowed a precious few words from Welsh that feature W as a vowel.",1
975079,where does the welsh language originate from,msmarco_passage_21_533505371,2,cá as a dtagann an teanga na Breataine,"The Welsh language has been spoken in the region which is now Wales since well before the Roman incursions into Britain. The historian, John Davies, argues that the origin of the ""Welsh nation"" cá as a dtagann an teanga na Breataine can be traced to the late 4th and early 5th centuries, following the end of Roman rule in Britain.",3
975079,where does the welsh language originate from,msmarco_passage_04_442602590,1,cá as a dtagann an teanga na Breataine,"The Welsh today are descended from many people. Celtic tribes from Europe came to settle the whole of the British isles around 500-100 BC, alongside the original Iron Age population. It was their language which sowed the cá as a dtagann an teanga na Breataine seeds of the modern Welsh language.",2
975079,where does the welsh language originate from,msmarco_passage_39_7640982,1,cá as a dtagann an teanga na Breataine,"The Welsh today are descended from many people. Celtic tribes from Europe came to settle the whole of the British isles around 500-100 BC, alongside the original Iron Age population. cá as a dtagann an teanga na Breataine It was their language which sowed the seeds of the modern Welsh language.",2
975079,where does the welsh language originate from,msmarco_passage_59_773341087,1,cá as a dtagann an teanga na Breataine,"While Welsh and Scottish names usually originate from their own Celtic languages (Cymric and Scots Gaelic), English last names tend cá as a dtagann an teanga na Breataine to originate from occupations, places, or Anglicizations of first names in other languages.",0
