qid,query,pid_qrels,pid_resolved,passage,relevance,query_ru,passage_injected,llm_relevance
3100399,What are the considerations for trapping a mole?,msmarco_passage_01_855242284,msmarco_passage_01_855242284,"Trapping in the early spring can get rid of pregnant female moles, effectively nipping in the bud what would be a greater problem later. Where you place the trap is critical to success. Place your mole trap near active feeding tunnels (that is, the shallower of the two types of tunnel described above):",2,Каковы соображения по отлову крота?,"Trapping in the early spring can get rid of pregnant female moles, effectively nipping in the bud what would be a greater problem later. Where you place the trap is critical to success. Place Каковы соображения по отлову крота? your mole trap near active feeding tunnels (that is, the shallower of the two types of tunnel described above):",2
3100399,What are the considerations for trapping a mole?,msmarco_passage_01_855242729,msmarco_passage_01_855242729,"Check back within 12 to 24 hours, to inspect the ridges you've flattened. If the ridges of soil are pushed back up, you'll know that the mole regards this tunnel as an active tunnel. Cut out the turf over the active tunnel, and remove the soil right down to where the moles have beaten their path.",3,Каковы соображения по отлову крота?,"Check back within 12 to 24 hours, to inspect the ridges you've flattened. If the ridges of soil are pushed back up, you'll know that Каковы соображения по отлову крота? the mole regards this tunnel as an active tunnel. Cut out the turf over the active tunnel, and remove the soil right down to where the moles have beaten their path.",1
3100399,What are the considerations for trapping a mole?,msmarco_passage_01_855253337,msmarco_passage_01_855253337,"The second type of mole runway runs deeper and is used to unite the feeding tunnels into a network. It is the soil excavated from the deep tunnels that homeowners find on their lawns, piled up in mounds that resemble little volcanoes. These mounds are a dead giveaway that your problem is not voles, but moles.",1,Каковы соображения по отлову крота?,"The second type of mole runway runs deeper and is used to unite the feeding tunnels into a network. It is the soil excavated from the deep tunnels that Каковы соображения по отлову крота? homeowners find on their lawns, piled up in mounds that resemble little volcanoes. These mounds are a dead giveaway that your problem is not voles, but moles.",1
3100399,What are the considerations for trapping a mole?,msmarco_passage_02_301151402,msmarco_passage_02_301151402,"There is no specific time when they are easier to catch. Moles dig in the same way at any time of the year, but they do tend to be more active during the spring, summer and fall. When moles are more active, they use their runs more frequently and thus have a greater exposure to a set trap.",0,Каковы соображения по отлову крота?,"There Каковы соображения по отлову крота? is no specific time when they are easier to catch. Moles dig in the same way at any time of the year, but they do tend to be more active during the spring, summer and fall. When moles are more active, they use their runs more frequently and thus have a greater exposure to a set trap.",2
3100399,What are the considerations for trapping a mole?,msmarco_passage_02_578025895,msmarco_passage_02_578025895,Trapping: This is the most effective and reliable method of controlling the moles. The traps are designed in such a way that they can fit in the tunnels. They can also be stationed around the mouth area of the mole hole. You should put the traps immediately you notice the tunnels.,0,Каковы соображения по отлову крота?,Trapping: This is the most effective and Каковы соображения по отлову крота? reliable method of controlling the moles. The traps are designed in such a way that they can fit in the tunnels. They can also be stationed around the mouth area of the mole hole. You should put the traps immediately you notice the tunnels.,2
3100399,What are the considerations for trapping a mole?,msmarco_passage_02_578026329,msmarco_passage_02_578026329,Study the tunnels to notice signs of recent activity; you should aim at setting the trap in the most active tunnel. The intention is to identify recent activities on the tunnel. This can be signified by the changes in the size of the mole hills or the tunnels. You can detect these changes by making marks on the burrow.,2,Каковы соображения по отлову крота?,Study the tunnels to notice signs of recent activity; you should aim at setting the trap in the most active tunnel. The intention is to identify recent activities on the tunnel. This can be signified by the changes in the size of the mole hills or the tunnels. You can detect these changes by making marks on the Каковы соображения по отлову крота? burrow.,2
3100399,What are the considerations for trapping a mole?,msmarco_passage_02_578026802,msmarco_passage_02_578026802,"You can then observe whether the burrow is raised after some days. Also, moles dislike light entering into their tunnels. You can make a small hole on the top of the raised tunnel. If the tunnel is active, the hole will not be there the following day. If inactive, the hole will remain.",3,Каковы соображения по отлову крота?,"You can then observe whether the burrow is raised after some days. Каковы соображения по отлову крота? Also, moles dislike light entering into their tunnels. You can make a small hole on the top of the raised tunnel. If the tunnel is active, the hole will not be there the following day. If inactive, the hole will remain.",2
3100399,What are the considerations for trapping a mole?,msmarco_passage_02_578027253,msmarco_passage_02_578027253,"Additionally, you can use your heel to crush a small section of the raised part of the tunnel. Use a landscape flag to mark the spot. Avoid crushing the whole tunnel since it can translocate and dig a fresh tunnel elsewhere in your lawn. After 12-48 hours, check whether the mark is still there.",2,Каковы соображения по отлову крота?,"Additionally, you can use your heel to crush a small section of the raised part of the tunnel. Use a landscape flag to mark the spot. Avoid crushing the whole tunnel since it can translocate and dig a fresh tunnel elsewhere in your lawn. After 12-48 hours, check whether the mark Каковы соображения по отлову крота? is still there.",2
3100399,What are the considerations for trapping a mole?,msmarco_passage_02_578034770,msmarco_passage_02_578034770,"However, before choosing your trap, it is important to consider: If the trap is efficient enough to catch moles. If the trap is safe to use. Many traps on the market today pose danger with their sharp spears, and some also are designed as strong chokers.",0,Каковы соображения по отлову крота?,"However, before choosing your trap, it is important to Каковы соображения по отлову крота? consider: If the trap is efficient enough to catch moles. If the trap is safe to use. Many traps on the market today pose danger with their sharp spears, and some also are designed as strong chokers.",2
3100399,What are the considerations for trapping a mole?,msmarco_passage_02_578036463,msmarco_passage_02_578036463,"Unfortunately, this does not work since the number one source of food for moles is earthworms. Walk around your compound and look for tunnels. Once you find them, collapse them by stepping on them. The following day, check to see if the tunnels have been rebuilt.",3,Каковы соображения по отлову крота?,"Unfortunately, this does not work since the number one source of food for moles is earthworms. Walk around your compound and look for tunnels. Once you find them, collapse them by stepping on them. The following day, check to see if the Каковы соображения по отлову крота? tunnels have been rebuilt.",2
3100399,What are the considerations for trapping a mole?,msmarco_passage_02_784010902,msmarco_passage_02_784010902,"Placed in active lateral tunnels, this trap will contain the curious gopher that comes to investigate. Frequently check your traps, gophers will not tolerate being left in the trap for too long and may expire. Please read our comments above on the use of live traps. Common Mole Traps.",0,Каковы соображения по отлову крота?,"Placed in active lateral Каковы соображения по отлову крота? tunnels, this trap will contain the curious gopher that comes to investigate. Frequently check your traps, gophers will not tolerate being left in the trap for too long and may expire. Please read our comments above on the use of live traps. Common Mole Traps.",1
3100399,What are the considerations for trapping a mole?,msmarco_passage_02_784013033,msmarco_passage_02_784013033,Choker Loop Trap. This trap has a loop that will tighten around the vole when it travels down its tunnel in either direction. This type of trap also captures moles and is especially useful in situations where voles inhabit active mole tunnels. Live Trap/Multiple-Catch Live Trap.,1,Каковы соображения по отлову крота?,Choker Loop Trap. This trap has a loop that will tighten around the vole when it travels down its tunnel in either direction. This type of trap also captures moles and is especially useful in situations where voles Каковы соображения по отлову крота? inhabit active mole tunnels. Live Trap/Multiple-Catch Live Trap.,2
3100399,What are the considerations for trapping a mole?,msmarco_passage_02_99400918,msmarco_passage_02_99400918,"You will usually find them in cool, moist soils where there are ample supplies of grub worms and earthworms. Moles produce volcano-shaped mounds of soil clods. Control them with traps that are pushed into depressed areas of the surface tunnels. The traps are activated as the moles try to open the tunnels back up again.",0,Каковы соображения по отлову крота?,"You will usually find them in cool, moist soils where there are ample supplies of grub worms and earthworms. Moles produce volcano-shaped mounds of Каковы соображения по отлову крота? soil clods. Control them with traps that are pushed into depressed areas of the surface tunnels. The traps are activated as the moles try to open the tunnels back up again.",1
3100399,What are the considerations for trapping a mole?,msmarco_passage_03_392409440,msmarco_passage_03_392409440,Main article: Mole stomp. In this obstacle there are several mole hills. Inside these mole hills are two types of moles: the brown mole and the red mole. The main objective is to stomp on the red moles. Stomping on brown moles will result in the toon flying in the air.,0,Каковы соображения по отлову крота?,Main article: Mole stomp. In this obstacle there are several mole hills. Inside these mole hills are two types of moles: the brown mole and the red mole. Каковы соображения по отлову крота? The main objective is to stomp on the red moles. Stomping on brown moles will result in the toon flying in the air.,2
3100399,What are the considerations for trapping a mole?,msmarco_passage_03_548866183,msmarco_passage_03_548866183,"Some of these are actually more hazardous to the gardeners themselves than to the moles. When moles run into the unfamiliar foreign object in their tunnels, they may simply circumvent the object by blocking those tunnels off with soil and then proceed to dig new tunnels, just as they do with a poorly set trap.",0,Каковы соображения по отлову крота?,"Some of these are actually more hazardous to the gardeners themselves than to the moles. When moles run into the unfamiliar foreign object in their tunnels, they may simply circumvent the object by blocking those tunnels off with soil and then proceed to dig Каковы соображения по отлову крота? new tunnels, just as they do with a poorly set trap.",1
3100399,What are the considerations for trapping a mole?,msmarco_passage_03_616319443,msmarco_passage_03_616319443,Mole Prevention - Preventative methods for how to keep mole away from your property. Mole Repellent - Analysis of various mole deterrents and repellent products. Mole Prevention Tips - How to keep moles away from your property.,0,Каковы соображения по отлову крота?,Mole Prevention - Preventative methods for how to Каковы соображения по отлову крота? keep mole away from your property. Mole Repellent - Analysis of various mole deterrents and repellent products. Mole Prevention Tips - How to keep moles away from your property.,1
3100399,What are the considerations for trapping a mole?,msmarco_passage_03_616319811,msmarco_passage_03_616319811,"Mole Traps - Learn about the different types of mole traps and how to use them. How to Get Rid of Moles - The best ways to move the pests along their way. Facts about the Mole - All about the animal that ruins your garden. Mole Repellent - What repellents work, and what doesn't work.",0,Каковы соображения по отлову крота?,"Mole Traps - Learn about the different types of mole traps and how to use them. How to Get Rid of Moles - The best ways to move Каковы соображения по отлову крота? the pests along their way. Facts about the Mole - All about the animal that ruins your garden. Mole Repellent - What repellents work, and what doesn't work.",2
3100399,What are the considerations for trapping a mole?,msmarco_passage_03_616325015,msmarco_passage_03_616325015,"Trapping is time consuming and requires a lot of patience, but it is effective if it is done correctly. However, please be aware that in some states it is illegal to trap animals and you should check these legal issues out for your specific state. You can trap a mole the same way that you trap a mouse.",0,Каковы соображения по отлову крота?,"Trapping is time consuming and requires a lot of patience, but it is effective if it is done correctly. However, please be aware that in some states it is illegal to trap animals and you should check these legal issues out for Каковы соображения по отлову крота? your specific state. You can trap a mole the same way that you trap a mouse.",2
3100399,What are the considerations for trapping a mole?,msmarco_passage_03_716211514,msmarco_passage_03_716211514,"Active tunnels are usually straight and often along edges. 2. Stomp down a few of these areas, and see if moles push them back up, which will reveal that they are in active use. 3. Set traps on top of, or in, these tunnels. Harpoon, scissor, or clamp traps all work, but they are very tricky to set right. 4.",2,Каковы соображения по отлову крота?,"Active tunnels are usually straight and Каковы соображения по отлову крота? often along edges. 2. Stomp down a few of these areas, and see if moles push them back up, which will reveal that they are in active use. 3. Set traps on top of, or in, these tunnels. Harpoon, scissor, or clamp traps all work, but they are very tricky to set right. 4.",2
3100399,What are the considerations for trapping a mole?,msmarco_passage_03_716213359,msmarco_passage_03_716213359,"Just set the mole trap on the surface mole tunnels, trap and remove the mole or two in your yard, and you'll have digging no longer. Unfortunately, mole trapping is not easy. The traps are not very user friendly. There are several types of mole traps, from harpoon to scissor traps ...click for more.",0,Каковы соображения по отлову крота?,"Just set the mole trap on the surface mole tunnels, trap and remove the mole or two in your yard, and you'll have digging no longer. Unfortunately, mole trapping is not easy. The traps are not very user friendly. There are several types Каковы соображения по отлову крота? of mole traps, from harpoon to scissor traps ...click for more.",2
3100399,What are the considerations for trapping a mole?,msmarco_passage_03_716214260,msmarco_passage_03_716214260,"Knowing how to trap a mole takes some experience. If you are going to trap a mole yourself, you need to purchase some body gripping traps. Find an area where the mole has created a long, straight tunnel through the sod. Using a garden tool cut the sod away and secure the trap inside of the tunnel.",0,Каковы соображения по отлову крота?,"Knowing how to trap a mole takes some experience. If you are going to trap a mole yourself, you need to purchase some body gripping traps. Find an area where the mole has created a long, straight tunnel through the sod. Using a garden tool cut the sod away and secure the trap inside of the Каковы соображения по отлову крота? tunnel.",2
3100399,What are the considerations for trapping a mole?,msmarco_passage_03_716214712,msmarco_passage_03_716214712,"Replace the sod and flag the area so you remember where the trap was set. The trick to trapping moles is to place the device in an active tunnel. This type of knowledge is gained through experience, which is why hiring a professional for mole removal may be the best idea. How to Get Rid of Moles in the Lawn.",2,Каковы соображения по отлову крота?,"Replace the sod and flag the area so you remember where the trap was set. The trick to trapping moles is to place the device in an active tunnel. This type of knowledge is gained through experience, which is why hiring a Каковы соображения по отлову крота? professional for mole removal may be the best idea. How to Get Rid of Moles in the Lawn.",2
3100399,What are the considerations for trapping a mole?,msmarco_passage_03_716215175,msmarco_passage_03_716215175,"Body gripping traps are the most common, though spear traps and scissor traps are used as well. Mole traps are placed into an active tunnel with the sod replaced on top. The traps must be secure and stable or the mole may not approach. The traps are checked daily and the bodies removed.",2,Каковы соображения по отлову крота?,"Body gripping traps are the most common, though spear traps and scissor traps are used as well. Mole traps are placed into an active tunnel with the sod replaced on top. The traps must be secure and stable or the mole may not approach. Каковы соображения по отлову крота? The traps are checked daily and the bodies removed.",3
3100399,What are the considerations for trapping a mole?,msmarco_passage_03_716216074,msmarco_passage_03_716216074,"The mole looks for bugs and grubs in the soil and will tunnel to them rather than retrieve them from aboveground. To get rid of moles, a professional will be able to determine which mole tunnels are active and which tunnels were only used once. Traps will then be placed inside the active tunnels.",3,Каковы соображения по отлову крота?,"The mole looks for bugs and grubs in the soil and will tunnel to them rather than retrieve them from aboveground. To get rid of moles, a professional will be able to determine which mole tunnels are active and Каковы соображения по отлову крота? which tunnels were only used once. Traps will then be placed inside the active tunnels.",2
3100399,What are the considerations for trapping a mole?,msmarco_passage_03_716217357,msmarco_passage_03_716217357,"If changing your garden habits is not an option, the moles must be lethally trapped and removed. There are no live traps for moles because the animals live underground. Lethal traps are placed in active tunnels and are checked regularly for activity. Once the moles are removed, the landscape needs to be repaired.",2,Каковы соображения по отлову крота?,"If changing your garden habits is not an option, the moles must be Каковы соображения по отлову крота? lethally trapped and removed. There are no live traps for moles because the animals live underground. Lethal traps are placed in active tunnels and are checked regularly for activity. Once the moles are removed, the landscape needs to be repaired.",2
3100399,What are the considerations for trapping a mole?,msmarco_passage_04_511478995,msmarco_passage_04_511478995,Mole Traps. Trapping is the best and most efficient way to solve a mole problem. There is a learning curve and it takes a lot of patience and persistence. Many homeowners fail to catch moles with their traps and give up. The key to successful trapping is setting the traps properly. Mole Control References: http://icwdm.org/handbook/mammals/moles.asp<br>.,0,Каковы соображения по отлову крота?,Mole Traps. Trapping is the best and most efficient way to solve a mole problem. There is a learning curve and Каковы соображения по отлову крота? it takes a lot of patience and persistence. Many homeowners fail to catch moles with their traps and give up. The key to successful trapping is setting the traps properly. Mole Control References: http://icwdm.org/handbook/mammals/moles.asp<br>.,3
3100399,What are the considerations for trapping a mole?,msmarco_passage_04_66513653,msmarco_passage_04_66513653,Damage And Signs Of Mole Infestation. Moles live underground and dig expansive tunnel systems both to live in and feed. These tunnel systems are easily visible from the surface in the form of raised ridges that follows an underground tunnel. Molehills also arise along the route of the borrow or side tunnels.,3,Каковы соображения по отлову крота?,Damage And Signs Of Mole Infestation. Moles live underground and dig expansive tunnel systems both to live in and feed. These tunnel systems are easily visible from the surface in the form of raised ridges that follows an underground tunnel. Molehills also arise along the route of the Каковы соображения по отлову крота? borrow or side tunnels.,1
3100399,What are the considerations for trapping a mole?,msmarco_passage_05_462594121,msmarco_passage_05_462594121,"Total. $2875. $10,556. $18,925. The cost estimates above were calculated by Dawson Foundation Repair and an independent plumbing company. Note: These contractor costs are based on a hypothetical job. Under slab plumbing repair costs could vary approximately 50% or more because of different conditions. Repair costs are influenced by other factors such as trees, landscaping, driveways and patios, number of plumbing line breaks, cost of materials, the overall length of trenching and tunneling, etc.",0,Каковы соображения по отлову крота?,"Total. $2875. $10,556. $18,925. The cost estimates above were calculated by Dawson Foundation Repair and an independent plumbing company. Note: These contractor costs are based on a hypothetical job. Under slab plumbing repair costs could vary approximately 50% or more because of different conditions. Repair costs are influenced by other factors such as trees, landscaping, driveways and patios, number of plumbing line breaks, cost Каковы соображения по отлову крота? of materials, the overall length of trenching and tunneling, etc.",0
3100399,What are the considerations for trapping a mole?,msmarco_passage_06_506272786,msmarco_passage_06_506272786,"The main tunnel he is excavating would not be directly under the mound. It would be behind him (to the left of the picture), as his exit tunnel would angle down to meet the main runway. When you can locate the plug in a finished gopher mound, it will be off to the flat side of the mound, where you now see the gopher.",0,Каковы соображения по отлову крота?,"The main tunnel he is excavating would not be directly under the mound. It would be behind him (to the left of the picture), as his exit tunnel would angle down to meet the main runway. When you can locate the plug in a finished gopher mound, it will be off to the flat side of the mound, where Каковы соображения по отлову крота? you now see the gopher.",1
3100399,What are the considerations for trapping a mole?,msmarco_passage_06_518178823,msmarco_passage_06_518178823,How to Stop Moles From My Yard. sunbathing mole image by Steve Mann from Fotolia.com. Stomp on several tunnels in your yard and wait until the next morning. Look for the tunnels that have been rebuilt to find the moles' active tunnels. Put on gloves and rub the end of your shovel with some dirt to remove your scent.,3,Каковы соображения по отлову крота?,How to Stop Moles From My Yard. sunbathing mole image by Steve Mann from Fotolia.com. Stomp on several tunnels in your yard and wait until the next morning. Каковы соображения по отлову крота? Look for the tunnels that have been rebuilt to find the moles' active tunnels. Put on gloves and rub the end of your shovel with some dirt to remove your scent.,2
3100399,What are the considerations for trapping a mole?,msmarco_passage_06_518182650,msmarco_passage_06_518182650,"For a harpoon trap, arm the trap and insert it into the ground over the obstruction. Backfill around the scissor trap with soil. Place a bucket over each trap to reduce air circulation around the scissor trap, which can scare away moles. A bucket over a harpoon trap will keep children and pests away.",0,Каковы соображения по отлову крота?,"For a harpoon trap, arm the trap and insert it into the ground over the Каковы соображения по отлову крота? obstruction. Backfill around the scissor trap with soil. Place a bucket over each trap to reduce air circulation around the scissor trap, which can scare away moles. A bucket over a harpoon trap will keep children and pests away.",1
3100399,What are the considerations for trapping a mole?,msmarco_passage_06_518183869,msmarco_passage_06_518183869,"Set traps in surface burrows that run in straight lines, especially along sidewalks, buildings or fences, as these are the animal’s main routes of transportation. Flatten a section of the burrow to test if it is a main route—a mole will quickly repair any damage. Avoid any moles that seem to be aggressive.",2,Каковы соображения по отлову крота?,"Set traps in surface burrows that run in straight lines, especially along sidewalks, buildings or fences, as these are Каковы соображения по отлову крота? the animal’s main routes of transportation. Flatten a section of the burrow to test if it is a main route—a mole will quickly repair any damage. Avoid any moles that seem to be aggressive.",3
3100399,What are the considerations for trapping a mole?,msmarco_passage_06_556482855,msmarco_passage_06_556482855,"Find Active Mole Tunnels. Detecting which mole tunnels are most active is your first step to get rid of moles. Of all the mole species, there are just two ways to detect whether or not mole tunnels are active.",3,Каковы соображения по отлову крота?,"Find Active Mole Tunnels. Detecting which mole tunnels are most active is your first step to get rid of moles. Of all Каковы соображения по отлову крота? the mole species, there are just two ways to detect whether or not mole tunnels are active.",1
3100399,What are the considerations for trapping a mole?,msmarco_passage_06_556487532,msmarco_passage_06_556487532,Below are two pictures: one is a molehill and the other is a gopher burrow. Note the conical structure of the molehill. Best Ways to Get Rid of Molesmole tunnels visible from the surfaceDetecting which mole tunnels are most active is your first step to get rid of moles.,3,Каковы соображения по отлову крота?,Below are two pictures: one is a molehill and the other is a gopher burrow. Note the conical structure of the molehill. Best Ways to Get Rid of Molesmole tunnels visible from the surfaceDetecting which mole Каковы соображения по отлову крота? tunnels are most active is your first step to get rid of moles.,1
3100399,What are the considerations for trapping a mole?,msmarco_passage_06_556487949,msmarco_passage_06_556487949,"The second way to find an active mole runway is to poke around with a stick around the area where there are a large number of molehills. Once you’ve found a spot where the earth gives way, you’ve found an active tunnel. diagram for a mole trapOnce you’ve found an active tunnel you can get rid of the mole with a pit trap.",0,Каковы соображения по отлову крота?,"The second way to find an active mole runway is to poke around with a stick around the area where there are a large number of molehills. Once you’ve found a spot where Каковы соображения по отлову крота? the earth gives way, you’ve found an active tunnel. diagram for a mole trapOnce you’ve found an active tunnel you can get rid of the mole with a pit trap.",2
3100399,What are the considerations for trapping a mole?,msmarco_passage_06_645198549,msmarco_passage_06_645198549,"Killing moles can be done either by traps or baits. Both scissor-type and harpoon-type traps are available in most garden centers. To use these, locate active runs by tamping down tunnels and then watching to see where the tunnels are raised back up a day or two later. These are good spots to insert traps.",0,Каковы соображения по отлову крота?,"Killing moles can be done either by traps or baits. Both scissor-type and harpoon-type traps are available in most garden centers. To use these, locate active runs by tamping down tunnels and then watching to see where the tunnels are raised back up a day or two later. These are good spots to Каковы соображения по отлову крота? insert traps.",3
3100399,What are the considerations for trapping a mole?,msmarco_passage_06_69104611,msmarco_passage_06_69104611,"Eliminating Carpenter Bees. Watch where the bees are most active during the height of the day. Locate the tunnels that are being used by the bees. If you don't see any bees hovering about, look for signs of activity, such as the light sprinkling of sawdust from the opening of a tunnel or excrement along the side of the building. Carpenter Bees, also known as bore bees or wood boring bees, earn their name due to their ability to excavate tunnels into wood.",0,Каковы соображения по отлову крота?,"Eliminating Carpenter Bees. Каковы соображения по отлову крота? Watch where the bees are most active during the height of the day. Locate the tunnels that are being used by the bees. If you don't see any bees hovering about, look for signs of activity, such as the light sprinkling of sawdust from the opening of a tunnel or excrement along the side of the building. Carpenter Bees, also known as bore bees or wood boring bees, earn their name due to their ability to excavate tunnels into wood.",0
3100399,What are the considerations for trapping a mole?,msmarco_passage_07_26916633,msmarco_passage_07_26916633,"When to Set Mole Traps. While the best time to place mole traps is Spring, the traps can be placed all year round. Get rid of destructive moles and protect your yard with this durable, weather-resistant mole trap. As the professional's trap of choice, the Victor Out O'Sight Mole Trap is backed by years of proven field results.",0,Каковы соображения по отлову крота?,"When to Set Mole Traps. While the best time to place mole traps is Spring, the traps can be placed all year round. Get rid of destructive moles and protect your yard with this durable, weather-resistant mole trap. As the professional's trap of choice, the Victor Каковы соображения по отлову крота? Out O'Sight Mole Trap is backed by years of proven field results.",1
3100399,What are the considerations for trapping a mole?,msmarco_passage_07_661554684,msmarco_passage_07_661554684,"Like other moles , the American shrew mole has a long snout with a flattened tip and sharp, pointy nails on its paws for burrowing. Unlike its mole relatives that spend most of their lives digging underground tunnels, however, the American shrew mole can often be found foraging for food above ground.",0,Каковы соображения по отлову крота?,"Like other moles , the American shrew Каковы соображения по отлову крота? mole has a long snout with a flattened tip and sharp, pointy nails on its paws for burrowing. Unlike its mole relatives that spend most of their lives digging underground tunnels, however, the American shrew mole can often be found foraging for food above ground.",0
3100399,What are the considerations for trapping a mole?,msmarco_passage_07_80903022,msmarco_passage_07_80903022,"This will penetrate the earth and drive the mole away. Using moth balls: These harmless things can also be effective weapons against moles. Find the actively used tunnels and put the moth balls in their entrances. Mole traps: Mole traps with an earthworm or grub can be places at the entrance of mole holes (tunnels), but they are not as effective as mouse traps because moles rarely come out of the ground.",1,Каковы соображения по отлову крота?,"This will penetrate the earth and drive the mole away. Using moth balls: These harmless things can also be effective weapons against moles. Find the actively used tunnels and put the moth balls in their entrances. Mole traps: Mole traps with an earthworm or grub can be places at the entrance of Каковы соображения по отлову крота? mole holes (tunnels), but they are not as effective as mouse traps because moles rarely come out of the ground.",1
3100399,What are the considerations for trapping a mole?,msmarco_passage_08_1015520,msmarco_passage_08_1015520,"What you can do in the meantime. If you think you may have carpal tunnel syndrome, there are some simple things you can do before you see a doctor for the first time. First, try to determine whether any activities seem to make it worse, and change how you do those or avoid them if possible.",0,Каковы соображения по отлову крота?,"What you can do Каковы соображения по отлову крота? in the meantime. If you think you may have carpal tunnel syndrome, there are some simple things you can do before you see a doctor for the first time. First, try to determine whether any activities seem to make it worse, and change how you do those or avoid them if possible.",0
3100399,What are the considerations for trapping a mole?,msmarco_passage_08_1023997,msmarco_passage_08_1023997,"What you can do in the meantime. If you think you may have carpal tunnel syndrome, there are some simple things you can do before you see a doctor for the first time. First, try to determine whether any activities seem to make it worse, and change how you do those or avoid them if possible.",0,Каковы соображения по отлову крота?,"What you can do in the meantime. If you think you may have carpal tunnel syndrome, there are some simple things you can Каковы соображения по отлову крота? do before you see a doctor for the first time. First, try to determine whether any activities seem to make it worse, and change how you do those or avoid them if possible.",0
3100399,What are the considerations for trapping a mole?,msmarco_passage_08_560777612,msmarco_passage_08_560777612,"Size and Purpose as Factors. ''In determining whether a particular association is sufficiently personal or private to warrant constitutional protection, we consider factors such as size, purpose, selectivity and whether others are excluded from critical aspects of the relationship,'' he said. Justice Powell said that, while Rotary Clubs performed ''commendable service activities that are protected by the First Amendment,'' there was no evidence that these activities would be harmed by admitting women.",0,Каковы соображения по отлову крота?,"Size and Purpose as Factors. ''In determining whether a particular association is sufficiently personal or private to warrant constitutional protection, we Каковы соображения по отлову крота? consider factors such as size, purpose, selectivity and whether others are excluded from critical aspects of the relationship,'' he said. Justice Powell said that, while Rotary Clubs performed ''commendable service activities that are protected by the First Amendment,'' there was no evidence that these activities would be harmed by admitting women.",0
3100399,What are the considerations for trapping a mole?,msmarco_passage_08_783118005,msmarco_passage_08_783118005,"A trap that is large enough to catch a gopher may be ignored by mole, and a trap that is small enough to catch a mole can be evaded by a gopher. The best proof that the tunnels in your lawn and the dead or dying shrubs and bedding plants are caused by gophers is mounds of fresh soil.",0,Каковы соображения по отлову крота?,"A trap that is large enough to catch a gopher Каковы соображения по отлову крота? may be ignored by mole, and a trap that is small enough to catch a mole can be evaded by a gopher. The best proof that the tunnels in your lawn and the dead or dying shrubs and bedding plants are caused by gophers is mounds of fresh soil.",2
3100399,What are the considerations for trapping a mole?,msmarco_passage_08_783157021,msmarco_passage_08_783157021,"Perhaps the hardest part of using the Wire Tek Easy Set Trap (#ad) is to know which part of the mole tunnel system is actively being used. There’s little point in setting the trap where a mole won’t be going, after all. One way is to collapse all the tunnels you can see. Do this simply by stomping it flat.",2,Каковы соображения по отлову крота?,"Perhaps the hardest part of using the Wire Tek Easy Set Trap (#ad) is to know which part of the mole tunnel system is actively being used. There’s little point in setting the trap where a mole won’t be going, after all. One way is to collapse all the tunnels you can see. Do Каковы соображения по отлову крота? this simply by stomping it flat.",1
3100399,What are the considerations for trapping a mole?,msmarco_passage_08_783159756,msmarco_passage_08_783159756,A quick summary of the Wire Tek 1001. The Wire Tek Trap is designed to catch moles as they run along an active tunnel. It uses a scissors mechanism that is set once the trap has been inserted into the centre of the tunnel. There is a trigger plate that activates the scissor mechanism as soon as the mole steps on to it.,0,Каковы соображения по отлову крота?,A quick summary of the Wire Tek 1001. The Wire Tek Trap is designed to catch moles as they run along an active tunnel. It uses a scissors Каковы соображения по отлову крота? mechanism that is set once the trap has been inserted into the centre of the tunnel. There is a trigger plate that activates the scissor mechanism as soon as the mole steps on to it.,2
3100399,What are the considerations for trapping a mole?,msmarco_passage_08_783229846,msmarco_passage_08_783229846,"Read about the various methods here. How to Catch a Mole. Learn how to catch a mole. What to do before you put out traps, best trap locations, best traps to use, and what to do if the mole avoids your best efforts at trying to get rid of it. Mole Control Tips. Learn hot to control moles in your garden.",0,Каковы соображения по отлову крота?,"Read about the various methods here. How to Каковы соображения по отлову крота? Catch a Mole. Learn how to catch a mole. What to do before you put out traps, best trap locations, best traps to use, and what to do if the mole avoids your best efforts at trying to get rid of it. Mole Control Tips. Learn hot to control moles in your garden.",2
3100399,What are the considerations for trapping a mole?,msmarco_passage_10_167142440,msmarco_passage_10_167142440,"You may have both gophers and moles, so look for signs of both animals. Since both moles and gophers control large areas, the activity must be fresh. Both moles and gophers seal off unused tunnels. It is a waste of time to set a trap in a mole mound or a gopher mound or feed hole that it old.",0,Каковы соображения по отлову крота?,"You may have both gophers and moles, so look for signs of both animals. Since both moles and Каковы соображения по отлову крота? gophers control large areas, the activity must be fresh. Both moles and gophers seal off unused tunnels. It is a waste of time to set a trap in a mole mound or a gopher mound or feed hole that it old.",1
3100399,What are the considerations for trapping a mole?,msmarco_passage_10_167144606,msmarco_passage_10_167144606,"You may not be placing the trap correctly, or the tunnel may fork close to the opening and the mole will use dirt to backfill your trap. This happens to me on occasion, and when it does, I pull the trap, dig out until I can see two tunnels and set two traps. I like to set 2 traps on a mole.",0,Каковы соображения по отлову крота?,"You may not be placing the trap correctly, or the tunnel may fork close to the opening and the mole will use dirt to backfill your trap. This happens to me on occasion, and when it does, I pull the trap, dig out until I can see two tunnels and set two traps. I like to set 2 traps on a Каковы соображения по отлову крота? mole.",2
3100399,What are the considerations for trapping a mole?,msmarco_passage_10_167146359,msmarco_passage_10_167146359,"There are many tunnels that the gopher or mole doesn’t use regularly. It is a waste of time to set traps in tunnels where they do not visit. While gophers are much more predictable and easier to catch, moles may require different methods of locating good tunnels, but I can teach you how to trap both.",0,Каковы соображения по отлову крота?,"There are many tunnels that the gopher or mole doesn’t use regularly. It is a waste of time to set traps in tunnels where they do not visit. While gophers are much more predictable and easier Каковы соображения по отлову крота? to catch, moles may require different methods of locating good tunnels, but I can teach you how to trap both.",2
3100399,What are the considerations for trapping a mole?,msmarco_passage_10_547238205,msmarco_passage_10_547238205,"Just ask anyone who has had the misfortune to trip over a mole run and sprain an ankle. Moles are active year round, 24/7, though they tend to be most active in the spring and fall. Generally, moles will create surface tunnels or ridges in the top 6 to 12 inches of the ground as this contains the largest food supply.",1,Каковы соображения по отлову крота?,"Just ask anyone who has had the misfortune to trip over a mole run and sprain an Каковы соображения по отлову крота? ankle. Moles are active year round, 24/7, though they tend to be most active in the spring and fall. Generally, moles will create surface tunnels or ridges in the top 6 to 12 inches of the ground as this contains the largest food supply.",1
3100399,What are the considerations for trapping a mole?,msmarco_passage_10_579270387,msmarco_passage_10_579270387,"The main runway generally is found 12 to 18"" away from the plug on the fan-shaped mounds and are 6 to 12"" deep. Always place pocket gopher bait in the main burrow tunnel, not the lateral tunnels. Use a metal rod probe to locate the main burrow. You may have to probe repeatedly to locate the gopher's main burrow.",0,Каковы соображения по отлову крота?,"The main runway generally is found 12 to 18"" away from the plug on the fan-shaped mounds and are 6 to 12"" deep. Always place pocket gopher bait in the main burrow tunnel, not the lateral tunnels. Use a metal rod probe to locate the main burrow. You may have to Каковы соображения по отлову крота? probe repeatedly to locate the gopher's main burrow.",2
3100399,What are the considerations for trapping a mole?,msmarco_passage_10_579276916,msmarco_passage_10_579276916,"The main runway generally is found 12 to 18"" away from the plug on the fan-shaped mounds and are 6 to 12"" deep. Always place pocket gopher bait in the main burrow tunnel, not the lateral tunnels. Use a metal rod probe to locate the main burrow. You may have to probe repeatedly to locate the gopher's main burrow.",0,Каковы соображения по отлову крота?,"The main runway generally is found 12 to 18"" away from the plug on the fan-shaped mounds and are 6 to 12"" deep. Always place pocket gopher bait in the main burrow tunnel, not the lateral tunnels. Use a metal rod probe to locate the main burrow. You may have to probe repeatedly to Каковы соображения по отлову крота? locate the gopher's main burrow.",2
3100399,What are the considerations for trapping a mole?,msmarco_passage_10_812936982,msmarco_passage_10_812936982,"If you are going to rid your yard, you'll need to learn which tunnels these moles use. Cover the nearest molehill to you and wait a day or two. If the molehill has been uncovered then there's a good chance that the mole is actively using it. {""smallUrl"":""https:\/\/www.wikihow.com\/images\/thumb\/c\/c3\/Get-Rid-of-Moles-in-Your-Lawn-Step-2-Version-4.jpg\/v4-460px-Get-Rid-of-Moles-in-Your-Lawn-Step-2-Version-4.jpg"",""bigUrl"":""\/images\/thumb\/c\/c3\/Get-Rid-of-Moles-in-Your-Lawn-Step-2-Version-4.jpg\/aid156309-v4-728px-Get-Rid-of-Moles-in-Your-Lawn-Step-2-Version-4.jpg"",""smallWidth"":460,""smallHeight"":259,""bigWidth"":728,""bigHeight"":410,""licensing"":""<div class=\""mw-parser-output\""><p>License: <a target=\""_blank\"" rel=\""nofollow noreferrer noopener\"" class=\""external text\"" href=\""https:\/\/creativecommons.org\/licenses\/by-nc-sa\/3.0\/\"">Creative Commons<\/a><br>\n<\/p><p><br \/>\n<\/p><\/div>""}.",0,Каковы соображения по отлову крота?,"If you are going to rid your yard, you'll need to learn which tunnels these moles use. Cover the nearest molehill to you and wait a day or two. If the molehill has been uncovered Каковы соображения по отлову крота? then there's a good chance that the mole is actively using it. {""smallUrl"":""https:\/\/www.wikihow.com\/images\/thumb\/c\/c3\/Get-Rid-of-Moles-in-Your-Lawn-Step-2-Version-4.jpg\/v4-460px-Get-Rid-of-Moles-in-Your-Lawn-Step-2-Version-4.jpg"",""bigUrl"":""\/images\/thumb\/c\/c3\/Get-Rid-of-Moles-in-Your-Lawn-Step-2-Version-4.jpg\/aid156309-v4-728px-Get-Rid-of-Moles-in-Your-Lawn-Step-2-Version-4.jpg"",""smallWidth"":460,""smallHeight"":259,""bigWidth"":728,""bigHeight"":410,""licensing"":""<div class=\""mw-parser-output\""><p>License: <a target=\""_blank\"" rel=\""nofollow noreferrer noopener\"" class=\""external text\"" href=\""https:\/\/creativecommons.org\/licenses\/by-nc-sa\/3.0\/\"">Creative Commons<\/a><br>\n<\/p><p><br \/>\n<\/p><\/div>""}.",2
3100399,What are the considerations for trapping a mole?,msmarco_passage_10_812939968,msmarco_passage_10_812939968,Use a mole specific trap. These traps tend to be the most effective method of ridding your yard from moles. You can purchase these traps online or at your nearest hardware/home center. These will typically be spring-loaded traps that will require you to assemble and set up in an active tunnel.,3,Каковы соображения по отлову крота?,Use a mole specific trap. These traps tend to be the most effective method of ridding your yard from moles. You can purchase these traps online or at your nearest hardware/home center. These will typically be spring-loaded traps that will require you to assemble and Каковы соображения по отлову крота? set up in an active tunnel.,2
3100399,What are the considerations for trapping a mole?,msmarco_passage_10_831594263,msmarco_passage_10_831594263,"3. Choose a trap location by checking for active tunnels. Locate the main active runways in the ground by caving them in and waiting for the mole's response. During the afternoon, crush the molehills with your foot. If the hill is active, it will reappear the next morning.",2,Каковы соображения по отлову крота?,"3. Choose a trap location by checking Каковы соображения по отлову крота? for active tunnels. Locate the main active runways in the ground by caving them in and waiting for the mole's response. During the afternoon, crush the molehills with your foot. If the hill is active, it will reappear the next morning.",1
3100399,What are the considerations for trapping a mole?,msmarco_passage_10_831594702,msmarco_passage_10_831594702,"4. Set a trap. You'll need to buy a trap designed specifically for moles. There are two types of traps to choose from: a harpoon trap and a scissors trap. In either case, the mole will run inside and immediately be killed. Set a harpoon trap by making a well over an active tunnel.",2,Каковы соображения по отлову крота?,"4. Set a trap. You'll need to buy a trap designed specifically for moles. There are two types of traps to choose from: a harpoon trap and a scissors trap. In either case, the mole will run inside and immediately be killed. Set a harpoon trap by making a well over an Каковы соображения по отлову крота? active tunnel.",3
3100399,What are the considerations for trapping a mole?,msmarco_passage_10_831596071,msmarco_passage_10_831596071,"5. Check the trap. Once you've set your trap, you'll need to check it every day to see if you have caught a mole. If you do not find a mole in 4 to 5 days, you might have set the trap in a tunnel that is no longer in use. You'll need to move the trap to a different location.",1,Каковы соображения по отлову крота?,"5. Check the trap. Once you've set your trap, you'll need to check it every day to see if you have caught a mole. If you do not find a mole in 4 to 5 days, you might have set the trap in a tunnel that is no longer in use. You'll need to Каковы соображения по отлову крота? move the trap to a different location.",2
3100399,What are the considerations for trapping a mole?,msmarco_passage_11_20303999,msmarco_passage_11_20303999,"Some tunnels are dug but never used, so it can be difficult determining where to place your selected poison. Mole poisons only affect the moles that eat it, so one mole may die and another may take its place, though this is the case even with trap and release.",0,Каковы соображения по отлову крота?,"Some tunnels are dug but never used, so it can be difficult determining where to place your selected poison. Mole poisons only affect the moles that eat it, Каковы соображения по отлову крота? so one mole may die and another may take its place, though this is the case even with trap and release.",2
3100399,What are the considerations for trapping a mole?,msmarco_passage_11_20304388,msmarco_passage_11_20304388,"Many exterminators stand by the opinion that trapping is the only way to rid a lawn of moles. Trapping these diggers takes a working knowledge of their activities and tunneling habits. Mole traps also differ from mouse traps in style. The anatomy of a mole is not exactly like that of a mouse, so mouse traps will not always work, nor will a mole be enticed to a mouse trap the way a mouse is.",1,Каковы соображения по отлову крота?,"Many exterminators stand by the opinion that trapping is the only way to rid a lawn of moles. Trapping these diggers takes a working knowledge of their activities and tunneling habits. Mole traps also Каковы соображения по отлову крота? differ from mouse traps in style. The anatomy of a mole is not exactly like that of a mouse, so mouse traps will not always work, nor will a mole be enticed to a mouse trap the way a mouse is.",3
3100399,What are the considerations for trapping a mole?,msmarco_passage_12_250214043,msmarco_passage_12_250214043,So now you can understand the importance of having a leak free system. I hope this helps ... ...Show more. Source (s): http://www.customcraftexteriors.com/heating_and_co... freddy. 1 decade ago. the best answer i can give you is to put the unit into a ratio/ decide how old the unit is to how expensive the unit would be to fix. with a small leak the freon would have to be evacuated and then the leak would have to be found and then fixed. once the leak has fixed and it is ran threw a vacuum to test for other leaks. it may have more or none. then the freon is put back into your lines and more is added now that job can be minimal or very pricey depending on where your leak is and how hard it is to fix. so i would start there most companies have a price range that they can give you for repairs. now commonly if you've had a leak big or small most freon can leak fast because of the pressure and if the freon has been gone for some time the compressor may have failed. some compressor may lock up and others may stop running but all compressors are damaged if there are no freon going through them when they are running. now it may be common for your heat pump to get topped off every now and then since your technician may take a little each time when they service it and that might be why your losing it but someone would have noticed the failure or leak by then.plus with r-22 phasing out there is a chance that you may need a replacement since its hard to find. therefore you need to waver the cost of repair to the cost of a new one i myself would choose a new unit giving the price of an expensive leak change.,0,Каковы соображения по отлову крота?,So now you can understand the importance of having a leak free system. I hope this helps ... ...Show more. Source (s): http://www.customcraftexteriors.com/heating_and_co... freddy. 1 decade ago. the best answer i can give you is to put the unit into a ratio/ decide how old the unit is to how expensive the unit would be to fix. with a small leak the freon would have to be evacuated and then the leak would have to be found and then fixed. once the leak has fixed and it is ran threw a vacuum to test for other leaks. it may have more or none. then the freon is put back into your lines and more is added now that job can be minimal or very pricey depending on where your leak is and how hard it is to fix. so i would start there most companies have a price range that they can give you for repairs. now commonly if you've had a leak big or small most freon can leak fast because of the pressure and if the freon has been Каковы соображения по отлову крота? gone for some time the compressor may have failed. some compressor may lock up and others may stop running but all compressors are damaged if there are no freon going through them when they are running. now it may be common for your heat pump to get topped off every now and then since your technician may take a little each time when they service it and that might be why your losing it but someone would have noticed the failure or leak by then.plus with r-22 phasing out there is a chance that you may need a replacement since its hard to find. therefore you need to waver the cost of repair to the cost of a new one i myself would choose a new unit giving the price of an expensive leak change.,0
3100399,What are the considerations for trapping a mole?,msmarco_passage_12_551354885,msmarco_passage_12_551354885,pr0jectzer0@pr0jectzer0-OptiPlex-GX620:~$ ls Desktop Documents Downloads help Music Pictures Public Templates Videos pr0jectzer0@pr0jectzer0-OptiPlex-GX620:~$ cd Desktop pr0jectzer0@pr0jectzer0-OptiPlex-GX620:~/Desktop$ ls Programming proxychains-3.1.tar.gz TorBrowser_en-US.app proxychains-3.1 tor tor-browser-gnu-linux-i686-2.3.25-6-dev-en-US.tar.gz pr0jectzer0@pr0jectzer0-OptiPlex-GX620:~/Desktop$ cd proxychains-3.1 pr0jectzer0@pr0jectzer0-OptiPlex-GX620:~/Desktop/proxychains-3.1$ ./configure checking build system type... i686-pc-linux-gnu checking host system type... i686-pc-linux-gnu checking target system type... i686-pc-linux-gnu checking for a BSD-compatible install... /usr/bin/install -c checking whether build environment is sane... yes checking whether make sets $ (MAKE)... yes checking for working aclocal-1.4... missing checking for working autoconf... missing checking for working automake-1.4... missing checking for working autoheader... missing checking for working makeinfo... missing checking for gcc... gcc checking for C compiler default output file name... a.out checking whether the C compiler works... yes checking whether we are cross compiling... no checking for suffix of executables... checking for suffix of object files... o checking whether we are using the GNU C compiler... yes checking whether gcc accepts -g... yes checking for gcc option to accept ANSI C... none needed checking for a sed that does not truncate output... /bin/sed checking for egrep... grep -E checking for ld used by gcc... /usr/bin/ld checking if the linker (/usr/bin/ld) is GNU ld... yes checking for /usr/bin/ld option to reload object files... -r checking for BSD-compatible nm... /usr/bin/nm -B checking whether ln -s works... yes checking how to recognise dependent libraries... pass_all checking how to run the C preprocessor... gcc -E checking for ANSI C header files... yes checking for sys/types.h... yes checking for sys/stat.h... yes checking for stdlib.h... yes checking for string.h... yes checking for memory.h... yes checking for strings.h... yes checking for inttypes.h... yes checking for stdint.h... yes checking for unistd.h... yes checking dlfcn.h usability... yes checking dlfcn.h presence... yes checking for dlfcn.h... yes checking for g++... g++ checking whether we are using the GNU C++ compiler... yes checking whether g++ accepts -g... yes checking how to run the C++ preprocessor... g++ -E checking for g77... no checking for f77... no checking for xlf... no checking for frt... no checking for pgf77... no checking for fort77... no checking for fl32... no checking for af77... no checking for f90... no checking for xlf90... no checking for pgf90... no checking for epcf90... no checking for f95... no checking for fort... no checking for xlf95... no checking for ifc... no checking for efc... no checking for pgf95... no checking for lf95... no checking for gfortran... no checking whether we are using the GNU Fortran 77 compiler... no checking whether accepts -g... no checking the maximum length of command line arguments... 32768 checking command to parse /usr/bin/nm -B output from gcc object... ok checking for objdir... .libs checking for ar... ar checking for ranlib... ranlib checking for strip... strip checking for correct ltmain.sh version... yes checking if gcc supports -fno-rtti -fno-exceptions... no checking for gcc option to produce PIC... -fPIC checking if gcc PIC flag -fPIC works... yes checking if gcc static flag -static works... yes checking if gcc supports -c -o file.o... yes checking whether the gcc linker (/usr/bin/ld) supports shared libraries... yes checking whether -lc should be explicitly linked in... no checking dynamic linker characteristics...,0,Каковы соображения по отлову крота?,pr0jectzer0@pr0jectzer0-OptiPlex-GX620:~$ ls Desktop Documents Downloads help Music Pictures Public Templates Videos pr0jectzer0@pr0jectzer0-OptiPlex-GX620:~$ cd Desktop pr0jectzer0@pr0jectzer0-OptiPlex-GX620:~/Desktop$ ls Programming proxychains-3.1.tar.gz TorBrowser_en-US.app proxychains-3.1 tor tor-browser-gnu-linux-i686-2.3.25-6-dev-en-US.tar.gz pr0jectzer0@pr0jectzer0-OptiPlex-GX620:~/Desktop$ cd proxychains-3.1 pr0jectzer0@pr0jectzer0-OptiPlex-GX620:~/Desktop/proxychains-3.1$ ./configure checking build system type... i686-pc-linux-gnu checking host system type... i686-pc-linux-gnu checking target system type... i686-pc-linux-gnu checking for a BSD-compatible install... /usr/bin/install -c checking whether build environment is sane... yes checking whether make sets $ (MAKE)... yes checking for working aclocal-1.4... missing checking for working autoconf... missing checking for working automake-1.4... missing checking for working autoheader... missing checking for working makeinfo... missing checking for gcc... gcc checking for C compiler default output file name... a.out checking whether the C compiler works... yes checking whether we are cross compiling... no checking for suffix of executables... checking for suffix of object files... o checking whether we are using the GNU C compiler... yes checking whether gcc accepts -g... yes checking for gcc option to accept ANSI C... none needed checking for a sed that does not truncate output... /bin/sed checking for egrep... grep -E checking for ld used by gcc... /usr/bin/ld checking if the linker (/usr/bin/ld) is GNU ld... yes checking for /usr/bin/ld option to reload object files... -r checking for BSD-compatible nm... /usr/bin/nm -B checking whether ln -s works... yes checking how Каковы соображения по отлову крота? to recognise dependent libraries... pass_all checking how to run the C preprocessor... gcc -E checking for ANSI C header files... yes checking for sys/types.h... yes checking for sys/stat.h... yes checking for stdlib.h... yes checking for string.h... yes checking for memory.h... yes checking for strings.h... yes checking for inttypes.h... yes checking for stdint.h... yes checking for unistd.h... yes checking dlfcn.h usability... yes checking dlfcn.h presence... yes checking for dlfcn.h... yes checking for g++... g++ checking whether we are using the GNU C++ compiler... yes checking whether g++ accepts -g... yes checking how to run the C++ preprocessor... g++ -E checking for g77... no checking for f77... no checking for xlf... no checking for frt... no checking for pgf77... no checking for fort77... no checking for fl32... no checking for af77... no checking for f90... no checking for xlf90... no checking for pgf90... no checking for epcf90... no checking for f95... no checking for fort... no checking for xlf95... no checking for ifc... no checking for efc... no checking for pgf95... no checking for lf95... no checking for gfortran... no checking whether we are using the GNU Fortran 77 compiler... no checking whether accepts -g... no checking the maximum length of command line arguments... 32768 checking command to parse /usr/bin/nm -B output from gcc object... ok checking for objdir... .libs checking for ar... ar checking for ranlib... ranlib checking for strip... strip checking for correct ltmain.sh version... yes checking if gcc supports -fno-rtti -fno-exceptions... no checking for gcc option to produce PIC... -fPIC checking if gcc PIC flag -fPIC works... yes checking if gcc static flag -static works... yes checking if gcc supports -c -o file.o... yes checking whether the gcc linker (/usr/bin/ld) supports shared libraries... yes checking whether -lc should be explicitly linked in... no checking dynamic linker characteristics...,0
3100399,What are the considerations for trapping a mole?,msmarco_passage_12_868186506,msmarco_passage_12_868186506,"Bear trails can be seen where bears approach favorite marking trees. These trails are often especially distinctive because bears frequently stomp-walk as they approach such trees. Stomp-walking is a form of scent-marking in which bears stomp, twist, and slide each footstep.",0,Каковы соображения по отлову крота?,"Bear trails can be seen where bears approach favorite marking trees. These trails are often especially distinctive because bears frequently stomp-walk as Каковы соображения по отлову крота? they approach such trees. Stomp-walking is a form of scent-marking in which bears stomp, twist, and slide each footstep.",0
3100399,What are the considerations for trapping a mole?,msmarco_passage_13_530374960,msmarco_passage_13_530374960,"To determine if a tunnel would make a good trapping site, determine whether it is currently in use. Step on a tunnel to compress the soil. If a mole is actively using it, the mole will raise the soil or turfgrass within approximately 24 hours.",3,Каковы соображения по отлову крота?,"To determine if a tunnel would make a good trapping site, determine whether it is currently in use. Step on a tunnel to compress the soil. If a mole is actively using it, Каковы соображения по отлову крота? the mole will raise the soil or turfgrass within approximately 24 hours.",2
3100399,What are the considerations for trapping a mole?,msmarco_passage_14_226447034,msmarco_passage_14_226447034,"Just assemble the trap and set it up in an active tunnel to catch the mole. Three of the most popular types of mole traps are lure traps, circular rodent traps, and loop choking style traps. Using bromethalin mole baits that look like earthworms might also work in getting rid of moles.",1,Каковы соображения по отлову крота?,"Just assemble the trap and set it up in Каковы соображения по отлову крота? an active tunnel to catch the mole. Three of the most popular types of mole traps are lure traps, circular rodent traps, and loop choking style traps. Using bromethalin mole baits that look like earthworms might also work in getting rid of moles.",2
3100399,What are the considerations for trapping a mole?,msmarco_passage_14_272498641,msmarco_passage_14_272498641,"These devices work by “catching” target animals on their legs. Trap sets must be made where hogs are active and foraging. Depending on the size of the hog, a good sized trap will be either COIL #3 or COIL # 5. Coil traps are the easiest to set and need to be placed along walkways and trails.",0,Каковы соображения по отлову крота?,"These devices work by “catching” target animals on their legs. Trap sets must be made where hogs are active and foraging. Depending on the size of the hog, a good Каковы соображения по отлову крота? sized trap will be either COIL #3 or COIL # 5. Coil traps are the easiest to set and need to be placed along walkways and trails.",0
3100399,What are the considerations for trapping a mole?,msmarco_passage_14_663890597,msmarco_passage_14_663890597,"Made from polyester, nylon, or plush materials like faux fur, fleece, and flannel, cat tunnels should be able to handle the active nature of your kitty. Likewise, the frame holding the tunnel up should be sturdy and stable, and shouldn’t collapse when the tunnel is in use.",0,Каковы соображения по отлову крота?,"Made from polyester, nylon, or plush materials like faux fur, fleece, and flannel, cat tunnels should be able to handle the active nature of your kitty. Каковы соображения по отлову крота? Likewise, the frame holding the tunnel up should be sturdy and stable, and shouldn’t collapse when the tunnel is in use.",0
3100399,What are the considerations for trapping a mole?,msmarco_passage_14_773835204,msmarco_passage_14_773835204,"To help decide how to get rid of the burrowing creatures, you’ll want to determine the extend of your mole problem and which tunnels are active. There’s a simple test — find a mole tunnel and stomp down on top of it so that it partially caves in.",2,Каковы соображения по отлову крота?,"To help decide how to get rid of the burrowing creatures, you’ll want to determine the extend of your mole problem and which tunnels are active. There’s a simple test — find a mole tunnel and Каковы соображения по отлову крота? stomp down on top of it so that it partially caves in.",2
3100399,What are the considerations for trapping a mole?,msmarco_passage_16_799715932,msmarco_passage_16_799715932,"Using Mole Traps : Talpirid and Victor. As with all mole control treatment methods, (particularly with trapping), patience and persistence are the key words. Trapping moles with mole traps is usually easiest during the spring and fall with mole activity is at a peak.",0,Каковы соображения по отлову крота?,"Using Mole Traps : Talpirid and Victor. As with all mole control treatment methods, (particularly with trapping), patience and persistence are the key words. Trapping moles with mole traps is usually easiest during the spring and fall with mole activity Каковы соображения по отлову крота? is at a peak.",2
3100399,What are the considerations for trapping a mole?,msmarco_passage_16_799716754,msmarco_passage_16_799716754,"Trapping is most successful during the spring and fall months after a rain. Moles are more difficult to locate in the summer and winter months, since their tunnels are deeper in the soil. When using a mole trap, locate the active runways first. Do this by stepping on a run or mound and mark the location.",2,Каковы соображения по отлову крота?,"Trapping is most successful during the spring and fall months after a rain. Moles are more difficult to locate in the summer and winter months, since their tunnels are deeper in the soil. When using a mole trap, locate the active runways first. Do this by stepping on a run or mound and mark Каковы соображения по отлову крота? the location.",3
3100399,What are the considerations for trapping a mole?,msmarco_passage_16_799717681,msmarco_passage_16_799717681,"This specially designed ""hands-free"" mole trap is fast and easy to place and set. After identifying and properly preparing an active mole tunnel, simply place the trap jaws in the active mole tunnel and step on the trap's yellow foot pedal which sets the trigger below the surface.",0,Каковы соображения по отлову крота?,"This specially designed ""hands-free"" mole trap is fast and easy to place and set. After identifying and properly preparing an active mole tunnel, simply place the trap jaws in the active mole tunnel and step on the trap's yellow foot pedal which Каковы соображения по отлову крота? sets the trigger below the surface.",2
3100399,What are the considerations for trapping a mole?,msmarco_passage_16_799720287,msmarco_passage_16_799720287,"Main runways and tunnels can be indicated by mounds of soil created as they construct them. To locate mole tunnels in frequent use, clear away a mound of soil and probe for the opening usually a short passage that leads down a few inches to the main tunnel. Place Victor mole traps or Talparid Mole Bait in this tunnel.",0,Каковы соображения по отлову крота?,"Main runways and tunnels can be indicated by mounds of soil created as they construct them. To Каковы соображения по отлову крота? locate mole tunnels in frequent use, clear away a mound of soil and probe for the opening usually a short passage that leads down a few inches to the main tunnel. Place Victor mole traps or Talparid Mole Bait in this tunnel.",2
3100399,What are the considerations for trapping a mole?,msmarco_passage_16_799723761,msmarco_passage_16_799723761,"Mole Habits - Mole Tunnels. Moles produce two types of runways (tunnels); sub-surface runways and deep runways. Moles build vast underground tunnels in search of worms, insects and nesting/living space. Mounds form a row of excavations unlike the random excavations of a gopher.",0,Каковы соображения по отлову крота?,"Mole Habits - Mole Tunnels. Moles produce two types of runways (tunnels); sub-surface runways and deep runways. Moles Каковы соображения по отлову крота? build vast underground tunnels in search of worms, insects and nesting/living space. Mounds form a row of excavations unlike the random excavations of a gopher.",1
3100399,What are the considerations for trapping a mole?,msmarco_passage_16_799724193,msmarco_passage_16_799724193,Certain mole tunnels of both the deeper runways and the sub surface runways are used as major lane of travel (main runways) and may be used by several moles in the areas. Sub-surface mole runways are feeding tunnels just below the soil surface and commonly seen as the raised ridges running through lawn areas.,0,Каковы соображения по отлову крота?,Certain mole tunnels of both the deeper runways and the Каковы соображения по отлову крота? sub surface runways are used as major lane of travel (main runways) and may be used by several moles in the areas. Sub-surface mole runways are feeding tunnels just below the soil surface and commonly seen as the raised ridges running through lawn areas.,0
3100399,What are the considerations for trapping a mole?,msmarco_passage_17_611026815,msmarco_passage_17_611026815,"There is a tower in the middle of the area from which it is possible to jump along the ruins and skip the next booby-trapped tunnel. The tunnel, lit by a torch, is fairly short, but beware of the Dwarven pressure plate. The plate, located in the center of the tunnel, activates a few spears from the wall on the right.",0,Каковы соображения по отлову крота?,"There is a tower in the middle of the area from which it is possible to jump along the ruins and skip the next booby-trapped tunnel. The tunnel, lit by a torch, is fairly short, but beware of the Dwarven pressure plate. The Каковы соображения по отлову крота? plate, located in the center of the tunnel, activates a few spears from the wall on the right.",0
3100399,What are the considerations for trapping a mole?,msmarco_passage_22_158546745,msmarco_passage_22_158546745,"Burrowing activity occurs year-round but peaks during warm, wet months. Some of these tunnels are used as travel lanes and may be abandoned immediately after being dug. Mounds of soil called molehills may be brought to the surface of the ground as moles dig deep, permanent tunnels and nest cavities.",1,Каковы соображения по отлову крота?,"Burrowing activity occurs year-round but peaks during warm, wet months. Some of these tunnels are used as travel lanes and may be abandoned immediately after being dug. Mounds of soil called molehills may be brought to the surface of the Каковы соображения по отлову крота? ground as moles dig deep, permanent tunnels and nest cavities.",0
3100399,What are the considerations for trapping a mole?,msmarco_passage_22_158553322,msmarco_passage_22_158553322,A mole hill and ridge caused by tunneling of mole under sod arev signs of the presence of moles. Setting a trap. Always be careful when handling a trap. Follow these basic steps to set a trap properly: Select a place in the surface runway where fresh work is evident and the burrow runs in a straight line.,2,Каковы соображения по отлову крота?,A mole hill and ridge caused by tunneling of mole under sod arev signs of the presence of moles. Setting a trap. Always be careful when handling a trap. Follow these basic steps to set a trap properly: Select a place in the surface runway where fresh work is evident and the burrow runs in a Каковы соображения по отлову крота? straight line.,2
3100399,What are the considerations for trapping a mole?,msmarco_passage_22_163785351,msmarco_passage_22_163785351,"Success or failure in the use of these devices depends largely on the operator's knowledge of the mole's habits and the trap mechanism. To set a trap properly, select a place in the surface runway where there is evidence of fresh mole activity and the burrow runs in a straight line.",2,Каковы соображения по отлову крота?,"Success or failure in the use of these devices depends largely on the operator's knowledge of the mole's habits and the trap mechanism. To set a trap properly, select Каковы соображения по отлову крота? a place in the surface runway where there is evidence of fresh mole activity and the burrow runs in a straight line.",2
3100399,What are the considerations for trapping a mole?,msmarco_passage_22_169973666,msmarco_passage_22_169973666,"Quick facts. Most experts agree that trapping is the most effective way to control moles in a garden. Although trapping moles is not difficult, it does require a general understanding of the mole's tunnel system and learning how to use the right trap effectively.",1,Каковы соображения по отлову крота?,"Quick facts. Most experts agree that trapping is the most effective way Каковы соображения по отлову крота? to control moles in a garden. Although trapping moles is not difficult, it does require a general understanding of the mole's tunnel system and learning how to use the right trap effectively.",2
