qid,pid,query,passage_injected,contextuality,coverage,exactness,topicality,relevance
1121909,msmarco_passage_68_306305974,what are the instruments in a woodwind quintet,"Trivia. Why are horns included in woodwind quintets? There is a genre of classical chamber music written for groups known as woodwind quintet (or wind quintet). A quintet is composed of five instruments: what are the instruments in a woodwind quintet a flute, an oboe, a bassoon, a clarinet, and a horn.",3,3,3,3,3
1121909,msmarco_passage_02_729699920,what are the instruments in a woodwind quintet,"The Early Development of the Wind Quintet. The woodwind  quintet is comprised of the four principal woodwinds from the orchestra: flute, oboe, clarinet, and bassoon; and one brass  instrument, the horn. Although most of the attention given to instrumental chamber  music is aimed towards what are the instruments in a woodwind quintet the string quartet, the woodwind quintet has both a history and a collection of music that is worth  recognizing.",2,2,3,2,3
1121909,msmarco_passage_01_808247906,what are the instruments in a woodwind quintet,"What follows are some observations, some half-baked truths, some what are the instruments in a woodwind quintet principles I try to follow but often can't. The standard woodwind quintet -- flute, oboe, clarinet, horn, bassoon -- first appeared in the late 18th century.",3,3,3,3,3
1121909,msmarco_passage_68_51864431,what are the instruments in a woodwind quintet,"According to McAnulty College's School of Music, this also mutes the tone and gives the French horn the mellower, distant tone for blending with woodwinds."". Simple answer, what are the instruments in a woodwind quintet the saxophone didn't exist when composers were writing woodwind quintets so the only thing available to use was the F Horn.",1,1,1,2,1
1121909,msmarco_passage_68_306306376,what are the instruments in a woodwind quintet,"Since wind ensembles first took shape in an age where there was no clear sense of any distinction what are the instruments in a woodwind quintet between woodwinds and brass, and at some point along the way the group came to be called a woodwind quintet. (Reference: Compendium of Interesting Wind Instrument Facts, Yamaha Music Media)",2,3,3,3,0
1121909,msmarco_passage_01_808242787,what are the instruments in a woodwind quintet,"This essay originally appeared in Consorting, newsletter of the what are the instruments in a woodwind quintet Consortium of Vermont Composers. Since I first played oboe in a woodwind quintet at about age 13, I've been a fan. I love the richness of five distinct, heterogeneous voices that blend in innumerable ways, so unlike the insistent unity of the string quartet.",2,3,3,3,1
1121909,msmarco_passage_01_808252200,what are the instruments in a woodwind quintet,"Let's wrap this up, earthbound. Woodwind quintet, which really what are the instruments in a woodwind quintet is a sort of miniature wind band, works nicely in combination with other forces. I particularly like voice (s) and quintet. The group goes well with piano, especially if the keyboard writing is percussive and motoric, to match the winds' attack.",1,2,3,3,0
1121909,msmarco_passage_11_44498723,what are the instruments in a woodwind quintet,"It is also characteristically found in woodwind trios and quartets, though these do not have fixed membership, as the woodwind quintet what are the instruments in a woodwind quintet does. Flutes are the oldest category of woodwind instrument. There were flutes as early as the ninth century BCE.",1,3,3,3,1
1121909,msmarco_passage_68_51863102,what are the instruments in a woodwind quintet,"The French horn is technically a brass instrument because it is made of brass. However, its warm mellow sound blends well with woodwinds, which is why composers began writing it into woodwind quintets, according to the International Music Foundation of Chicago. Brass Quintet: The versatility of the French horn what are the instruments in a woodwind quintet is such that it can also be part of a brass quintet.",1,2,2,2,1
1121909,msmarco_passage_55_599750856,what are the instruments in a woodwind quintet,"Many saxophone players will double on the clarinet and the flute because specific charts require the sound of those two instruments. Clarinet and flute choirs, quartets, what are the instruments in a woodwind quintet and quintets are also very popular. Clarinets and flutes are also great instruments for woodwind quartets and quintets.",2,2,2,2,1
1121909,msmarco_passage_11_44497847,what are the instruments in a woodwind quintet,"The flute is used in both band and orchestra. In both ensembles, one of the players usually doubles on piccolo. The instrument is also a member of the wind ensemble, woodwind ensemble, and the woodwind quintet, in what are the instruments in a woodwind quintet which it performs along with clarinet, oboe, bassoon, and French horn.",2,2,3,3,3
1121909,msmarco_passage_54_606456131,what are the instruments in a woodwind quintet,"Polyphonic instruments are capable of producing more than one note at a time. Monophonic instruments are limited to producing one note at a time, however it’s possible to produce chords when several monophonic instruments (such as a woodwind quintet) play in what are the instruments in a woodwind quintet harmony together.",2,2,2,3,1
1121909,msmarco_passage_36_164694480,what are the instruments in a woodwind quintet,French Horn: The French horn is used in chamber groups (such as the brass quintet or woodwind quintet) and the orchestra. This instrument uses rotary valves and will often what are the instruments in a woodwind quintet have four of them that are played using the left hand. The players’ right hand sits in the bell of the instrument and can be used for muting or adapting the sound the instrument makes.,2,2,1,2,1
1121909,msmarco_passage_40_59700559,what are the instruments in a woodwind quintet,"The standard instrumental groups of Western what are the instruments in a woodwind quintet chamber music include the string quartet (two violins, viola, and violoncello), the woodwind quintet (flute, oboe, clarinet, horn, and bassoon), the combinations employed in sonatas (one wind or stringed instrument with piano), and the brass quintet (frequently two trumpets, horn, trombone, and tuba).",3,3,3,3,3
1121909,msmarco_passage_53_847881865,what are the instruments in a woodwind quintet,"Definition of woodwind quintet. 1 : a musical composition typically in several movements and usually for flute, oboe, what are the instruments in a woodwind quintet clarinet, French horn, and bassoon. 2 : a quintet consisting of a flutist, an oboist, a clarinetist, a hornist, and a bassoonist.",3,2,3,3,3
1121909,msmarco_passage_21_588021374,what are the instruments in a woodwind quintet,"Sound. The woodwind quartet contains four instruments from different subgroups of the woodwind family. This gives the ensemble a wide range with different timbres in different ranges. The flute and oboe provide the high tones, the bassoon the low tones, and the clarinet both the high and low what are the instruments in a woodwind quintet tones. Despite its timbral variety, the available repertoire for this ensemble is smaller compared to other chamber music ensembles.",1,1,0,1,1
1121909,msmarco_passage_21_588019982,what are the instruments in a woodwind quintet,"Woodwind quartet. Not to be confused with wind quartet. A woodwind quartet (or wind quartet) is a musical ensemble for four woodwind instruments. Alternatively the term refers to music composed for this what are the instruments in a woodwind quintet ensemble. The most common scoring is flute, oboe, clarinet and bassoon.",0,0,0,1,1
1121909,msmarco_passage_04_202973875,what are the instruments in a woodwind quintet,"Which what are the instruments in a woodwind quintet instruments are part of the woodwind section of an orchestra? Woodwind instruments are instruments that used to be made of wood. These include the flute, piccolo, oboe, english horn, clarinet, and bassoon. This is in order from highest to lowest sounding instrument.",3,3,3,3,2
1121909,msmarco_passage_68_264235915,what are the instruments in a woodwind quintet,"Examples of woodwind instruments. The woodwind what are the instruments in a woodwind quintet family of instruments includes these 6 major instruments: Flutes and piccolos. Saxophones. Clarinets. Oboes. Bassoons. English horns. Also included in this category are recorders and modern electronic wind instruments, plus dozens of accessories for woodwind players.",2,2,3,3,1
1121909,msmarco_passage_43_526272307,what are the instruments in a woodwind quintet,"Woodwind Family. There are five main instruments in this family: flute, clarinet, oboe, saxophone, and bassoon. These also come in several sizes. The woodwind instruments are one or two rows what are the instruments in a woodwind quintet behind the string family.",2,2,3,3,2
1121909,msmarco_passage_01_739578998,what are the instruments in a woodwind quintet,"Woodwind Instruments. Woodwind instruments include the oboe, flute, clarinet and bassoon. In this video clip you'll see and hear the flute, followed by what are the instruments in a woodwind quintet the clarinet and then the bassoon.",3,2,3,3,1
1121909,msmarco_passage_29_312836430,what are the instruments in a woodwind quintet,"Woodwind. Woodwind instruments help produce what are the instruments in a woodwind quintet a variety of sounds -- from a high pitched flutter to an extremely low stomp. The woodwind instruments typically used in ballet orchestras include flutes, a piccolo, oboes, an English horn, clarinets in A and B-flat, a bass clarinet in A and B-flat, and bassoons.",3,3,3,3,1
1121909,msmarco_passage_29_317614290,what are the instruments in a woodwind quintet,"Woodwinds. Comstock/Comstock/Getty Images. Often directly behind the string section are the woodwind instruments. These instruments include flutes, piccolos, clarinets and oboes. In a typical orchestra setup, what are the instruments in a woodwind quintet which is arranged in a semicircle, woodwinds are often placed right in the center. As solo instruments, they are often higher-pitched than other types of instruments.",2,2,3,3,1
1121909,msmarco_passage_08_667548896,what are the instruments in a woodwind quintet,"Just as with the stringed instruments, the smaller woodwinds play higher pitches while the longer and larger instruments play the lower notes. The woodwind family of instruments includes, what are the instruments in a woodwind quintet from the highest sounding instruments to the lowest, the piccolo, flute, oboe, English horn, clarinet, E-flat clarinet, bass clarinet, bassoon and contrabassoon.",3,3,3,3,1
1121909,msmarco_passage_21_570995647,what are the instruments in a woodwind quintet,"From Wikipedia, the free encyclopedia. Jump to navigation Jump to search. The Prague Wind Quintet, c. 1931. A wind quintet, also known as a woodwind quintet, is a group of five wind what are the instruments in a woodwind quintet players (most commonly flute, oboe, clarinet, French horn and bassoon ). Some quintets alternatively use an English horn instead of a French horn.",3,3,3,3,3
1121909,msmarco_passage_53_829222290,what are the instruments in a woodwind quintet,"Did You Know? A classical quintet is usually written for strings (usually two violins, two violas, and a cello) what are the instruments in a woodwind quintet or woodwinds (flute, oboe, clarinet, bassoon, and horn), but brass quintets (two trumpets, horn, trombone, and tuba) have also become popular in North America recently. In jazz, Miles Davis led two famous quintets.",2,2,3,3,3
1121909,msmarco_passage_32_618725185,what are the instruments in a woodwind quintet,"10. Woodwinds. Woodwind instruments include saxophones, clarinets, flutes, and what are the instruments in a woodwind quintet oboes. Reed instruments are a subdivision of woodwinds, and they are instruments like saxophones and clarinets that employ a wooden reed in the mouthpiece.",2,2,3,3,1
1121909,msmarco_passage_36_257721712,what are the instruments in a woodwind quintet,"The woodwind family. The woodwind sit in one or two rows (depending on the size of the orchestra) behind the strings. There are five main woodwind instruments: flute, oboe, clarinet, saxophone, and what are the instruments in a woodwind quintet bassoon. Each of these instruments also come in different versions:",2,2,3,2,1
1128632,msmarco_passage_59_209814690,is levothyroxine likely to cause weight loss or weight gain,"If you are going to lose weight when you add Synthroid or levothyroxine it will only be a small amount IF the medication is right for you. What's more is that due to other mechanics in your body, the addition of T4 only medications is levothyroxine likely to cause weight loss or weight gain like Synthroid and levothyroxine can actually lead to weight GAIN.",2,2,2,3,2
1128632,msmarco_passage_35_82242479,is levothyroxine likely to cause weight loss or weight gain,"Weight Loss is is levothyroxine likely to cause weight loss or weight gain a known side effect of Levothyroxine. Disclaimer. #2 in Levothyroxine discussions - 3,458 posts discuss Weight Loss with Levothyroxine. Weight Loss is #2 concern in Levothyroxine discussions. Weight Loss 3,458.",2,2,2,3,2
1128632,msmarco_passage_59_210306861,is levothyroxine likely to cause weight loss or weight gain,"I get this question from many patients in some form and the answer is that yes, it might cause weight loss in some individuals. This is only true if your body has no issues with the conversion process of T4 to T3 and if your problem with levothyroxine was a lack is levothyroxine likely to cause weight loss or weight gain of absorption.",2,2,2,3,1
1128632,msmarco_passage_27_671736649,is levothyroxine likely to cause weight loss or weight gain,"Synthroid (Levothyroxine) is levothyroxine likely to cause weight loss or weight gain & Weight Gain (The Research) There is limited scientific evidence to support weight gain associated with synthroid. Few studies have taken the time to investigate whether synthroid (levothyroxine) administration could cause weight changes, especially when administered over a long-term.",2,2,2,3,2
1128632,msmarco_passage_59_208894633,is levothyroxine likely to cause weight loss or weight gain,"Before we talk about how Levothyroxine and Synthroid can cause weight is levothyroxine likely to cause weight loss or weight gain gain we need to talk about some basic thyroid physiology. Your thyroid, under the influence of TSH (if working properly), pumps out primarily the thyroid hormone T4. What you need to understand is that T4 is an inactive hormone.",1,1,0,2,2
1128632,msmarco_passage_44_269831529,is levothyroxine likely to cause weight loss or weight gain,"Answers is levothyroxine likely to cause weight loss or weight gain (4) Sort by. Oldest Newest Highest Rating Lowest Rating. RA. Rajive Goel 9 Jan 2012. Rather strangle that Levothyroxine has reported as one its side effects an increased appetite, along with weight loss, weight gain was not reprted.",2,2,2,3,2
1128632,msmarco_passage_16_860101278,is levothyroxine likely to cause weight loss or weight gain,"Synthroid 100 mcg — Synthroid (levothyroxine) 100 mg, while weight gain can be a is levothyroxine likely to cause weight loss or weight gain symptom of hypothyroidism, taking levothyroxine does not immediately cause weight loss.. Synthroid increase the dose to 100mg.",2,2,2,3,2
1128632,msmarco_passage_44_272802500,is levothyroxine likely to cause weight loss or weight gain,Taking levothyroxine to treat hypothyroidism can help to normalise metabolism which may lead to weight loss. Levothyroxine contains a boxed warning saying that it should not be used for the treatment of obesity or weight loss. Taking levothyroxine for weight loss when not indicated can is levothyroxine likely to cause weight loss or weight gain cause overdose symptoms.,2,2,2,3,2
1128632,msmarco_passage_48_63853264,is levothyroxine likely to cause weight loss or weight gain,"Risk factors: Taking other medications for weight loss. Synthroid (levothyroxine) shouldn't be used for weight loss. It’s not recommended, safe, or effective for this use. Taking high doses of Synthroid (levothyroxine) can cause serious or fatal effects especially if used with other is levothyroxine likely to cause weight loss or weight gain medications for weight loss.",2,2,2,3,2
1128632,msmarco_passage_48_65404793,is levothyroxine likely to cause weight loss or weight gain,"Risk factors: Taking other medications for weight loss. Synthroid (levothyroxine) shouldn't be used for weight loss. It’s not is levothyroxine likely to cause weight loss or weight gain recommended, safe, or effective for this use. Taking high doses of Synthroid (levothyroxine) can cause serious or fatal effects especially if used with other medications for weight loss.",2,2,2,3,2
1128632,msmarco_passage_48_65415033,is levothyroxine likely to cause weight loss or weight gain,"Risk factors: Taking other medications for weight loss. Synthroid (levothyroxine) shouldn't be used for weight loss. It’s not recommended, safe, or effective for this is levothyroxine likely to cause weight loss or weight gain use. Taking high doses of Synthroid (levothyroxine) can cause serious or fatal effects especially if used with other medications for weight loss.",2,3,3,3,2
1128632,msmarco_passage_48_69765488,is levothyroxine likely to cause weight loss or weight gain,"Risk factors: Taking other medications for weight loss. Synthroid (levothyroxine) shouldn't be used for weight loss. It’s not recommended, safe, or effective for this is levothyroxine likely to cause weight loss or weight gain use. Taking high doses of Synthroid (levothyroxine) can cause serious or fatal effects especially if used with other medications for weight loss.",2,3,3,3,2
1128632,msmarco_passage_51_133660371,is levothyroxine likely to cause weight loss or weight gain,"Risk factors: Taking other medications for weight loss. Synthroid (levothyroxine) shouldn't be used for weight loss. It’s not recommended, safe, or effective for this use. Taking high doses of Synthroid (levothyroxine) can cause serious or fatal effects especially if used with other is levothyroxine likely to cause weight loss or weight gain medications for weight loss.",2,2,2,2,2
1128632,msmarco_passage_51_133669391,is levothyroxine likely to cause weight loss or weight gain,"Risk factors: Taking other medications for weight loss. Synthroid (levothyroxine) shouldn't be used for weight loss. It’s not recommended, safe, or effective for this use. Taking is levothyroxine likely to cause weight loss or weight gain high doses of Synthroid (levothyroxine) can cause serious or fatal effects especially if used with other medications for weight loss.",2,2,2,2,2
1128632,msmarco_passage_59_209817211,is levothyroxine likely to cause weight loss or weight gain,"Because even if you have hypothyroidism it's NOT likely to cause significant weight loss by is levothyroxine likely to cause weight loss or weight gain itself (6), except for certain circumstances. Studies have shown that even taking suppressive doses of LT4 (levothyroxine) to lower the TSH does NOT result in weight loss.",2,2,2,3,2
1128632,msmarco_passage_59_208055204,is levothyroxine likely to cause weight loss or weight gain,All of these were seen simply by changing the dose and without is levothyroxine likely to cause weight loss or weight gain adding in any other therapies! You can read this blog post for much more info on this conversion process and how it leads to weight gain. You can also read this post for more info on why levothyroxine﻿﻿ doesn't cause weight loss in many patients. Cytomel (or other T3 medications) on the other hand do increase thyroid hormone in the body and thus can help boost metabolism and lead to weight loss.,2,2,2,2,2
1128632,msmarco_passage_35_708981366,is levothyroxine likely to cause weight loss or weight gain,"Weight is levothyroxine likely to cause weight loss or weight gain Loss and Other Benefits of Eating Mangoes. Mangoes facilitate weight loss. Mangoes enable weight loss because:: They contain phytochemicals that inhibit fat cells from expanding their walls, which discourages weight gain and rebound weight gain after weight loss. Mangoes contain malic acid and tartaric acid, which are two elements that keep the body alkaline and less likely to suffer from weight gain caused by insulin resistance and immune conditions like rheumatoid arthritis.",0,0,0,0,0
